id,name,zip,phone_prefix,istat_code,cadaster_code,web_site,state_id/id,country_id/id,nuts
2,Agliè,10011,0124,001001,A074,http://www.comuni-italiani.it/001/001/,base.state_it_to,base.it,4
3,Airasca,10060,011,001002,A109,http://www.comuni-italiani.it/001/002/,base.state_it_to,base.it,4
4,Ala di Stura,10070,0123,001003,A117,http://www.comuni-italiani.it/001/003/,base.state_it_to,base.it,4
5,Albiano d'Ivrea,10010,0125,001004,A157,http://www.comuni-italiani.it/001/004/,base.state_it_to,base.it,4
6,Alice Superiore,10010,0125,001005,A199,http://www.comuni-italiani.it/001/005/,base.state_it_to,base.it,4
7,Almese,10040,011,001006,A218,http://www.comuni-italiani.it/001/006/,base.state_it_to,base.it,4
8,Alpette,10080,0124,001007,A221,http://www.comuni-italiani.it/001/007/,base.state_it_to,base.it,4
9,Alpignano,10091,011,001008,A222,http://www.comuni-italiani.it/001/008/,base.state_it_to,base.it,4
10,Andezeno,10020,011,001009,A275,http://www.comuni-italiani.it/001/009/,base.state_it_to,base.it,4
11,Andrate,10010,0125,001010,A282,http://www.comuni-italiani.it/001/010/,base.state_it_to,base.it,4
12,Angrogna,10060,0121,001011,A295,http://www.comuni-italiani.it/001/011/,base.state_it_to,base.it,4
13,Arignano,10020,011,001012,A405,http://www.comuni-italiani.it/001/012/,base.state_it_to,base.it,4
14,Avigliana,10051,011,001013,A518,http://www.comuni-italiani.it/001/013/,base.state_it_to,base.it,4
15,Azeglio,10010,0125,001014,A525,http://www.comuni-italiani.it/001/014/,base.state_it_to,base.it,4
16,Bairo,10010,0124,001015,A584,http://www.comuni-italiani.it/001/015/,base.state_it_to,base.it,4
17,Balangero,10070,0123,001016,A587,http://www.comuni-italiani.it/001/016/,base.state_it_to,base.it,4
18,Baldissero Canavese,10080,0124,001017,A590,http://www.comuni-italiani.it/001/017/,base.state_it_to,base.it,4
19,Baldissero Torinese,10020,011,001018,A591,http://www.comuni-italiani.it/001/018/,base.state_it_to,base.it,4
20,Balme,10070,0123,001019,A599,http://www.comuni-italiani.it/001/019/,base.state_it_to,base.it,4
21,Banchette,10010,0125,001020,A607,http://www.comuni-italiani.it/001/020/,base.state_it_to,base.it,4
22,Barbania,10070,011,001021,A625,http://www.comuni-italiani.it/001/021/,base.state_it_to,base.it,4
23,Bardonecchia,10052,0122,001022,A651,http://www.comuni-italiani.it/001/022/,base.state_it_to,base.it,4
24,Barone Canavese,10010,011,001023,A673,http://www.comuni-italiani.it/001/023/,base.state_it_to,base.it,4
25,Beinasco,10092,011,001024,A734,http://www.comuni-italiani.it/001/024/,base.state_it_to,base.it,4
26,Bibiana,10060,0121,001025,A853,http://www.comuni-italiani.it/001/025/,base.state_it_to,base.it,4
27,Bobbio Pellice,10060,0121,001026,A910,http://www.comuni-italiani.it/001/026/,base.state_it_to,base.it,4
28,Bollengo,10012,0125,001027,A941,http://www.comuni-italiani.it/001/027/,base.state_it_to,base.it,4
29,Borgaro Torinese,10071,011,001028,A990,http://www.comuni-italiani.it/001/028/,base.state_it_to,base.it,4
30,Borgiallo,10080,0124,001029,B003,http://www.comuni-italiani.it/001/029/,base.state_it_to,base.it,4
31,Borgofranco d'Ivrea,10013,0125,001030,B015,http://www.comuni-italiani.it/001/030/,base.state_it_to,base.it,4
32,Borgomasino,10031,0125,001031,B021,http://www.comuni-italiani.it/001/031/,base.state_it_to,base.it,4
33,Borgone Susa,10050,011,001032,B024,http://www.comuni-italiani.it/001/032/,base.state_it_to,base.it,4
34,Bosconero,10080,011,001033,B075,http://www.comuni-italiani.it/001/033/,base.state_it_to,base.it,4
35,Brandizzo,10032,011,001034,B121,http://www.comuni-italiani.it/001/034/,base.state_it_to,base.it,4
36,Bricherasio,10060,0121,001035,B171,http://www.comuni-italiani.it/001/035/,base.state_it_to,base.it,4
37,Brosso,10080,0125,001036,B205,http://www.comuni-italiani.it/001/036/,base.state_it_to,base.it,4
38,Brozolo,10020,011,001037,B209,http://www.comuni-italiani.it/001/037/,base.state_it_to,base.it,4
39,Bruino,10090,011,001038,B216,http://www.comuni-italiani.it/001/038/,base.state_it_to,base.it,4
40,Brusasco,10020,011,001039,B225,http://www.comuni-italiani.it/001/039/,base.state_it_to,base.it,4
41,Bruzolo,10050,011,001040,B232,http://www.comuni-italiani.it/001/040/,base.state_it_to,base.it,4
42,Buriasco,10060,0121,001041,B278,http://www.comuni-italiani.it/001/041/,base.state_it_to,base.it,4
43,Burolo,10010,0125,001042,B279,http://www.comuni-italiani.it/001/042/,base.state_it_to,base.it,4
44,Busano,10080,0124,001043,B284,http://www.comuni-italiani.it/001/043/,base.state_it_to,base.it,4
45,Bussoleno,10053,0122,001044,B297,http://www.comuni-italiani.it/001/044/,base.state_it_to,base.it,4
46,Buttigliera Alta,10090,011,001045,B305,http://www.comuni-italiani.it/001/045/,base.state_it_to,base.it,4
47,Cafasse,10070,0123,001046,B350,http://www.comuni-italiani.it/001/046/,base.state_it_to,base.it,4
48,Caluso,10014,011,001047,B435,http://www.comuni-italiani.it/001/047/,base.state_it_to,base.it,4
49,Cambiano,10020,011,001048,B462,http://www.comuni-italiani.it/001/048/,base.state_it_to,base.it,4
50,Campiglione-Fenile,10060,0121,001049,B512,http://www.comuni-italiani.it/001/049/,base.state_it_to,base.it,4
51,Candia Canavese,10010,011,001050,B588,http://www.comuni-italiani.it/001/050/,base.state_it_to,base.it,4
52,Candiolo,10060,011,001051,B592,http://www.comuni-italiani.it/001/051/,base.state_it_to,base.it,4
53,Canischio,10080,0124,001052,B605,http://www.comuni-italiani.it/001/052/,base.state_it_to,base.it,4
54,Cantalupa,10060,0121,001053,B628,http://www.comuni-italiani.it/001/053/,base.state_it_to,base.it,4
55,Cantoira,10070,0123,001054,B637,http://www.comuni-italiani.it/001/054/,base.state_it_to,base.it,4
56,Caprie,10040,011,001055,B705,http://www.comuni-italiani.it/001/055/,base.state_it_to,base.it,4
57,Caravino,10010,0125,001056,B733,http://www.comuni-italiani.it/001/056/,base.state_it_to,base.it,4
58,Carema,10010,0125,001057,B762,http://www.comuni-italiani.it/001/057/,base.state_it_to,base.it,4
59,Carignano,10041,011,001058,B777,http://www.comuni-italiani.it/001/058/,base.state_it_to,base.it,4
60,Carmagnola,10022,011,001059,B791,http://www.comuni-italiani.it/001/059/,base.state_it_to,base.it,4
61,Casalborgone,10020,011,001060,B867,http://www.comuni-italiani.it/001/060/,base.state_it_to,base.it,4
62,Cascinette d'Ivrea,10010,0125,001061,B953,http://www.comuni-italiani.it/001/061/,base.state_it_to,base.it,4
63,Caselette,10040,011,001062,B955,http://www.comuni-italiani.it/001/062/,base.state_it_to,base.it,4
64,Caselle Torinese,10072,011,001063,B960,http://www.comuni-italiani.it/001/063/,base.state_it_to,base.it,4
65,Castagneto Po,10090,011,001064,C045,http://www.comuni-italiani.it/001/064/,base.state_it_to,base.it,4
66,Castagnole Piemonte,10060,011,001065,C048,http://www.comuni-italiani.it/001/065/,base.state_it_to,base.it,4
67,Castellamonte,10081,0124,001066,C133,http://www.comuni-italiani.it/001/066/,base.state_it_to,base.it,4
68,Castelnuovo Nigra,10080,0124,001067,C241,http://www.comuni-italiani.it/001/067/,base.state_it_to,base.it,4
69,Castiglione Torinese,10090,011,001068,C307,http://www.comuni-italiani.it/001/068/,base.state_it_to,base.it,4
70,Cavagnolo,10020,011,001069,C369,http://www.comuni-italiani.it/001/069/,base.state_it_to,base.it,4
71,Cavour,10061,0121,001070,C404,http://www.comuni-italiani.it/001/070/,base.state_it_to,base.it,4
72,Cercenasco,10060,011,001071,C487,http://www.comuni-italiani.it/001/071/,base.state_it_to,base.it,4
73,Ceres,10070,0123,001072,C497,http://www.comuni-italiani.it/001/072/,base.state_it_to,base.it,4
74,Ceresole Reale,10080,0124,001073,C505,http://www.comuni-italiani.it/001/073/,base.state_it_to,base.it,4
75,Cesana Torinese,10054,0122,001074,C564,http://www.comuni-italiani.it/001/074/,base.state_it_to,base.it,4
76,Chialamberto,10070,0123,001075,C604,http://www.comuni-italiani.it/001/075/,base.state_it_to,base.it,4
77,Chianocco,10050,0122,001076,C610,http://www.comuni-italiani.it/001/076/,base.state_it_to,base.it,4
78,Chiaverano,10010,0125,001077,C624,http://www.comuni-italiani.it/001/077/,base.state_it_to,base.it,4
79,Chieri,10023,011,001078,C627,http://www.comuni-italiani.it/001/078/,base.state_it_to,base.it,4
80,Chiesanuova,10080,0124,001079,C629,http://www.comuni-italiani.it/001/079/,base.state_it_to,base.it,4
81,Chiomonte,10050,0122,001080,C639,http://www.comuni-italiani.it/001/080/,base.state_it_to,base.it,4
82,Chiusa di San Michele,10050,011,001081,C655,http://www.comuni-italiani.it/001/081/,base.state_it_to,base.it,4
83,Chivasso,10034,011,001082,C665,http://www.comuni-italiani.it/001/082/,base.state_it_to,base.it,4
84,Ciconio,10080,0124,001083,C679,http://www.comuni-italiani.it/001/083/,base.state_it_to,base.it,4
85,Cintano,10080,0124,001084,C711,http://www.comuni-italiani.it/001/084/,base.state_it_to,base.it,4
86,Cinzano,10090,011,001085,C715,http://www.comuni-italiani.it/001/085/,base.state_it_to,base.it,4
87,Ciriè,10073,011,001086,C722,http://www.comuni-italiani.it/001/086/,base.state_it_to,base.it,4
88,Claviere,10050,0122,001087,C793,http://www.comuni-italiani.it/001/087/,base.state_it_to,base.it,4
89,Coassolo Torinese,10070,0123,001088,C801,http://www.comuni-italiani.it/001/088/,base.state_it_to,base.it,4
90,Coazze,10050,011,001089,C803,http://www.comuni-italiani.it/001/089/,base.state_it_to,base.it,4
91,Collegno,10093,011,001090,C860,http://www.comuni-italiani.it/001/090/,base.state_it_to,base.it,4
92,Colleretto Castelnuovo,10080,0124,001091,C867,http://www.comuni-italiani.it/001/091/,base.state_it_to,base.it,4
93,Colleretto Giacosa,10010,0125,001092,C868,http://www.comuni-italiani.it/001/092/,base.state_it_to,base.it,4
94,Condove,10055,011,001093,C955,http://www.comuni-italiani.it/001/093/,base.state_it_to,base.it,4
95,Corio,10070,011,001094,D008,http://www.comuni-italiani.it/001/094/,base.state_it_to,base.it,4
96,Cossano Canavese,10010,0125,001095,D092,http://www.comuni-italiani.it/001/095/,base.state_it_to,base.it,4
97,Cuceglio,10090,0124,001096,D197,http://www.comuni-italiani.it/001/096/,base.state_it_to,base.it,4
98,Cumiana,10040,011,001097,D202,http://www.comuni-italiani.it/001/097/,base.state_it_to,base.it,4
99,Cuorgnè,10082,0124,001098,D208,http://www.comuni-italiani.it/001/098/,base.state_it_to,base.it,4
100,Druento,10040,011,001099,D373,http://www.comuni-italiani.it/001/099/,base.state_it_to,base.it,4
101,Exilles,10050,0122,001100,D433,http://www.comuni-italiani.it/001/100/,base.state_it_to,base.it,4
102,Favria,10083,0124,001101,D520,http://www.comuni-italiani.it/001/101/,base.state_it_to,base.it,4
103,Feletto,10080,0124,001102,D524,http://www.comuni-italiani.it/001/102/,base.state_it_to,base.it,4
104,Fenestrelle,10060,0121,001103,D532,http://www.comuni-italiani.it/001/103/,base.state_it_to,base.it,4
105,Fiano,10070,011,001104,D562,http://www.comuni-italiani.it/001/104/,base.state_it_to,base.it,4
106,Fiorano Canavese,10010,0125,001105,D608,http://www.comuni-italiani.it/001/105/,base.state_it_to,base.it,4
107,Foglizzo,10090,011,001106,D646,http://www.comuni-italiani.it/001/106/,base.state_it_to,base.it,4
108,Forno Canavese,10084,0124,001107,D725,http://www.comuni-italiani.it/001/107/,base.state_it_to,base.it,4
109,Frassinetto,10080,0124,001108,D781,http://www.comuni-italiani.it/001/108/,base.state_it_to,base.it,4
110,Front,10070,011,001109,D805,http://www.comuni-italiani.it/001/109/,base.state_it_to,base.it,4
111,Frossasco,10060,0121,001110,D812,http://www.comuni-italiani.it/001/110/,base.state_it_to,base.it,4
112,Garzigliana,10060,0121,001111,D931,http://www.comuni-italiani.it/001/111/,base.state_it_to,base.it,4
113,Gassino Torinese,10090,011,001112,D933,http://www.comuni-italiani.it/001/112/,base.state_it_to,base.it,4
114,Germagnano,10070,0123,001113,D983,http://www.comuni-italiani.it/001/113/,base.state_it_to,base.it,4
115,Giaglione,10050,0122,001114,E009,http://www.comuni-italiani.it/001/114/,base.state_it_to,base.it,4
116,Giaveno,10094,011,001115,E020,http://www.comuni-italiani.it/001/115/,base.state_it_to,base.it,4
117,Givoletto,10040,011,001116,E067,http://www.comuni-italiani.it/001/116/,base.state_it_to,base.it,4
118,Gravere,10050,0122,001117,E154,http://www.comuni-italiani.it/001/117/,base.state_it_to,base.it,4
119,Groscavallo,10070,0123,001118,E199,http://www.comuni-italiani.it/001/118/,base.state_it_to,base.it,4
120,Grosso,10070,011,001119,E203,http://www.comuni-italiani.it/001/119/,base.state_it_to,base.it,4
121,Grugliasco,10095,011,001120,E216,http://www.comuni-italiani.it/001/120/,base.state_it_to,base.it,4
122,Ingria,10080,0124,001121,E301,http://www.comuni-italiani.it/001/121/,base.state_it_to,base.it,4
123,Inverso Pinasca,10060,0121,001122,E311,http://www.comuni-italiani.it/001/122/,base.state_it_to,base.it,4
124,Isolabella,10046,011,001123,E345,http://www.comuni-italiani.it/001/123/,base.state_it_to,base.it,4
125,Issiglio,10080,0125,001124,E368,http://www.comuni-italiani.it/001/124/,base.state_it_to,base.it,4
126,Ivrea,10015,0125,001125,E379,http://www.comuni-italiani.it/001/125/,base.state_it_to,base.it,4
127,La Cassa,10040,011,001126,E394,http://www.comuni-italiani.it/001/126/,base.state_it_to,base.it,4
128,La Loggia,10040,011,001127,E423,http://www.comuni-italiani.it/001/127/,base.state_it_to,base.it,4
129,Lanzo Torinese,10074,0123,001128,E445,http://www.comuni-italiani.it/001/128/,base.state_it_to,base.it,4
130,Lauriano,10020,011,001129,E484,http://www.comuni-italiani.it/001/129/,base.state_it_to,base.it,4
131,Leini,10040,011,001130,E518,http://www.comuni-italiani.it/001/130/,base.state_it_to,base.it,4
132,Lemie,10070,0123,001131,E520,http://www.comuni-italiani.it/001/131/,base.state_it_to,base.it,4
133,Lessolo,10010,0125,001132,E551,http://www.comuni-italiani.it/001/132/,base.state_it_to,base.it,4
134,Levone,10070,0124,001133,E566,http://www.comuni-italiani.it/001/133/,base.state_it_to,base.it,4
135,Locana,10080,0124,001134,E635,http://www.comuni-italiani.it/001/134/,base.state_it_to,base.it,4
136,Lombardore,10040,011,001135,E660,http://www.comuni-italiani.it/001/135/,base.state_it_to,base.it,4
137,Lombriasco,10040,011,001136,E661,http://www.comuni-italiani.it/001/136/,base.state_it_to,base.it,4
138,Loranzè,10010,0125,001137,E683,http://www.comuni-italiani.it/001/137/,base.state_it_to,base.it,4
139,Lugnacco,10080,0125,001138,E727,http://www.comuni-italiani.it/001/138/,base.state_it_to,base.it,4
140,Luserna San Giovanni,10062,0121,001139,E758,http://www.comuni-italiani.it/001/139/,base.state_it_to,base.it,4
141,Lusernetta,10060,0121,001140,E759,http://www.comuni-italiani.it/001/140/,base.state_it_to,base.it,4
142,Lusigliè,10080,0124,001141,E763,http://www.comuni-italiani.it/001/141/,base.state_it_to,base.it,4
143,Macello,10060,0121,001142,E782,http://www.comuni-italiani.it/001/142/,base.state_it_to,base.it,4
144,Maglione,10030,0161,001143,E817,http://www.comuni-italiani.it/001/143/,base.state_it_to,base.it,4
145,Marentino,10020,011,001144,E941,http://www.comuni-italiani.it/001/144/,base.state_it_to,base.it,4
146,Massello,10060,0121,001145,F041,http://www.comuni-italiani.it/001/145/,base.state_it_to,base.it,4
147,Mathi,10075,011,001146,F053,http://www.comuni-italiani.it/001/146/,base.state_it_to,base.it,4
148,Mattie,10050,0122,001147,F058,http://www.comuni-italiani.it/001/147/,base.state_it_to,base.it,4
149,Mazzè,10035,011,001148,F067,http://www.comuni-italiani.it/001/148/,base.state_it_to,base.it,4
150,Meana di Susa,10050,0122,001149,F074,http://www.comuni-italiani.it/001/149/,base.state_it_to,base.it,4
151,Mercenasco,10010,0125,001150,F140,http://www.comuni-italiani.it/001/150/,base.state_it_to,base.it,4
152,Meugliano,10080,0125,001151,F164,http://www.comuni-italiani.it/001/151/,base.state_it_to,base.it,4
153,Mezzenile,10070,0123,001152,F182,http://www.comuni-italiani.it/001/152/,base.state_it_to,base.it,4
154,Mombello di Torino,10020,011,001153,F315,http://www.comuni-italiani.it/001/153/,base.state_it_to,base.it,4
155,Mompantero,10059,0122,001154,F318,http://www.comuni-italiani.it/001/154/,base.state_it_to,base.it,4
156,Monastero di Lanzo,10070,0123,001155,F327,http://www.comuni-italiani.it/001/155/,base.state_it_to,base.it,4
157,Moncalieri,10024,011,001156,F335,http://www.comuni-italiani.it/001/156/,base.state_it_to,base.it,4
158,Moncenisio,10050,0122,001157,D553,http://www.comuni-italiani.it/001/157/,base.state_it_to,base.it,4
159,Montaldo Torinese,10020,011,001158,F407,http://www.comuni-italiani.it/001/158/,base.state_it_to,base.it,4
160,Montalenghe,10090,011,001159,F411,http://www.comuni-italiani.it/001/159/,base.state_it_to,base.it,4
161,Montalto Dora,10016,0125,001160,F420,http://www.comuni-italiani.it/001/160/,base.state_it_to,base.it,4
162,Montanaro,10017,011,001161,F422,http://www.comuni-italiani.it/001/161/,base.state_it_to,base.it,4
163,Monteu da Po,10020,011,001162,F651,http://www.comuni-italiani.it/001/162/,base.state_it_to,base.it,4
164,Moriondo Torinese,10020,011,001163,F733,http://www.comuni-italiani.it/001/163/,base.state_it_to,base.it,4
165,Nichelino,10042,011,001164,F889,http://www.comuni-italiani.it/001/164/,base.state_it_to,base.it,4
166,Noasca,10080,0124,001165,F906,http://www.comuni-italiani.it/001/165/,base.state_it_to,base.it,4
167,Nole,10076,011,001166,F925,http://www.comuni-italiani.it/001/166/,base.state_it_to,base.it,4
168,Nomaglio,10010,0125,001167,F927,http://www.comuni-italiani.it/001/167/,base.state_it_to,base.it,4
169,None,10060,011,001168,F931,http://www.comuni-italiani.it/001/168/,base.state_it_to,base.it,4
170,Novalesa,10050,0122,001169,F948,http://www.comuni-italiani.it/001/169/,base.state_it_to,base.it,4
171,Oglianico,10080,0124,001170,G010,http://www.comuni-italiani.it/001/170/,base.state_it_to,base.it,4
172,Orbassano,10043,011,001171,G087,http://www.comuni-italiani.it/001/171/,base.state_it_to,base.it,4
173,Orio Canavese,10010,011,001172,G109,http://www.comuni-italiani.it/001/172/,base.state_it_to,base.it,4
174,Osasco,10060,0121,001173,G151,http://www.comuni-italiani.it/001/173/,base.state_it_to,base.it,4
175,Osasio,10040,011,001174,G152,http://www.comuni-italiani.it/001/174/,base.state_it_to,base.it,4
176,Oulx,10056,0122,001175,G196,http://www.comuni-italiani.it/001/175/,base.state_it_to,base.it,4
177,Ozegna,10080,0124,001176,G202,http://www.comuni-italiani.it/001/176/,base.state_it_to,base.it,4
178,Palazzo Canavese,10010,0125,001177,G262,http://www.comuni-italiani.it/001/177/,base.state_it_to,base.it,4
179,Pancalieri,10060,011,001178,G303,http://www.comuni-italiani.it/001/178/,base.state_it_to,base.it,4
180,Parella,10010,0125,001179,G330,http://www.comuni-italiani.it/001/179/,base.state_it_to,base.it,4
181,Pavarolo,10020,011,001180,G387,http://www.comuni-italiani.it/001/180/,base.state_it_to,base.it,4
182,Pavone Canavese,10018,0125,001181,G392,http://www.comuni-italiani.it/001/181/,base.state_it_to,base.it,4
183,Pecco,10080,0125,001182,G396,http://www.comuni-italiani.it/001/182/,base.state_it_to,base.it,4
184,Pecetto Torinese,10020,011,001183,G398,http://www.comuni-italiani.it/001/183/,base.state_it_to,base.it,4
185,Perosa Argentina,10063,0121,001184,G463,http://www.comuni-italiani.it/001/184/,base.state_it_to,base.it,4
186,Perosa Canavese,10010,0125,001185,G462,http://www.comuni-italiani.it/001/185/,base.state_it_to,base.it,4
187,Perrero,10060,0121,001186,G465,http://www.comuni-italiani.it/001/186/,base.state_it_to,base.it,4
188,Pertusio,10080,0124,001187,G477,http://www.comuni-italiani.it/001/187/,base.state_it_to,base.it,4
189,Pessinetto,10070,0123,001188,G505,http://www.comuni-italiani.it/001/188/,base.state_it_to,base.it,4
190,Pianezza,10044,011,001189,G559,http://www.comuni-italiani.it/001/189/,base.state_it_to,base.it,4
191,Pinasca,10060,0121,001190,G672,http://www.comuni-italiani.it/001/190/,base.state_it_to,base.it,4
192,Pinerolo,10064,0121,001191,G674,http://www.comuni-italiani.it/001/191/,base.state_it_to,base.it,4
193,Pino Torinese,10025,011,001192,G678,http://www.comuni-italiani.it/001/192/,base.state_it_to,base.it,4
194,Piobesi Torinese,10040,011,001193,G684,http://www.comuni-italiani.it/001/193/,base.state_it_to,base.it,4
195,Piossasco,10045,011,001194,G691,http://www.comuni-italiani.it/001/194/,base.state_it_to,base.it,4
196,Piscina,10060,0121,001195,G705,http://www.comuni-italiani.it/001/195/,base.state_it_to,base.it,4
197,Piverone,10010,0125,001196,G719,http://www.comuni-italiani.it/001/196/,base.state_it_to,base.it,4
198,Poirino,10046,011,001197,G777,http://www.comuni-italiani.it/001/197/,base.state_it_to,base.it,4
199,Pomaretto,10063,0121,001198,G805,http://www.comuni-italiani.it/001/198/,base.state_it_to,base.it,4
200,Pont-Canavese,10085,0124,001199,G826,http://www.comuni-italiani.it/001/199/,base.state_it_to,base.it,4
201,Porte,10060,0121,001200,G900,http://www.comuni-italiani.it/001/200/,base.state_it_to,base.it,4
202,Pragelato,10060,0122,001201,G973,http://www.comuni-italiani.it/001/201/,base.state_it_to,base.it,4
203,Prali,10060,0121,001202,G978,http://www.comuni-italiani.it/001/202/,base.state_it_to,base.it,4
204,Pralormo,10040,011,001203,G979,http://www.comuni-italiani.it/001/203/,base.state_it_to,base.it,4
205,Pramollo,10065,0121,001204,G982,http://www.comuni-italiani.it/001/204/,base.state_it_to,base.it,4
206,Prarostino,10060,0121,001205,G986,http://www.comuni-italiani.it/001/205/,base.state_it_to,base.it,4
207,Prascorsano,10080,0124,001206,G988,http://www.comuni-italiani.it/001/206/,base.state_it_to,base.it,4
208,Pratiglione,10080,0124,001207,G997,http://www.comuni-italiani.it/001/207/,base.state_it_to,base.it,4
209,Quagliuzzo,10010,0125,001208,H100,http://www.comuni-italiani.it/001/208/,base.state_it_to,base.it,4
210,Quassolo,10010,0125,001209,H120,http://www.comuni-italiani.it/001/209/,base.state_it_to,base.it,4
211,Quincinetto,10010,0125,001210,H127,http://www.comuni-italiani.it/001/210/,base.state_it_to,base.it,4
212,Reano,10090,011,001211,H207,http://www.comuni-italiani.it/001/211/,base.state_it_to,base.it,4
213,Ribordone,10080,0124,001212,H270,http://www.comuni-italiani.it/001/212/,base.state_it_to,base.it,4
214,Rivalba,10090,011,001213,H333,http://www.comuni-italiani.it/001/213/,base.state_it_to,base.it,4
215,Rivalta di Torino,10040,011,001214,H335,http://www.comuni-italiani.it/001/214/,base.state_it_to,base.it,4
216,Riva presso Chieri,10020,011,001215,H337,http://www.comuni-italiani.it/001/215/,base.state_it_to,base.it,4
217,Rivara,10080,0124,001216,H338,http://www.comuni-italiani.it/001/216/,base.state_it_to,base.it,4
218,Rivarolo Canavese,10086,0124,001217,H340,http://www.comuni-italiani.it/001/217/,base.state_it_to,base.it,4
219,Rivarossa,10040,011,001218,H344,http://www.comuni-italiani.it/001/218/,base.state_it_to,base.it,4
220,Rivoli,10098,011,001219,H355,http://www.comuni-italiani.it/001/219/,base.state_it_to,base.it,4
221,Robassomero,10070,011,001220,H367,http://www.comuni-italiani.it/001/220/,base.state_it_to,base.it,4
222,Rocca Canavese,10070,011,001221,H386,http://www.comuni-italiani.it/001/221/,base.state_it_to,base.it,4
223,Roletto,10060,0121,001222,H498,http://www.comuni-italiani.it/001/222/,base.state_it_to,base.it,4
224,Romano Canavese,10090,0125,001223,H511,http://www.comuni-italiani.it/001/223/,base.state_it_to,base.it,4
225,Ronco Canavese,10080,0124,001224,H539,http://www.comuni-italiani.it/001/224/,base.state_it_to,base.it,4
226,Rondissone,10030,011,001225,H547,http://www.comuni-italiani.it/001/225/,base.state_it_to,base.it,4
227,Rorà,10060,0121,001226,H554,http://www.comuni-italiani.it/001/226/,base.state_it_to,base.it,4
228,Roure,10060,0121,001227,H555,http://www.comuni-italiani.it/001/227/,base.state_it_to,base.it,4
229,Rosta,10090,011,001228,H583,http://www.comuni-italiani.it/001/228/,base.state_it_to,base.it,4
230,Rubiana,10040,011,001229,H627,http://www.comuni-italiani.it/001/229/,base.state_it_to,base.it,4
231,Rueglio,10010,0125,001230,H631,http://www.comuni-italiani.it/001/230/,base.state_it_to,base.it,4
232,Salassa,10080,0124,001231,H691,http://www.comuni-italiani.it/001/231/,base.state_it_to,base.it,4
233,Salbertrand,10050,0122,001232,H684,http://www.comuni-italiani.it/001/232/,base.state_it_to,base.it,4
234,Salerano Canavese,10010,0125,001233,H702,http://www.comuni-italiani.it/001/233/,base.state_it_to,base.it,4
235,Salza di Pinerolo,10060,0121,001234,H734,http://www.comuni-italiani.it/001/234/,base.state_it_to,base.it,4
236,Samone,10010,0125,001235,H753,http://www.comuni-italiani.it/001/235/,base.state_it_to,base.it,4
237,San Benigno Canavese,10080,011,001236,H775,http://www.comuni-italiani.it/001/236/,base.state_it_to,base.it,4
238,San Carlo Canavese,10070,011,001237,H789,http://www.comuni-italiani.it/001/237/,base.state_it_to,base.it,4
239,San Colombano Belmonte,10080,0124,001238,H804,http://www.comuni-italiani.it/001/238/,base.state_it_to,base.it,4
240,San Didero,10050,011,001239,H820,http://www.comuni-italiani.it/001/239/,base.state_it_to,base.it,4
241,San Francesco al Campo,10070,011,001240,H847,http://www.comuni-italiani.it/001/240/,base.state_it_to,base.it,4
242,Sangano,10090,011,001241,H855,http://www.comuni-italiani.it/001/241/,base.state_it_to,base.it,4
243,San Germano Chisone,10065,0121,001242,H862,http://www.comuni-italiani.it/001/242/,base.state_it_to,base.it,4
244,San Gillio,10040,011,001243,H873,http://www.comuni-italiani.it/001/243/,base.state_it_to,base.it,4
245,San Giorgio Canavese,10090,0124,001244,H890,http://www.comuni-italiani.it/001/244/,base.state_it_to,base.it,4
246,San Giorio di Susa,10050,0122,001245,H900,http://www.comuni-italiani.it/001/245/,base.state_it_to,base.it,4
247,San Giusto Canavese,10090,0124,001246,H936,http://www.comuni-italiani.it/001/246/,base.state_it_to,base.it,4
248,San Martino Canavese,10010,0125,001247,H997,http://www.comuni-italiani.it/001/247/,base.state_it_to,base.it,4
249,San Maurizio Canavese,10077,011,001248,I024,http://www.comuni-italiani.it/001/248/,base.state_it_to,base.it,4
250,San Mauro Torinese,10099,011,001249,I030,http://www.comuni-italiani.it/001/249/,base.state_it_to,base.it,4
251,San Pietro Val Lemina,10060,0121,001250,I090,http://www.comuni-italiani.it/001/250/,base.state_it_to,base.it,4
252,San Ponso,10080,0124,001251,I126,http://www.comuni-italiani.it/001/251/,base.state_it_to,base.it,4
253,San Raffaele Cimena,10090,011,001252,I137,http://www.comuni-italiani.it/001/252/,base.state_it_to,base.it,4
254,San Sebastiano da Po,10020,011,001253,I152,http://www.comuni-italiani.it/001/253/,base.state_it_to,base.it,4
255,San Secondo di Pinerolo,10060,0121,001254,I154,http://www.comuni-italiani.it/001/254/,base.state_it_to,base.it,4
256,Sant'Ambrogio di Torino,10057,011,001255,I258,http://www.comuni-italiani.it/001/255/,base.state_it_to,base.it,4
257,Sant'Antonino di Susa,10050,011,001256,I296,http://www.comuni-italiani.it/001/256/,base.state_it_to,base.it,4
258,Santena,10026,011,001257,I327,http://www.comuni-italiani.it/001/257/,base.state_it_to,base.it,4
259,Sauze di Cesana,10054,0122,001258,I465,http://www.comuni-italiani.it/001/258/,base.state_it_to,base.it,4
260,Sauze d'Oulx,10050,0122,001259,I466,http://www.comuni-italiani.it/001/259/,base.state_it_to,base.it,4
261,Scalenghe,10060,011,001260,I490,http://www.comuni-italiani.it/001/260/,base.state_it_to,base.it,4
262,Scarmagno,10010,0125,001261,I511,http://www.comuni-italiani.it/001/261/,base.state_it_to,base.it,4
263,Sciolze,10090,011,001262,I539,http://www.comuni-italiani.it/001/262/,base.state_it_to,base.it,4
264,Sestriere,10058,0122,001263,I692,http://www.comuni-italiani.it/001/263/,base.state_it_to,base.it,4
265,Settimo Rottaro,10010,0125,001264,I701,http://www.comuni-italiani.it/001/264/,base.state_it_to,base.it,4
266,Settimo Torinese,10036,011,001265,I703,http://www.comuni-italiani.it/001/265/,base.state_it_to,base.it,4
267,Settimo Vittone,10010,0125,001266,I702,http://www.comuni-italiani.it/001/266/,base.state_it_to,base.it,4
268,Sparone,10080,0124,001267,I886,http://www.comuni-italiani.it/001/267/,base.state_it_to,base.it,4
269,Strambinello,10010,0125,001268,I969,http://www.comuni-italiani.it/001/268/,base.state_it_to,base.it,4
270,Strambino,10019,0125,001269,I970,http://www.comuni-italiani.it/001/269/,base.state_it_to,base.it,4
271,Susa,10059,0122,001270,L013,http://www.comuni-italiani.it/001/270/,base.state_it_to,base.it,4
272,Tavagnasco,10010,0125,001271,L066,http://www.comuni-italiani.it/001/271/,base.state_it_to,base.it,4
273,Torino,101%%,011,001272,L219,http://www.comuni-italiani.it/001/272/,base.state_it_to,base.it,4
274,Torrazza Piemonte,10037,011,001273,L238,http://www.comuni-italiani.it/001/273/,base.state_it_to,base.it,4
275,Torre Canavese,10010,0124,001274,L247,http://www.comuni-italiani.it/001/274/,base.state_it_to,base.it,4
276,Torre Pellice,10066,0121,001275,L277,http://www.comuni-italiani.it/001/275/,base.state_it_to,base.it,4
277,Trana,10090,011,001276,L327,http://www.comuni-italiani.it/001/276/,base.state_it_to,base.it,4
278,Trausella,10080,0125,001277,L338,http://www.comuni-italiani.it/001/277/,base.state_it_to,base.it,4
279,Traversella,10080,0125,001278,L345,http://www.comuni-italiani.it/001/278/,base.state_it_to,base.it,4
280,Traves,10070,0123,001279,L340,http://www.comuni-italiani.it/001/279/,base.state_it_to,base.it,4
281,Trofarello,10028,011,001280,L445,http://www.comuni-italiani.it/001/280/,base.state_it_to,base.it,4
282,Usseaux,10060,0121,001281,L515,http://www.comuni-italiani.it/001/281/,base.state_it_to,base.it,4
283,Usseglio,10070,0123,001282,L516,http://www.comuni-italiani.it/001/282/,base.state_it_to,base.it,4
284,Vaie,10050,011,001283,L538,http://www.comuni-italiani.it/001/283/,base.state_it_to,base.it,4
285,Val della Torre,10040,011,001284,L555,http://www.comuni-italiani.it/001/284/,base.state_it_to,base.it,4
286,Valgioie,10094,011,001285,L578,http://www.comuni-italiani.it/001/285/,base.state_it_to,base.it,4
287,Vallo Torinese,10070,011,001286,L629,http://www.comuni-italiani.it/001/286/,base.state_it_to,base.it,4
288,Valperga,10087,0124,001287,L644,http://www.comuni-italiani.it/001/287/,base.state_it_to,base.it,4
289,Valprato Soana,10080,0124,001288,B510,http://www.comuni-italiani.it/001/288/,base.state_it_to,base.it,4
290,Varisella,10070,011,001289,L685,http://www.comuni-italiani.it/001/289/,base.state_it_to,base.it,4
291,Vauda Canavese,10070,011,001290,L698,http://www.comuni-italiani.it/001/290/,base.state_it_to,base.it,4
292,Venaus,10050,0122,001291,L726,http://www.comuni-italiani.it/001/291/,base.state_it_to,base.it,4
293,Venaria Reale,10078,011,001292,L727,http://www.comuni-italiani.it/001/292/,base.state_it_to,base.it,4
294,Verolengo,10038,011,001293,L779,http://www.comuni-italiani.it/001/293/,base.state_it_to,base.it,4
295,Verrua Savoia,10020,0161,001294,L787,http://www.comuni-italiani.it/001/294/,base.state_it_to,base.it,4
296,Vestignè,10030,0125,001295,L811,http://www.comuni-italiani.it/001/295/,base.state_it_to,base.it,4
297,Vialfrè,10090,0125,001296,L830,http://www.comuni-italiani.it/001/296/,base.state_it_to,base.it,4
298,Vico Canavese,10080,0125,001297,L548,http://www.comuni-italiani.it/001/297/,base.state_it_to,base.it,4
299,Vidracco,10080,0125,001298,L857,http://www.comuni-italiani.it/001/298/,base.state_it_to,base.it,4
300,Vigone,10067,011,001299,L898,http://www.comuni-italiani.it/001/299/,base.state_it_to,base.it,4
301,Villafranca Piemonte,10068,011,001300,L948,http://www.comuni-italiani.it/001/300/,base.state_it_to,base.it,4
302,Villanova Canavese,10070,011,001301,L982,http://www.comuni-italiani.it/001/301/,base.state_it_to,base.it,4
303,Villarbasse,10090,011,001302,M002,http://www.comuni-italiani.it/001/302/,base.state_it_to,base.it,4
304,Villar Dora,10040,011,001303,L999,http://www.comuni-italiani.it/001/303/,base.state_it_to,base.it,4
305,Villareggia,10030,0161,001304,M004,http://www.comuni-italiani.it/001/304/,base.state_it_to,base.it,4
306,Villar Focchiardo,10050,011,001305,M007,http://www.comuni-italiani.it/001/305/,base.state_it_to,base.it,4
307,Villar Pellice,10060,0121,001306,M013,http://www.comuni-italiani.it/001/306/,base.state_it_to,base.it,4
308,Villar Perosa,10069,0121,001307,M014,http://www.comuni-italiani.it/001/307/,base.state_it_to,base.it,4
309,Villastellone,10029,011,001308,M027,http://www.comuni-italiani.it/001/308/,base.state_it_to,base.it,4
310,Vinovo,10048,011,001309,M060,http://www.comuni-italiani.it/001/309/,base.state_it_to,base.it,4
311,Virle Piemonte,10060,011,001310,M069,http://www.comuni-italiani.it/001/310/,base.state_it_to,base.it,4
312,Vische,10030,011,001311,M071,http://www.comuni-italiani.it/001/311/,base.state_it_to,base.it,4
313,Vistrorio,10080,0125,001312,M080,http://www.comuni-italiani.it/001/312/,base.state_it_to,base.it,4
314,Viù,10070,0123,001313,M094,http://www.comuni-italiani.it/001/313/,base.state_it_to,base.it,4
315,Volpiano,10088,011,001314,M122,http://www.comuni-italiani.it/001/314/,base.state_it_to,base.it,4
316,Volvera,10040,011,001315,M133,http://www.comuni-italiani.it/001/315/,base.state_it_to,base.it,4
8105,Mappano Torinese (sospeso da TAR),10072,011,001316,M316,http://www.comuni-italiani.it/001/316/,base.state_it_to,base.it,4
317,Alagna Valsesia,13021,0163,002002,A119,http://www.comuni-italiani.it/002/002/,base.state_it_vc,base.it,4
318,Albano Vercellese,13030,0161,002003,A130,http://www.comuni-italiani.it/002/003/,base.state_it_vc,base.it,4
319,Alice Castello,13040,0161,002004,A198,http://www.comuni-italiani.it/002/004/,base.state_it_vc,base.it,4
320,Arborio,13031,0161,002006,A358,http://www.comuni-italiani.it/002/006/,base.state_it_vc,base.it,4
321,Asigliano Vercellese,13032,0161,002007,A466,http://www.comuni-italiani.it/002/007/,base.state_it_vc,base.it,4
322,Balmuccia,13020,0163,002008,A600,http://www.comuni-italiani.it/002/008/,base.state_it_vc,base.it,4
323,Balocco,13040,0161,002009,A601,http://www.comuni-italiani.it/002/009/,base.state_it_vc,base.it,4
324,Bianzè,13041,0161,002011,A847,http://www.comuni-italiani.it/002/011/,base.state_it_vc,base.it,4
325,Boccioleto,13022,0163,002014,A914,http://www.comuni-italiani.it/002/014/,base.state_it_vc,base.it,4
326,Borgo d'Ale,13040,0161,002015,B009,http://www.comuni-italiani.it/002/015/,base.state_it_vc,base.it,4
327,Borgosesia,13011,0163,002016,B041,http://www.comuni-italiani.it/002/016/,base.state_it_vc,base.it,4
328,Borgo Vercelli,13012,0161,002017,B046,http://www.comuni-italiani.it/002/017/,base.state_it_vc,base.it,4
329,Breia,13020,0163,002019,B136,http://www.comuni-italiani.it/002/019/,base.state_it_vc,base.it,4
330,Buronzo,13040,0161,002021,B280,http://www.comuni-italiani.it/002/021/,base.state_it_vc,base.it,4
331,Campertogno,13023,0163,002025,B505,http://www.comuni-italiani.it/002/025/,base.state_it_vc,base.it,4
332,Carcoforo,13026,0163,002029,B752,http://www.comuni-italiani.it/002/029/,base.state_it_vc,base.it,4
333,Caresana,13010,0161,002030,B767,http://www.comuni-italiani.it/002/030/,base.state_it_vc,base.it,4
334,Caresanablot,13030,0161,002031,B768,http://www.comuni-italiani.it/002/031/,base.state_it_vc,base.it,4
335,Carisio,13040,0161,002032,B782,http://www.comuni-italiani.it/002/032/,base.state_it_vc,base.it,4
336,Casanova Elvo,13030,0161,002033,B928,http://www.comuni-italiani.it/002/033/,base.state_it_vc,base.it,4
337,San Giacomo Vercellese,13030,0161,002035,B952,http://www.comuni-italiani.it/002/035/,base.state_it_vc,base.it,4
338,Cellio,13024,0163,002038,C450,http://www.comuni-italiani.it/002/038/,base.state_it_vc,base.it,4
339,Cervatto,13025,0163,002041,C548,http://www.comuni-italiani.it/002/041/,base.state_it_vc,base.it,4
340,Cigliano,13043,0161,002042,C680,http://www.comuni-italiani.it/002/042/,base.state_it_vc,base.it,4
341,Civiasco,13010,0163,002043,C757,http://www.comuni-italiani.it/002/043/,base.state_it_vc,base.it,4
342,Collobiano,13030,0161,002045,C884,http://www.comuni-italiani.it/002/045/,base.state_it_vc,base.it,4
343,Costanzana,13033,0161,002047,D113,http://www.comuni-italiani.it/002/047/,base.state_it_vc,base.it,4
344,Cravagliana,13020,0163,002048,D132,http://www.comuni-italiani.it/002/048/,base.state_it_vc,base.it,4
345,Crescentino,13044,0161,002049,D154,http://www.comuni-italiani.it/002/049/,base.state_it_vc,base.it,4
346,Crova,13040,0161,002052,D187,http://www.comuni-italiani.it/002/052/,base.state_it_vc,base.it,4
347,Desana,13034,0161,002054,D281,http://www.comuni-italiani.it/002/054/,base.state_it_vc,base.it,4
348,Fobello,13025,0163,002057,D641,http://www.comuni-italiani.it/002/057/,base.state_it_vc,base.it,4
349,Fontanetto Po,13040,0161,002058,D676,http://www.comuni-italiani.it/002/058/,base.state_it_vc,base.it,4
350,Formigliana,13030,0161,002059,D712,http://www.comuni-italiani.it/002/059/,base.state_it_vc,base.it,4
351,Gattinara,13045,0163,002061,D938,http://www.comuni-italiani.it/002/061/,base.state_it_vc,base.it,4
352,Ghislarengo,13030,0161,002062,E007,http://www.comuni-italiani.it/002/062/,base.state_it_vc,base.it,4
353,Greggio,13030,0161,002065,E163,http://www.comuni-italiani.it/002/065/,base.state_it_vc,base.it,4
354,Guardabosone,13010,015,002066,E237,http://www.comuni-italiani.it/002/066/,base.state_it_vc,base.it,4
355,Lamporo,13046,0161,002067,E433,http://www.comuni-italiani.it/002/067/,base.state_it_vc,base.it,4
356,Lenta,13035,0163,002068,E528,http://www.comuni-italiani.it/002/068/,base.state_it_vc,base.it,4
357,Lignana,13034,0161,002070,E583,http://www.comuni-italiani.it/002/070/,base.state_it_vc,base.it,4
358,Livorno Ferraris,13046,0161,002071,E626,http://www.comuni-italiani.it/002/071/,base.state_it_vc,base.it,4
359,Lozzolo,13045,0163,002072,E711,http://www.comuni-italiani.it/002/072/,base.state_it_vc,base.it,4
360,Mollia,13020,0163,002078,F297,http://www.comuni-italiani.it/002/078/,base.state_it_vc,base.it,4
361,Moncrivello,13040,0161,002079,F342,http://www.comuni-italiani.it/002/079/,base.state_it_vc,base.it,4
362,Motta de' Conti,13010,0161,002082,F774,http://www.comuni-italiani.it/002/082/,base.state_it_vc,base.it,4
363,Olcenengo,13047,0161,002088,G016,http://www.comuni-italiani.it/002/088/,base.state_it_vc,base.it,4
364,Oldenico,13030,0161,002089,G018,http://www.comuni-italiani.it/002/089/,base.state_it_vc,base.it,4
365,Palazzolo Vercellese,13040,0161,002090,G266,http://www.comuni-italiani.it/002/090/,base.state_it_vc,base.it,4
366,Pertengo,13030,0161,002091,G471,http://www.comuni-italiani.it/002/091/,base.state_it_vc,base.it,4
367,Pezzana,13010,0161,002093,G528,http://www.comuni-italiani.it/002/093/,base.state_it_vc,base.it,4
368,Pila,13020,0163,002096,G666,http://www.comuni-italiani.it/002/096/,base.state_it_vc,base.it,4
369,Piode,13020,0163,002097,G685,http://www.comuni-italiani.it/002/097/,base.state_it_vc,base.it,4
370,Postua,13010,015,002102,G940,http://www.comuni-italiani.it/002/102/,base.state_it_vc,base.it,4
371,Prarolo,13012,0161,002104,G985,http://www.comuni-italiani.it/002/104/,base.state_it_vc,base.it,4
372,Quarona,13017,0163,002107,H108,http://www.comuni-italiani.it/002/107/,base.state_it_vc,base.it,4
373,Quinto Vercellese,13030,0161,002108,H132,http://www.comuni-italiani.it/002/108/,base.state_it_vc,base.it,4
374,Rassa,13020,0163,002110,H188,http://www.comuni-italiani.it/002/110/,base.state_it_vc,base.it,4
375,Rima San Giuseppe,13026,0163,002111,H291,http://www.comuni-italiani.it/002/111/,base.state_it_vc,base.it,4
376,Rimasco,13026,0163,002112,H292,http://www.comuni-italiani.it/002/112/,base.state_it_vc,base.it,4
377,Rimella,13020,0163,002113,H293,http://www.comuni-italiani.it/002/113/,base.state_it_vc,base.it,4
378,Riva Valdobbia,13020,0163,002114,H329,http://www.comuni-italiani.it/002/114/,base.state_it_vc,base.it,4
379,Rive,13030,0161,002115,H346,http://www.comuni-italiani.it/002/115/,base.state_it_vc,base.it,4
380,Roasio,13060,0163,002116,H365,http://www.comuni-italiani.it/002/116/,base.state_it_vc,base.it,4
381,Ronsecco,13036,0161,002118,H549,http://www.comuni-italiani.it/002/118/,base.state_it_vc,base.it,4
382,Rossa,13020,0163,002121,H577,http://www.comuni-italiani.it/002/121/,base.state_it_vc,base.it,4
383,Rovasenda,13040,0161,002122,H364,http://www.comuni-italiani.it/002/122/,base.state_it_vc,base.it,4
384,Sabbia,13020,0163,002123,H648,http://www.comuni-italiani.it/002/123/,base.state_it_vc,base.it,4
385,Salasco,13040,0161,002126,H690,http://www.comuni-italiani.it/002/126/,base.state_it_vc,base.it,4
386,Sali Vercellese,13040,0161,002127,H707,http://www.comuni-italiani.it/002/127/,base.state_it_vc,base.it,4
387,Saluggia,13040,0161,002128,H725,http://www.comuni-italiani.it/002/128/,base.state_it_vc,base.it,4
388,San Germano Vercellese,13047,0161,002131,H861,http://www.comuni-italiani.it/002/131/,base.state_it_vc,base.it,4
389,Santhià,13048,0161,002133,I337,http://www.comuni-italiani.it/002/133/,base.state_it_vc,base.it,4
390,Scopa,13027,0163,002134,I544,http://www.comuni-italiani.it/002/134/,base.state_it_vc,base.it,4
391,Scopello,13028,0163,002135,I545,http://www.comuni-italiani.it/002/135/,base.state_it_vc,base.it,4
392,Serravalle Sesia,13037,0163,002137,I663,http://www.comuni-italiani.it/002/137/,base.state_it_vc,base.it,4
393,Stroppiana,13010,0161,002142,I984,http://www.comuni-italiani.it/002/142/,base.state_it_vc,base.it,4
394,Tricerro,13038,0161,002147,L420,http://www.comuni-italiani.it/002/147/,base.state_it_vc,base.it,4
395,Trino,13039,0161,002148,L429,http://www.comuni-italiani.it/002/148/,base.state_it_vc,base.it,4
396,Tronzano Vercellese,13049,0161,002150,L451,http://www.comuni-italiani.it/002/150/,base.state_it_vc,base.it,4
397,Valduggia,13018,0163,002152,L566,http://www.comuni-italiani.it/002/152/,base.state_it_vc,base.it,4
398,Varallo,13019,0163,002156,L669,http://www.comuni-italiani.it/002/156/,base.state_it_vc,base.it,4
399,Vercelli,13100,0161,002158,L750,http://www.comuni-italiani.it/002/158/,base.state_it_vc,base.it,4
400,Villarboit,13030,0161,002163,M003,http://www.comuni-italiani.it/002/163/,base.state_it_vc,base.it,4
401,Villata,13010,0161,002164,M028,http://www.comuni-italiani.it/002/164/,base.state_it_vc,base.it,4
402,Vocca,13020,0163,002166,M106,http://www.comuni-italiani.it/002/166/,base.state_it_vc,base.it,4
403,Agrate Conturbia,28010,0322,003001,A088,http://www.comuni-italiani.it/003/001/,base.state_it_no,base.it,4
404,Ameno,28010,0322,003002,A264,http://www.comuni-italiani.it/003/002/,base.state_it_no,base.it,4
405,Armeno,28011,0322,003006,A414,http://www.comuni-italiani.it/003/006/,base.state_it_no,base.it,4
406,Arona,28041,0322,003008,A429,http://www.comuni-italiani.it/003/008/,base.state_it_no,base.it,4
407,Barengo,28010,0321,003012,A653,http://www.comuni-italiani.it/003/012/,base.state_it_no,base.it,4
408,Bellinzago Novarese,28043,0321,003016,A752,http://www.comuni-italiani.it/003/016/,base.state_it_no,base.it,4
409,Biandrate,28061,0321,003018,A844,http://www.comuni-italiani.it/003/018/,base.state_it_no,base.it,4
410,Boca,28010,0322,003019,A911,http://www.comuni-italiani.it/003/019/,base.state_it_no,base.it,4
411,Bogogno,28010,0322,003021,A929,http://www.comuni-italiani.it/003/021/,base.state_it_no,base.it,4
412,Bolzano Novarese,28010,0322,003022,A953,http://www.comuni-italiani.it/003/022/,base.state_it_no,base.it,4
413,Borgolavezzaro,28071,0321,003023,B016,http://www.comuni-italiani.it/003/023/,base.state_it_no,base.it,4
414,Borgomanero,28021,0322,003024,B019,http://www.comuni-italiani.it/003/024/,base.state_it_no,base.it,4
415,Borgo Ticino,28040,0321,003025,B043,http://www.comuni-italiani.it/003/025/,base.state_it_no,base.it,4
416,Briga Novarese,28010,0322,003026,B176,http://www.comuni-italiani.it/003/026/,base.state_it_no,base.it,4
417,Briona,28072,0321,003027,B183,http://www.comuni-italiani.it/003/027/,base.state_it_no,base.it,4
418,Caltignaga,28010,0321,003030,B431,http://www.comuni-italiani.it/003/030/,base.state_it_no,base.it,4
419,Cameri,28062,0321,003032,B473,http://www.comuni-italiani.it/003/032/,base.state_it_no,base.it,4
420,Carpignano Sesia,28064,0321,003036,B823,http://www.comuni-italiani.it/003/036/,base.state_it_no,base.it,4
421,Casalbeltrame,28060,0321,003037,B864,http://www.comuni-italiani.it/003/037/,base.state_it_no,base.it,4
422,Casaleggio Novara,28060,0321,003039,B883,http://www.comuni-italiani.it/003/039/,base.state_it_no,base.it,4
423,Casalino,28060,0321,003040,B897,http://www.comuni-italiani.it/003/040/,base.state_it_no,base.it,4
424,Casalvolone,28060,0161,003041,B920,http://www.comuni-italiani.it/003/041/,base.state_it_no,base.it,4
425,Castellazzo Novarese,28060,0321,003042,C149,http://www.comuni-italiani.it/003/042/,base.state_it_no,base.it,4
426,Castelletto sopra Ticino,28053,0331,003043,C166,http://www.comuni-italiani.it/003/043/,base.state_it_no,base.it,4
427,Cavaglietto,28010,0322,003044,C364,http://www.comuni-italiani.it/003/044/,base.state_it_no,base.it,4
428,Cavaglio d'Agogna,28010,0322,003045,C365,http://www.comuni-italiani.it/003/045/,base.state_it_no,base.it,4
429,Cavallirio,28010,0163,003047,C378,http://www.comuni-italiani.it/003/047/,base.state_it_no,base.it,4
430,Cerano,28065,0321,003049,C483,http://www.comuni-italiani.it/003/049/,base.state_it_no,base.it,4
431,Colazza,28010,0322,003051,C829,http://www.comuni-italiani.it/003/051/,base.state_it_no,base.it,4
432,Comignago,28060,0322,003052,C926,http://www.comuni-italiani.it/003/052/,base.state_it_no,base.it,4
433,Cressa,28012,0322,003055,D162,http://www.comuni-italiani.it/003/055/,base.state_it_no,base.it,4
434,Cureggio,28060,0322,003058,D216,http://www.comuni-italiani.it/003/058/,base.state_it_no,base.it,4
435,Divignano,28010,0321,003060,D309,http://www.comuni-italiani.it/003/060/,base.state_it_no,base.it,4
436,Dormelletto,28040,0322,003062,D347,http://www.comuni-italiani.it/003/062/,base.state_it_no,base.it,4
437,Fara Novarese,28073,0321,003065,D492,http://www.comuni-italiani.it/003/065/,base.state_it_no,base.it,4
438,Fontaneto d'Agogna,28010,0322,003066,D675,http://www.comuni-italiani.it/003/066/,base.state_it_no,base.it,4
439,Galliate,28066,0321,003068,D872,http://www.comuni-italiani.it/003/068/,base.state_it_no,base.it,4
440,Garbagna Novarese,28070,0321,003069,D911,http://www.comuni-italiani.it/003/069/,base.state_it_no,base.it,4
441,Gargallo,28010,0322,003070,D921,http://www.comuni-italiani.it/003/070/,base.state_it_no,base.it,4
442,Gattico,28013,0322,003071,D937,http://www.comuni-italiani.it/003/071/,base.state_it_no,base.it,4
443,Ghemme,28074,0163,003073,E001,http://www.comuni-italiani.it/003/073/,base.state_it_no,base.it,4
444,Gozzano,28024,0322,003076,E120,http://www.comuni-italiani.it/003/076/,base.state_it_no,base.it,4
445,Granozzo con Monticello,28060,0321,003077,E143,http://www.comuni-italiani.it/003/077/,base.state_it_no,base.it,4
446,Grignasco,28075,0163,003079,E177,http://www.comuni-italiani.it/003/079/,base.state_it_no,base.it,4
447,Invorio,28045,0322,003082,E314,http://www.comuni-italiani.it/003/082/,base.state_it_no,base.it,4
448,Landiona,28064,0321,003083,E436,http://www.comuni-italiani.it/003/083/,base.state_it_no,base.it,4
449,Lesa,28040,0322,003084,E544,http://www.comuni-italiani.it/003/084/,base.state_it_no,base.it,4
450,Maggiora,28014,0322,003088,E803,http://www.comuni-italiani.it/003/088/,base.state_it_no,base.it,4
451,Mandello Vitta,28060,0321,003090,E880,http://www.comuni-italiani.it/003/090/,base.state_it_no,base.it,4
452,Marano Ticino,28040,0321,003091,E907,http://www.comuni-italiani.it/003/091/,base.state_it_no,base.it,4
453,Massino Visconti,28040,0322,003093,F047,http://www.comuni-italiani.it/003/093/,base.state_it_no,base.it,4
454,Meina,28046,0322,003095,F093,http://www.comuni-italiani.it/003/095/,base.state_it_no,base.it,4
455,Mezzomerico,28040,0321,003097,F188,http://www.comuni-italiani.it/003/097/,base.state_it_no,base.it,4
456,Miasino,28010,0322,003098,F191,http://www.comuni-italiani.it/003/098/,base.state_it_no,base.it,4
457,Momo,28015,0321,003100,F317,http://www.comuni-italiani.it/003/100/,base.state_it_no,base.it,4
458,Nebbiuno,28010,0322,003103,F859,http://www.comuni-italiani.it/003/103/,base.state_it_no,base.it,4
459,Nibbiola,28070,0321,003104,F886,http://www.comuni-italiani.it/003/104/,base.state_it_no,base.it,4
460,Novara,28100,0321,003106,F952,http://www.comuni-italiani.it/003/106/,base.state_it_no,base.it,4
461,Oleggio,28047,0321,003108,G019,http://www.comuni-italiani.it/003/108/,base.state_it_no,base.it,4
462,Oleggio Castello,28040,0322,003109,G020,http://www.comuni-italiani.it/003/109/,base.state_it_no,base.it,4
463,Orta San Giulio,28016,0322,003112,G134,http://www.comuni-italiani.it/003/112/,base.state_it_no,base.it,4
464,Paruzzaro,28040,0322,003114,G349,http://www.comuni-italiani.it/003/114/,base.state_it_no,base.it,4
465,Pella,28010,0322,003115,G421,http://www.comuni-italiani.it/003/115/,base.state_it_no,base.it,4
466,Pettenasco,28028,0323,003116,G520,http://www.comuni-italiani.it/003/116/,base.state_it_no,base.it,4
467,Pisano,28010,0322,003119,G703,http://www.comuni-italiani.it/003/119/,base.state_it_no,base.it,4
468,Pogno,28076,0322,003120,G775,http://www.comuni-italiani.it/003/120/,base.state_it_no,base.it,4
469,Pombia,28050,0321,003121,G809,http://www.comuni-italiani.it/003/121/,base.state_it_no,base.it,4
470,Prato Sesia,28077,0163,003122,H001,http://www.comuni-italiani.it/003/122/,base.state_it_no,base.it,4
471,Recetto,28060,0321,003129,H213,http://www.comuni-italiani.it/003/129/,base.state_it_no,base.it,4
472,Romagnano Sesia,28078,0163,003130,H502,http://www.comuni-italiani.it/003/130/,base.state_it_no,base.it,4
473,Romentino,28068,0321,003131,H518,http://www.comuni-italiani.it/003/131/,base.state_it_no,base.it,4
474,San Maurizio d'Opaglio,28017,0322,003133,I025,http://www.comuni-italiani.it/003/133/,base.state_it_no,base.it,4
475,San Nazzaro Sesia,28060,0321,003134,I052,http://www.comuni-italiani.it/003/134/,base.state_it_no,base.it,4
476,San Pietro Mosezzo,28060,0321,003135,I116,http://www.comuni-italiani.it/003/135/,base.state_it_no,base.it,4
477,Sillavengo,28064,0321,003138,I736,http://www.comuni-italiani.it/003/138/,base.state_it_no,base.it,4
478,Sizzano,28070,0321,003139,I767,http://www.comuni-italiani.it/003/139/,base.state_it_no,base.it,4
479,Soriso,28010,0322,003140,I857,http://www.comuni-italiani.it/003/140/,base.state_it_no,base.it,4
480,Sozzago,28060,0321,003141,I880,http://www.comuni-italiani.it/003/141/,base.state_it_no,base.it,4
481,Suno,28019,0322,003143,L007,http://www.comuni-italiani.it/003/143/,base.state_it_no,base.it,4
482,Terdobbiate,28070,0321,003144,L104,http://www.comuni-italiani.it/003/144/,base.state_it_no,base.it,4
483,Tornaco,28070,0321,003146,L223,http://www.comuni-italiani.it/003/146/,base.state_it_no,base.it,4
484,Trecate,28069,0321,003149,L356,http://www.comuni-italiani.it/003/149/,base.state_it_no,base.it,4
485,Vaprio d'Agogna,28010,0321,003153,L668,http://www.comuni-italiani.it/003/153/,base.state_it_no,base.it,4
486,Varallo Pombia,28040,0321,003154,L670,http://www.comuni-italiani.it/003/154/,base.state_it_no,base.it,4
487,Veruno,28010,0322,003157,L798,http://www.comuni-italiani.it/003/157/,base.state_it_no,base.it,4
488,Vespolate,28079,0321,003158,L808,http://www.comuni-italiani.it/003/158/,base.state_it_no,base.it,4
489,Vicolungo,28060,0321,003159,L847,http://www.comuni-italiani.it/003/159/,base.state_it_no,base.it,4
490,Vinzaglio,28060,0161,003164,M062,http://www.comuni-italiani.it/003/164/,base.state_it_no,base.it,4
491,Acceglio,12021,0171,004001,A016,http://www.comuni-italiani.it/004/001/,base.state_it_cn,base.it,4
492,Aisone,12010,0171,004002,A113,http://www.comuni-italiani.it/004/002/,base.state_it_cn,base.it,4
493,Alba,12051,0173,004003,A124,http://www.comuni-italiani.it/004/003/,base.state_it_cn,base.it,4
494,Albaretto della Torre,12050,0173,004004,A139,http://www.comuni-italiani.it/004/004/,base.state_it_cn,base.it,4
495,Alto,12070,0174,004005,A238,http://www.comuni-italiani.it/004/005/,base.state_it_cn,base.it,4
496,Argentera,12010,0171,004006,A394,http://www.comuni-italiani.it/004/006/,base.state_it_cn,base.it,4
497,Arguello,12050,0173,004007,A396,http://www.comuni-italiani.it/004/007/,base.state_it_cn,base.it,4
498,Bagnasco,12071,0174,004008,A555,http://www.comuni-italiani.it/004/008/,base.state_it_cn,base.it,4
499,Bagnolo Piemonte,12031,0175,004009,A571,http://www.comuni-italiani.it/004/009/,base.state_it_cn,base.it,4
500,Baldissero d'Alba,12040,0172,004010,A589,http://www.comuni-italiani.it/004/010/,base.state_it_cn,base.it,4
501,Barbaresco,12050,0173,004011,A629,http://www.comuni-italiani.it/004/011/,base.state_it_cn,base.it,4
502,Barge,12032,0175,004012,A660,http://www.comuni-italiani.it/004/012/,base.state_it_cn,base.it,4
503,Barolo,12060,0173,004013,A671,http://www.comuni-italiani.it/004/013/,base.state_it_cn,base.it,4
504,Bastia Mondovì,12060,0174,004014,A709,http://www.comuni-italiani.it/004/014/,base.state_it_cn,base.it,4
505,Battifollo,12070,0174,004015,A716,http://www.comuni-italiani.it/004/015/,base.state_it_cn,base.it,4
506,Beinette,12081,0171,004016,A735,http://www.comuni-italiani.it/004/016/,base.state_it_cn,base.it,4
507,Bellino,12020,0175,004017,A750,http://www.comuni-italiani.it/004/017/,base.state_it_cn,base.it,4
508,Belvedere Langhe,12060,0173,004018,A774,http://www.comuni-italiani.it/004/018/,base.state_it_cn,base.it,4
509,Bene Vagienna,12041,0172,004019,A779,http://www.comuni-italiani.it/004/019/,base.state_it_cn,base.it,4
510,Benevello,12050,0173,004020,A782,http://www.comuni-italiani.it/004/020/,base.state_it_cn,base.it,4
511,Bergolo,12074,0173,004021,A798,http://www.comuni-italiani.it/004/021/,base.state_it_cn,base.it,4
512,Bernezzo,12010,0171,004022,A805,http://www.comuni-italiani.it/004/022/,base.state_it_cn,base.it,4
513,Bonvicino,12060,0173,004023,A979,http://www.comuni-italiani.it/004/023/,base.state_it_cn,base.it,4
514,Borgomale,12050,0173,004024,B018,http://www.comuni-italiani.it/004/024/,base.state_it_cn,base.it,4
515,Borgo San Dalmazzo,12011,0171,004025,B033,http://www.comuni-italiani.it/004/025/,base.state_it_cn,base.it,4
516,Bosia,12050,0173,004026,B079,http://www.comuni-italiani.it/004/026/,base.state_it_cn,base.it,4
517,Bossolasco,12060,0173,004027,B084,http://www.comuni-italiani.it/004/027/,base.state_it_cn,base.it,4
518,Boves,12012,0171,004028,B101,http://www.comuni-italiani.it/004/028/,base.state_it_cn,base.it,4
519,Bra,12042,0172,004029,B111,http://www.comuni-italiani.it/004/029/,base.state_it_cn,base.it,4
520,Briaglia,12080,0174,004030,B167,http://www.comuni-italiani.it/004/030/,base.state_it_cn,base.it,4
521,Briga Alta,18025,0174,004031,B175,http://www.comuni-italiani.it/004/031/,base.state_it_cn,base.it,4
522,Brondello,12030,0175,004032,B200,http://www.comuni-italiani.it/004/032/,base.state_it_cn,base.it,4
523,Brossasco,12020,0175,004033,B204,http://www.comuni-italiani.it/004/033/,base.state_it_cn,base.it,4
524,Busca,12022,0171,004034,B285,http://www.comuni-italiani.it/004/034/,base.state_it_cn,base.it,4
525,Camerana,12072,0174,004035,B467,http://www.comuni-italiani.it/004/035/,base.state_it_cn,base.it,4
526,Camo,12050,0141,004036,B489,http://www.comuni-italiani.it/004/036/,base.state_it_cn,base.it,4
527,Canale,12043,0173,004037,B573,http://www.comuni-italiani.it/004/037/,base.state_it_cn,base.it,4
528,Canosio,12020,0171,004038,B621,http://www.comuni-italiani.it/004/038/,base.state_it_cn,base.it,4
529,Caprauna,12070,0174,004039,B692,http://www.comuni-italiani.it/004/039/,base.state_it_cn,base.it,4
530,Caraglio,12023,0171,004040,B719,http://www.comuni-italiani.it/004/040/,base.state_it_cn,base.it,4
531,Caramagna Piemonte,12030,0172,004041,B720,http://www.comuni-italiani.it/004/041/,base.state_it_cn,base.it,4
532,Cardè,12030,0172,004042,B755,http://www.comuni-italiani.it/004/042/,base.state_it_cn,base.it,4
533,Carrù,12061,0173,004043,B841,http://www.comuni-italiani.it/004/043/,base.state_it_cn,base.it,4
534,Cartignano,12020,0171,004044,B845,http://www.comuni-italiani.it/004/044/,base.state_it_cn,base.it,4
535,Casalgrasso,12030,011,004045,B894,http://www.comuni-italiani.it/004/045/,base.state_it_cn,base.it,4
536,Castagnito,12050,0173,004046,C046,http://www.comuni-italiani.it/004/046/,base.state_it_cn,base.it,4
537,Casteldelfino,12020,0175,004047,C081,http://www.comuni-italiani.it/004/047/,base.state_it_cn,base.it,4
538,Castellar,12030,0175,004048,C140,http://www.comuni-italiani.it/004/048/,base.state_it_cn,base.it,4
539,Castelletto Stura,12040,0171,004049,C165,http://www.comuni-italiani.it/004/049/,base.state_it_cn,base.it,4
540,Castelletto Uzzone,12070,0173,004050,C167,http://www.comuni-italiani.it/004/050/,base.state_it_cn,base.it,4
541,Castellinaldo,12050,0173,004051,C173,http://www.comuni-italiani.it/004/051/,base.state_it_cn,base.it,4
542,Castellino Tanaro,12060,0174,004052,C176,http://www.comuni-italiani.it/004/052/,base.state_it_cn,base.it,4
543,Castelmagno,12020,0171,004053,C205,http://www.comuni-italiani.it/004/053/,base.state_it_cn,base.it,4
544,Castelnuovo di Ceva,12070,0174,004054,C214,http://www.comuni-italiani.it/004/054/,base.state_it_cn,base.it,4
545,Castiglione Falletto,12060,0173,004055,C314,http://www.comuni-italiani.it/004/055/,base.state_it_cn,base.it,4
546,Castiglione Tinella,12053,0141,004056,C317,http://www.comuni-italiani.it/004/056/,base.state_it_cn,base.it,4
547,Castino,12050,0173,004057,C323,http://www.comuni-italiani.it/004/057/,base.state_it_cn,base.it,4
548,Cavallerleone,12030,0172,004058,C375,http://www.comuni-italiani.it/004/058/,base.state_it_cn,base.it,4
549,Cavallermaggiore,12030,0172,004059,C376,http://www.comuni-italiani.it/004/059/,base.state_it_cn,base.it,4
550,Celle di Macra,12020,0171,004060,C441,http://www.comuni-italiani.it/004/060/,base.state_it_cn,base.it,4
551,Centallo,12044,0171,004061,C466,http://www.comuni-italiani.it/004/061/,base.state_it_cn,base.it,4
552,Ceresole Alba,12040,0172,004062,C504,http://www.comuni-italiani.it/004/062/,base.state_it_cn,base.it,4
553,Cerretto Langhe,12050,0173,004063,C530,http://www.comuni-italiani.it/004/063/,base.state_it_cn,base.it,4
554,Cervasca,12010,0171,004064,C547,http://www.comuni-italiani.it/004/064/,base.state_it_cn,base.it,4
555,Cervere,12040,0172,004065,C550,http://www.comuni-italiani.it/004/065/,base.state_it_cn,base.it,4
556,Ceva,12073,0174,004066,C589,http://www.comuni-italiani.it/004/066/,base.state_it_cn,base.it,4
557,Cherasco,12062,0172,004067,C599,http://www.comuni-italiani.it/004/067/,base.state_it_cn,base.it,4
558,Chiusa di Pesio,12013,0171,004068,C653,http://www.comuni-italiani.it/004/068/,base.state_it_cn,base.it,4
559,Cigliè,12060,0174,004069,C681,http://www.comuni-italiani.it/004/069/,base.state_it_cn,base.it,4
560,Cissone,12050,0173,004070,C738,http://www.comuni-italiani.it/004/070/,base.state_it_cn,base.it,4
561,Clavesana,12060,0173,004071,C792,http://www.comuni-italiani.it/004/071/,base.state_it_cn,base.it,4
562,Corneliano d'Alba,12040,0173,004072,D022,http://www.comuni-italiani.it/004/072/,base.state_it_cn,base.it,4
563,Cortemilia,12074,0173,004073,D062,http://www.comuni-italiani.it/004/073/,base.state_it_cn,base.it,4
564,Cossano Belbo,12054,0141,004074,D093,http://www.comuni-italiani.it/004/074/,base.state_it_cn,base.it,4
565,Costigliole Saluzzo,12024,0175,004075,D120,http://www.comuni-italiani.it/004/075/,base.state_it_cn,base.it,4
566,Cravanzana,12050,0173,004076,D133,http://www.comuni-italiani.it/004/076/,base.state_it_cn,base.it,4
567,Crissolo,12030,0175,004077,D172,http://www.comuni-italiani.it/004/077/,base.state_it_cn,base.it,4
568,Cuneo,12100,0171,004078,D205,http://www.comuni-italiani.it/004/078/,base.state_it_cn,base.it,4
569,Demonte,12014,0171,004079,D271,http://www.comuni-italiani.it/004/079/,base.state_it_cn,base.it,4
570,Diano d'Alba,12055,0173,004080,D291,http://www.comuni-italiani.it/004/080/,base.state_it_cn,base.it,4
571,Dogliani,12063,0173,004081,D314,http://www.comuni-italiani.it/004/081/,base.state_it_cn,base.it,4
572,Dronero,12025,0171,004082,D372,http://www.comuni-italiani.it/004/082/,base.state_it_cn,base.it,4
573,Elva,12020,0171,004083,D401,http://www.comuni-italiani.it/004/083/,base.state_it_cn,base.it,4
574,Entracque,12010,0171,004084,D410,http://www.comuni-italiani.it/004/084/,base.state_it_cn,base.it,4
575,Envie,12030,0175,004085,D412,http://www.comuni-italiani.it/004/085/,base.state_it_cn,base.it,4
576,Farigliano,12060,0173,004086,D499,http://www.comuni-italiani.it/004/086/,base.state_it_cn,base.it,4
577,Faule,12030,011,004087,D511,http://www.comuni-italiani.it/004/087/,base.state_it_cn,base.it,4
578,Feisoglio,12050,0173,004088,D523,http://www.comuni-italiani.it/004/088/,base.state_it_cn,base.it,4
579,Fossano,12045,0172,004089,D742,http://www.comuni-italiani.it/004/089/,base.state_it_cn,base.it,4
580,Frabosa Soprana,12082,0174,004090,D751,http://www.comuni-italiani.it/004/090/,base.state_it_cn,base.it,4
581,Frabosa Sottana,12083,0174,004091,D752,http://www.comuni-italiani.it/004/091/,base.state_it_cn,base.it,4
582,Frassino,12020,0175,004092,D782,http://www.comuni-italiani.it/004/092/,base.state_it_cn,base.it,4
583,Gaiola,12010,0171,004093,D856,http://www.comuni-italiani.it/004/093/,base.state_it_cn,base.it,4
584,Gambasca,12030,0175,004094,D894,http://www.comuni-italiani.it/004/094/,base.state_it_cn,base.it,4
585,Garessio,12075,0174,004095,D920,http://www.comuni-italiani.it/004/095/,base.state_it_cn,base.it,4
586,Genola,12040,0172,004096,D967,http://www.comuni-italiani.it/004/096/,base.state_it_cn,base.it,4
587,Gorzegno,12070,0173,004097,E111,http://www.comuni-italiani.it/004/097/,base.state_it_cn,base.it,4
588,Gottasecca,12070,0174,004098,E115,http://www.comuni-italiani.it/004/098/,base.state_it_cn,base.it,4
589,Govone,12040,0173,004099,E118,http://www.comuni-italiani.it/004/099/,base.state_it_cn,base.it,4
590,Grinzane Cavour,12060,0173,004100,E182,http://www.comuni-italiani.it/004/100/,base.state_it_cn,base.it,4
591,Guarene,12050,0173,004101,E251,http://www.comuni-italiani.it/004/101/,base.state_it_cn,base.it,4
592,Igliano,12060,0174,004102,E282,http://www.comuni-italiani.it/004/102/,base.state_it_cn,base.it,4
593,Isasca,12020,0175,004103,E327,http://www.comuni-italiani.it/004/103/,base.state_it_cn,base.it,4
594,Lagnasco,12030,0175,004104,E406,http://www.comuni-italiani.it/004/104/,base.state_it_cn,base.it,4
595,La Morra,12064,0173,004105,E430,http://www.comuni-italiani.it/004/105/,base.state_it_cn,base.it,4
596,Lequio Berria,12050,0173,004106,E540,http://www.comuni-italiani.it/004/106/,base.state_it_cn,base.it,4
597,Lequio Tanaro,12060,0172,004107,E539,http://www.comuni-italiani.it/004/107/,base.state_it_cn,base.it,4
598,Lesegno,12076,0174,004108,E546,http://www.comuni-italiani.it/004/108/,base.state_it_cn,base.it,4
599,Levice,12070,0173,004109,E564,http://www.comuni-italiani.it/004/109/,base.state_it_cn,base.it,4
600,Limone Piemonte,12015,0171,004110,E597,http://www.comuni-italiani.it/004/110/,base.state_it_cn,base.it,4
601,Lisio,12070,0174,004111,E615,http://www.comuni-italiani.it/004/111/,base.state_it_cn,base.it,4
602,Macra,12020,0171,004112,E789,http://www.comuni-italiani.it/004/112/,base.state_it_cn,base.it,4
603,Magliano Alfieri,12050,0173,004113,E809,http://www.comuni-italiani.it/004/113/,base.state_it_cn,base.it,4
604,Magliano Alpi,12060,0174,004114,E808,http://www.comuni-italiani.it/004/114/,base.state_it_cn,base.it,4
605,Mango,12056,0141,004115,E887,http://www.comuni-italiani.it/004/115/,base.state_it_cn,base.it,4
606,Manta,12030,0175,004116,E894,http://www.comuni-italiani.it/004/116/,base.state_it_cn,base.it,4
607,Marene,12030,0172,004117,E939,http://www.comuni-italiani.it/004/117/,base.state_it_cn,base.it,4
608,Margarita,12040,0171,004118,E945,http://www.comuni-italiani.it/004/118/,base.state_it_cn,base.it,4
609,Marmora,12020,0171,004119,E963,http://www.comuni-italiani.it/004/119/,base.state_it_cn,base.it,4
610,Marsaglia,12060,0174,004120,E973,http://www.comuni-italiani.it/004/120/,base.state_it_cn,base.it,4
611,Martiniana Po,12030,0175,004121,E988,http://www.comuni-italiani.it/004/121/,base.state_it_cn,base.it,4
612,Melle,12020,0175,004122,F114,http://www.comuni-italiani.it/004/122/,base.state_it_cn,base.it,4
613,Moiola,12010,0171,004123,F279,http://www.comuni-italiani.it/004/123/,base.state_it_cn,base.it,4
614,Mombarcaro,12070,0174,004124,F309,http://www.comuni-italiani.it/004/124/,base.state_it_cn,base.it,4
615,Mombasiglio,12070,0174,004125,F312,http://www.comuni-italiani.it/004/125/,base.state_it_cn,base.it,4
616,Monastero di Vasco,12080,0174,004126,F326,http://www.comuni-italiani.it/004/126/,base.state_it_cn,base.it,4
617,Monasterolo Casotto,12080,0174,004127,F329,http://www.comuni-italiani.it/004/127/,base.state_it_cn,base.it,4
618,Monasterolo di Savigliano,12030,0172,004128,F330,http://www.comuni-italiani.it/004/128/,base.state_it_cn,base.it,4
619,Monchiero,12060,0173,004129,F338,http://www.comuni-italiani.it/004/129/,base.state_it_cn,base.it,4
620,Mondovì,12084,0174,004130,F351,http://www.comuni-italiani.it/004/130/,base.state_it_cn,base.it,4
621,Monesiglio,12077,0174,004131,F355,http://www.comuni-italiani.it/004/131/,base.state_it_cn,base.it,4
622,Monforte d'Alba,12065,0173,004132,F358,http://www.comuni-italiani.it/004/132/,base.state_it_cn,base.it,4
623,Montà,12046,0173,004133,F385,http://www.comuni-italiani.it/004/133/,base.state_it_cn,base.it,4
624,Montaldo di Mondovì,12080,0174,004134,F405,http://www.comuni-italiani.it/004/134/,base.state_it_cn,base.it,4
625,Montaldo Roero,12040,0172,004135,F408,http://www.comuni-italiani.it/004/135/,base.state_it_cn,base.it,4
626,Montanera,12040,0171,004136,F424,http://www.comuni-italiani.it/004/136/,base.state_it_cn,base.it,4
627,Montelupo Albese,12050,0173,004137,F550,http://www.comuni-italiani.it/004/137/,base.state_it_cn,base.it,4
628,Montemale di Cuneo,12025,0171,004138,F558,http://www.comuni-italiani.it/004/138/,base.state_it_cn,base.it,4
629,Monterosso Grana,12020,0171,004139,F608,http://www.comuni-italiani.it/004/139/,base.state_it_cn,base.it,4
630,Monteu Roero,12040,0173,004140,F654,http://www.comuni-italiani.it/004/140/,base.state_it_cn,base.it,4
631,Montezemolo,12070,0174,004141,F666,http://www.comuni-italiani.it/004/141/,base.state_it_cn,base.it,4
632,Monticello d'Alba,12066,0173,004142,F669,http://www.comuni-italiani.it/004/142/,base.state_it_cn,base.it,4
633,Moretta,12033,0172,004143,F723,http://www.comuni-italiani.it/004/143/,base.state_it_cn,base.it,4
634,Morozzo,12040,0171,004144,F743,http://www.comuni-italiani.it/004/144/,base.state_it_cn,base.it,4
635,Murazzano,12060,0173,004145,F809,http://www.comuni-italiani.it/004/145/,base.state_it_cn,base.it,4
636,Murello,12030,0172,004146,F811,http://www.comuni-italiani.it/004/146/,base.state_it_cn,base.it,4
637,Narzole,12068,0173,004147,F846,http://www.comuni-italiani.it/004/147/,base.state_it_cn,base.it,4
638,Neive,12052,0173,004148,F863,http://www.comuni-italiani.it/004/148/,base.state_it_cn,base.it,4
639,Neviglie,12050,0173,004149,F883,http://www.comuni-italiani.it/004/149/,base.state_it_cn,base.it,4
640,Niella Belbo,12050,0173,004150,F894,http://www.comuni-italiani.it/004/150/,base.state_it_cn,base.it,4
641,Niella Tanaro,12060,0174,004151,F895,http://www.comuni-italiani.it/004/151/,base.state_it_cn,base.it,4
642,Novello,12060,0173,004152,F961,http://www.comuni-italiani.it/004/152/,base.state_it_cn,base.it,4
643,Nucetto,12070,0174,004153,F972,http://www.comuni-italiani.it/004/153/,base.state_it_cn,base.it,4
644,Oncino,12030,0175,004154,G066,http://www.comuni-italiani.it/004/154/,base.state_it_cn,base.it,4
645,Ormea,12078,0174,004155,G114,http://www.comuni-italiani.it/004/155/,base.state_it_cn,base.it,4
646,Ostana,12030,0175,004156,G183,http://www.comuni-italiani.it/004/156/,base.state_it_cn,base.it,4
647,Paesana,12034,0175,004157,G228,http://www.comuni-italiani.it/004/157/,base.state_it_cn,base.it,4
648,Pagno,12030,0175,004158,G240,http://www.comuni-italiani.it/004/158/,base.state_it_cn,base.it,4
649,Pamparato,12087,0174,004159,G302,http://www.comuni-italiani.it/004/159/,base.state_it_cn,base.it,4
650,Paroldo,12070,0174,004160,G339,http://www.comuni-italiani.it/004/160/,base.state_it_cn,base.it,4
651,Perletto,12070,0173,004161,G457,http://www.comuni-italiani.it/004/161/,base.state_it_cn,base.it,4
652,Perlo,12070,0174,004162,G458,http://www.comuni-italiani.it/004/162/,base.state_it_cn,base.it,4
653,Peveragno,12016,0171,004163,G526,http://www.comuni-italiani.it/004/163/,base.state_it_cn,base.it,4
654,Pezzolo Valle Uzzone,12070,0173,004164,G532,http://www.comuni-italiani.it/004/164/,base.state_it_cn,base.it,4
655,Pianfei,12080,0174,004165,G561,http://www.comuni-italiani.it/004/165/,base.state_it_cn,base.it,4
656,Piasco,12026,0175,004166,G575,http://www.comuni-italiani.it/004/166/,base.state_it_cn,base.it,4
657,Pietraporzio,12010,0171,004167,G625,http://www.comuni-italiani.it/004/167/,base.state_it_cn,base.it,4
658,Piobesi d'Alba,12040,0173,004168,G683,http://www.comuni-italiani.it/004/168/,base.state_it_cn,base.it,4
659,Piozzo,12060,0173,004169,G697,http://www.comuni-italiani.it/004/169/,base.state_it_cn,base.it,4
660,Pocapaglia,12060,0172,004170,G742,http://www.comuni-italiani.it/004/170/,base.state_it_cn,base.it,4
661,Polonghera,12030,011,004171,G800,http://www.comuni-italiani.it/004/171/,base.state_it_cn,base.it,4
662,Pontechianale,12020,0175,004172,G837,http://www.comuni-italiani.it/004/172/,base.state_it_cn,base.it,4
663,Pradleves,12027,0171,004173,G970,http://www.comuni-italiani.it/004/173/,base.state_it_cn,base.it,4
664,Prazzo,12028,0171,004174,H011,http://www.comuni-italiani.it/004/174/,base.state_it_cn,base.it,4
665,Priero,12070,0174,004175,H059,http://www.comuni-italiani.it/004/175/,base.state_it_cn,base.it,4
666,Priocca,12040,0173,004176,H068,http://www.comuni-italiani.it/004/176/,base.state_it_cn,base.it,4
667,Priola,12070,0174,004177,H069,http://www.comuni-italiani.it/004/177/,base.state_it_cn,base.it,4
668,Prunetto,12077,0174,004178,H085,http://www.comuni-italiani.it/004/178/,base.state_it_cn,base.it,4
669,Racconigi,12035,0172,004179,H150,http://www.comuni-italiani.it/004/179/,base.state_it_cn,base.it,4
670,Revello,12036,0175,004180,H247,http://www.comuni-italiani.it/004/180/,base.state_it_cn,base.it,4
671,Rifreddo,12030,0175,004181,H285,http://www.comuni-italiani.it/004/181/,base.state_it_cn,base.it,4
672,Rittana,12010,0171,004182,H326,http://www.comuni-italiani.it/004/182/,base.state_it_cn,base.it,4
673,Roaschia,12010,0171,004183,H362,http://www.comuni-italiani.it/004/183/,base.state_it_cn,base.it,4
674,Roascio,12073,0174,004184,H363,http://www.comuni-italiani.it/004/184/,base.state_it_cn,base.it,4
675,Robilante,12017,0171,004185,H377,http://www.comuni-italiani.it/004/185/,base.state_it_cn,base.it,4
676,Roburent,12080,0174,004186,H378,http://www.comuni-italiani.it/004/186/,base.state_it_cn,base.it,4
677,Roccabruna,12020,0171,004187,H385,http://www.comuni-italiani.it/004/187/,base.state_it_cn,base.it,4
678,Rocca Cigliè,12060,0174,004188,H391,http://www.comuni-italiani.it/004/188/,base.state_it_cn,base.it,4
679,Rocca de' Baldi,12047,0174,004189,H395,http://www.comuni-italiani.it/004/189/,base.state_it_cn,base.it,4
680,Roccaforte Mondovì,12088,0174,004190,H407,http://www.comuni-italiani.it/004/190/,base.state_it_cn,base.it,4
681,Roccasparvera,12010,0171,004191,H447,http://www.comuni-italiani.it/004/191/,base.state_it_cn,base.it,4
682,Roccavione,12018,0171,004192,H453,http://www.comuni-italiani.it/004/192/,base.state_it_cn,base.it,4
683,Rocchetta Belbo,12050,0141,004193,H462,http://www.comuni-italiani.it/004/193/,base.state_it_cn,base.it,4
684,Roddi,12060,0173,004194,H472,http://www.comuni-italiani.it/004/194/,base.state_it_cn,base.it,4
685,Roddino,12050,0173,004195,H473,http://www.comuni-italiani.it/004/195/,base.state_it_cn,base.it,4
686,Rodello,12050,0173,004196,H474,http://www.comuni-italiani.it/004/196/,base.state_it_cn,base.it,4
687,Rossana,12020,0175,004197,H578,http://www.comuni-italiani.it/004/197/,base.state_it_cn,base.it,4
688,Ruffia,12030,0172,004198,H633,http://www.comuni-italiani.it/004/198/,base.state_it_cn,base.it,4
689,Sale delle Langhe,12070,0174,004199,H695,http://www.comuni-italiani.it/004/199/,base.state_it_cn,base.it,4
690,Sale San Giovanni,12070,0174,004200,H704,http://www.comuni-italiani.it/004/200/,base.state_it_cn,base.it,4
691,Saliceto,12079,0174,004201,H710,http://www.comuni-italiani.it/004/201/,base.state_it_cn,base.it,4
692,Salmour,12040,0172,004202,H716,http://www.comuni-italiani.it/004/202/,base.state_it_cn,base.it,4
693,Saluzzo,12037,0175,004203,H727,http://www.comuni-italiani.it/004/203/,base.state_it_cn,base.it,4
694,Sambuco,12010,0171,004204,H746,http://www.comuni-italiani.it/004/204/,base.state_it_cn,base.it,4
695,Sampeyre,12020,0175,004205,H755,http://www.comuni-italiani.it/004/205/,base.state_it_cn,base.it,4
696,San Benedetto Belbo,12050,0173,004206,H770,http://www.comuni-italiani.it/004/206/,base.state_it_cn,base.it,4
697,San Damiano Macra,12029,0171,004207,H812,http://www.comuni-italiani.it/004/207/,base.state_it_cn,base.it,4
698,Sanfrè,12040,0172,004208,H851,http://www.comuni-italiani.it/004/208/,base.state_it_cn,base.it,4
699,Sanfront,12030,0175,004209,H852,http://www.comuni-italiani.it/004/209/,base.state_it_cn,base.it,4
700,San Michele Mondovì,12080,0174,004210,I037,http://www.comuni-italiani.it/004/210/,base.state_it_cn,base.it,4
701,Sant'Albano Stura,12040,0172,004211,I210,http://www.comuni-italiani.it/004/211/,base.state_it_cn,base.it,4
702,Santa Vittoria d'Alba,12069,0172,004212,I316,http://www.comuni-italiani.it/004/212/,base.state_it_cn,base.it,4
703,Santo Stefano Belbo,12058,0141,004213,I367,http://www.comuni-italiani.it/004/213/,base.state_it_cn,base.it,4
704,Santo Stefano Roero,12040,0173,004214,I372,http://www.comuni-italiani.it/004/214/,base.state_it_cn,base.it,4
705,Savigliano,12038,0172,004215,I470,http://www.comuni-italiani.it/004/215/,base.state_it_cn,base.it,4
706,Scagnello,12070,0174,004216,I484,http://www.comuni-italiani.it/004/216/,base.state_it_cn,base.it,4
707,Scarnafigi,12030,0175,004217,I512,http://www.comuni-italiani.it/004/217/,base.state_it_cn,base.it,4
708,Serralunga d'Alba,12050,0173,004218,I646,http://www.comuni-italiani.it/004/218/,base.state_it_cn,base.it,4
709,Serravalle Langhe,12050,0173,004219,I659,http://www.comuni-italiani.it/004/219/,base.state_it_cn,base.it,4
710,Sinio,12050,0173,004220,I750,http://www.comuni-italiani.it/004/220/,base.state_it_cn,base.it,4
711,Somano,12060,0173,004221,I817,http://www.comuni-italiani.it/004/221/,base.state_it_cn,base.it,4
712,Sommariva del Bosco,12048,0172,004222,I822,http://www.comuni-italiani.it/004/222/,base.state_it_cn,base.it,4
713,Sommariva Perno,12040,0172,004223,I823,http://www.comuni-italiani.it/004/223/,base.state_it_cn,base.it,4
714,Stroppo,12020,0171,004224,I985,http://www.comuni-italiani.it/004/224/,base.state_it_cn,base.it,4
715,Tarantasca,12020,0171,004225,L048,http://www.comuni-italiani.it/004/225/,base.state_it_cn,base.it,4
716,Torre Bormida,12050,0173,004226,L252,http://www.comuni-italiani.it/004/226/,base.state_it_cn,base.it,4
717,Torre Mondovì,12080,0174,004227,L241,http://www.comuni-italiani.it/004/227/,base.state_it_cn,base.it,4
718,Torre San Giorgio,12030,0172,004228,L278,http://www.comuni-italiani.it/004/228/,base.state_it_cn,base.it,4
719,Torresina,12070,0174,004229,L281,http://www.comuni-italiani.it/004/229/,base.state_it_cn,base.it,4
720,Treiso,12050,0173,004230,L367,http://www.comuni-italiani.it/004/230/,base.state_it_cn,base.it,4
721,Trezzo Tinella,12050,0173,004231,L410,http://www.comuni-italiani.it/004/231/,base.state_it_cn,base.it,4
722,Trinità,12049,0172,004232,L427,http://www.comuni-italiani.it/004/232/,base.state_it_cn,base.it,4
723,Valdieri,12010,0171,004233,L558,http://www.comuni-italiani.it/004/233/,base.state_it_cn,base.it,4
724,Valgrana,12020,0171,004234,L580,http://www.comuni-italiani.it/004/234/,base.state_it_cn,base.it,4
725,Valloriate,12010,0171,004235,L631,http://www.comuni-italiani.it/004/235/,base.state_it_cn,base.it,4
726,Valmala,12020,0175,004236,L636,http://www.comuni-italiani.it/004/236/,base.state_it_cn,base.it,4
727,Venasca,12020,0175,004237,L729,http://www.comuni-italiani.it/004/237/,base.state_it_cn,base.it,4
728,Verduno,12060,0172,004238,L758,http://www.comuni-italiani.it/004/238/,base.state_it_cn,base.it,4
729,Vernante,12019,0171,004239,L771,http://www.comuni-italiani.it/004/239/,base.state_it_cn,base.it,4
730,Verzuolo,12039,0175,004240,L804,http://www.comuni-italiani.it/004/240/,base.state_it_cn,base.it,4
731,Vezza d'Alba,12040,0173,004241,L817,http://www.comuni-italiani.it/004/241/,base.state_it_cn,base.it,4
732,Vicoforte,12080,0174,004242,L841,http://www.comuni-italiani.it/004/242/,base.state_it_cn,base.it,4
733,Vignolo,12010,0171,004243,L888,http://www.comuni-italiani.it/004/243/,base.state_it_cn,base.it,4
734,Villafalletto,12020,0171,004244,L942,http://www.comuni-italiani.it/004/244/,base.state_it_cn,base.it,4
735,Villanova Mondovì,12089,0174,004245,L974,http://www.comuni-italiani.it/004/245/,base.state_it_cn,base.it,4
736,Villanova Solaro,12030,0172,004246,L990,http://www.comuni-italiani.it/004/246/,base.state_it_cn,base.it,4
737,Villar San Costanzo,12020,0171,004247,M015,http://www.comuni-italiani.it/004/247/,base.state_it_cn,base.it,4
738,Vinadio,12010,0171,004248,M055,http://www.comuni-italiani.it/004/248/,base.state_it_cn,base.it,4
739,Viola,12070,0174,004249,M063,http://www.comuni-italiani.it/004/249/,base.state_it_cn,base.it,4
740,Vottignasco,12020,0171,004250,M136,http://www.comuni-italiani.it/004/250/,base.state_it_cn,base.it,4
741,Agliano Terme,14041,0141,005001,A072,http://www.comuni-italiani.it/005/001/,base.state_it_at,base.it,4
742,Albugnano,14022,011,005002,A173,http://www.comuni-italiani.it/005/002/,base.state_it_at,base.it,4
743,Antignano,14010,0141,005003,A312,http://www.comuni-italiani.it/005/003/,base.state_it_at,base.it,4
744,Aramengo,14020,0141,005004,A352,http://www.comuni-italiani.it/005/004/,base.state_it_at,base.it,4
745,Asti,14100,0141,005005,A479,http://www.comuni-italiani.it/005/005/,base.state_it_at,base.it,4
746,Azzano d'Asti,14030,0141,005006,A527,http://www.comuni-italiani.it/005/006/,base.state_it_at,base.it,4
747,Baldichieri d'Asti,14011,0141,005007,A588,http://www.comuni-italiani.it/005/007/,base.state_it_at,base.it,4
748,Belveglio,14040,0141,005008,A770,http://www.comuni-italiani.it/005/008/,base.state_it_at,base.it,4
749,Berzano di San Pietro,14020,011,005009,A812,http://www.comuni-italiani.it/005/009/,base.state_it_at,base.it,4
750,Bruno,14046,0141,005010,B221,http://www.comuni-italiani.it/005/010/,base.state_it_at,base.it,4
751,Bubbio,14051,0144,005011,B236,http://www.comuni-italiani.it/005/011/,base.state_it_at,base.it,4
752,Buttigliera d'Asti,14021,011,005012,B306,http://www.comuni-italiani.it/005/012/,base.state_it_at,base.it,4
753,Calamandrana,14042,0141,005013,B376,http://www.comuni-italiani.it/005/013/,base.state_it_at,base.it,4
754,Calliano,14031,0141,005014,B418,http://www.comuni-italiani.it/005/014/,base.state_it_at,base.it,4
755,Calosso,14052,0141,005015,B425,http://www.comuni-italiani.it/005/015/,base.state_it_at,base.it,4
756,Camerano Casasco,14020,0141,005016,B469,http://www.comuni-italiani.it/005/016/,base.state_it_at,base.it,4
757,Canelli,14053,0141,005017,B594,http://www.comuni-italiani.it/005/017/,base.state_it_at,base.it,4
758,Cantarana,14010,0141,005018,B633,http://www.comuni-italiani.it/005/018/,base.state_it_at,base.it,4
759,Capriglio,14014,0141,005019,B707,http://www.comuni-italiani.it/005/019/,base.state_it_at,base.it,4
760,Casorzo,14032,0141,005020,B991,http://www.comuni-italiani.it/005/020/,base.state_it_at,base.it,4
761,Cassinasco,14050,0141,005021,C022,http://www.comuni-italiani.it/005/021/,base.state_it_at,base.it,4
762,Castagnole delle Lanze,14054,0141,005022,C049,http://www.comuni-italiani.it/005/022/,base.state_it_at,base.it,4
763,Castagnole Monferrato,14030,0141,005023,C047,http://www.comuni-italiani.it/005/023/,base.state_it_at,base.it,4
764,Castel Boglione,14040,0141,005024,C064,http://www.comuni-italiani.it/005/024/,base.state_it_at,base.it,4
765,Castell'Alfero,14033,0141,005025,C127,http://www.comuni-italiani.it/005/025/,base.state_it_at,base.it,4
766,Castellero,14013,0141,005026,C154,http://www.comuni-italiani.it/005/026/,base.state_it_at,base.it,4
767,Castelletto Molina,14040,0141,005027,C161,http://www.comuni-italiani.it/005/027/,base.state_it_at,base.it,4
768,Castello di Annone,14034,0141,005028,A300,http://www.comuni-italiani.it/005/028/,base.state_it_at,base.it,4
769,Castelnuovo Belbo,14043,0141,005029,C226,http://www.comuni-italiani.it/005/029/,base.state_it_at,base.it,4
770,Castelnuovo Calcea,14040,0141,005030,C230,http://www.comuni-italiani.it/005/030/,base.state_it_at,base.it,4
771,Castelnuovo Don Bosco,14022,011,005031,C232,http://www.comuni-italiani.it/005/031/,base.state_it_at,base.it,4
772,Castel Rocchero,14044,0141,005032,C253,http://www.comuni-italiani.it/005/032/,base.state_it_at,base.it,4
773,Cellarengo,14010,0141,005033,C438,http://www.comuni-italiani.it/005/033/,base.state_it_at,base.it,4
774,Celle Enomondo,14010,0141,005034,C440,http://www.comuni-italiani.it/005/034/,base.state_it_at,base.it,4
775,Cerreto d'Asti,14020,0141,005035,C528,http://www.comuni-italiani.it/005/035/,base.state_it_at,base.it,4
776,Cerro Tanaro,14030,0141,005036,C533,http://www.comuni-italiani.it/005/036/,base.state_it_at,base.it,4
777,Cessole,14050,0144,005037,C583,http://www.comuni-italiani.it/005/037/,base.state_it_at,base.it,4
778,Chiusano d'Asti,14025,0141,005038,C658,http://www.comuni-italiani.it/005/038/,base.state_it_at,base.it,4
779,Cinaglio,14020,0141,005039,C701,http://www.comuni-italiani.it/005/039/,base.state_it_at,base.it,4
780,Cisterna d'Asti,14010,0141,005040,C739,http://www.comuni-italiani.it/005/040/,base.state_it_at,base.it,4
781,Coazzolo,14054,0141,005041,C804,http://www.comuni-italiani.it/005/041/,base.state_it_at,base.it,4
782,Cocconato,14023,0141,005042,C807,http://www.comuni-italiani.it/005/042/,base.state_it_at,base.it,4
783,Corsione,14020,0141,005044,D046,http://www.comuni-italiani.it/005/044/,base.state_it_at,base.it,4
784,Cortandone,14013,0141,005045,D050,http://www.comuni-italiani.it/005/045/,base.state_it_at,base.it,4
785,Cortanze,14020,0141,005046,D051,http://www.comuni-italiani.it/005/046/,base.state_it_at,base.it,4
786,Cortazzone,14010,0141,005047,D052,http://www.comuni-italiani.it/005/047/,base.state_it_at,base.it,4
787,Cortiglione,14040,0141,005048,D072,http://www.comuni-italiani.it/005/048/,base.state_it_at,base.it,4
788,Cossombrato,14020,0141,005049,D101,http://www.comuni-italiani.it/005/049/,base.state_it_at,base.it,4
789,Costigliole d'Asti,14055,0141,005050,D119,http://www.comuni-italiani.it/005/050/,base.state_it_at,base.it,4
790,Cunico,14026,0141,005051,D207,http://www.comuni-italiani.it/005/051/,base.state_it_at,base.it,4
791,Dusino San Michele,14010,0141,005052,D388,http://www.comuni-italiani.it/005/052/,base.state_it_at,base.it,4
792,Ferrere,14012,0141,005053,D554,http://www.comuni-italiani.it/005/053/,base.state_it_at,base.it,4
793,Fontanile,14044,0141,005054,D678,http://www.comuni-italiani.it/005/054/,base.state_it_at,base.it,4
794,Frinco,14030,0141,005055,D802,http://www.comuni-italiani.it/005/055/,base.state_it_at,base.it,4
795,Grana,14031,0141,005056,E134,http://www.comuni-italiani.it/005/056/,base.state_it_at,base.it,4
796,Grazzano Badoglio,14035,0141,005057,E159,http://www.comuni-italiani.it/005/057/,base.state_it_at,base.it,4
797,Incisa Scapaccino,14045,0141,005058,E295,http://www.comuni-italiani.it/005/058/,base.state_it_at,base.it,4
798,Isola d'Asti,14057,0141,005059,E338,http://www.comuni-italiani.it/005/059/,base.state_it_at,base.it,4
799,Loazzolo,14051,0144,005060,E633,http://www.comuni-italiani.it/005/060/,base.state_it_at,base.it,4
800,Maranzana,14040,0141,005061,E917,http://www.comuni-italiani.it/005/061/,base.state_it_at,base.it,4
801,Maretto,14018,0141,005062,E944,http://www.comuni-italiani.it/005/062/,base.state_it_at,base.it,4
802,Moasca,14050,0141,005063,F254,http://www.comuni-italiani.it/005/063/,base.state_it_at,base.it,4
803,Mombaldone,14050,0144,005064,F308,http://www.comuni-italiani.it/005/064/,base.state_it_at,base.it,4
804,Mombaruzzo,14046,0141,005065,F311,http://www.comuni-italiani.it/005/065/,base.state_it_at,base.it,4
805,Mombercelli,14047,0141,005066,F316,http://www.comuni-italiani.it/005/066/,base.state_it_at,base.it,4
806,Monale,14013,0141,005067,F323,http://www.comuni-italiani.it/005/067/,base.state_it_at,base.it,4
807,Monastero Bormida,14058,0144,005068,F325,http://www.comuni-italiani.it/005/068/,base.state_it_at,base.it,4
808,Moncalvo,14036,0141,005069,F336,http://www.comuni-italiani.it/005/069/,base.state_it_at,base.it,4
809,Moncucco Torinese,14024,011,005070,F343,http://www.comuni-italiani.it/005/070/,base.state_it_at,base.it,4
810,Mongardino,14040,0141,005071,F361,http://www.comuni-italiani.it/005/071/,base.state_it_at,base.it,4
811,Montabone,14040,0141,005072,F386,http://www.comuni-italiani.it/005/072/,base.state_it_at,base.it,4
812,Montafia,14014,0141,005073,F390,http://www.comuni-italiani.it/005/073/,base.state_it_at,base.it,4
813,Montaldo Scarampi,14048,0141,005074,F409,http://www.comuni-italiani.it/005/074/,base.state_it_at,base.it,4
814,Montechiaro d'Asti,14025,0141,005075,F468,http://www.comuni-italiani.it/005/075/,base.state_it_at,base.it,4
815,Montegrosso d'Asti,14048,0141,005076,F527,http://www.comuni-italiani.it/005/076/,base.state_it_at,base.it,4
816,Montemagno,14030,0141,005077,F556,http://www.comuni-italiani.it/005/077/,base.state_it_at,base.it,4
817,Moransengo,14023,0141,005079,F709,http://www.comuni-italiani.it/005/079/,base.state_it_at,base.it,4
818,Nizza Monferrato,14049,0141,005080,F902,http://www.comuni-italiani.it/005/080/,base.state_it_at,base.it,4
819,Olmo Gentile,14050,0144,005081,G048,http://www.comuni-italiani.it/005/081/,base.state_it_at,base.it,4
820,Passerano Marmorito,14020,0141,005082,G358,http://www.comuni-italiani.it/005/082/,base.state_it_at,base.it,4
821,Penango,14030,0141,005083,G430,http://www.comuni-italiani.it/005/083/,base.state_it_at,base.it,4
822,Piea,14020,0141,005084,G593,http://www.comuni-italiani.it/005/084/,base.state_it_at,base.it,4
823,Pino d'Asti,14020,011,005085,G676,http://www.comuni-italiani.it/005/085/,base.state_it_at,base.it,4
824,Piovà Massaia,14026,0141,005086,G692,http://www.comuni-italiani.it/005/086/,base.state_it_at,base.it,4
825,Portacomaro,14037,0141,005087,G894,http://www.comuni-italiani.it/005/087/,base.state_it_at,base.it,4
826,Quaranti,14040,0141,005088,H102,http://www.comuni-italiani.it/005/088/,base.state_it_at,base.it,4
827,Refrancore,14030,0141,005089,H219,http://www.comuni-italiani.it/005/089/,base.state_it_at,base.it,4
828,Revigliasco d'Asti,14010,0141,005090,H250,http://www.comuni-italiani.it/005/090/,base.state_it_at,base.it,4
829,Roatto,14018,0141,005091,H366,http://www.comuni-italiani.it/005/091/,base.state_it_at,base.it,4
830,Robella,14020,0141,005092,H376,http://www.comuni-italiani.it/005/092/,base.state_it_at,base.it,4
831,Rocca d'Arazzo,14030,0141,005093,H392,http://www.comuni-italiani.it/005/093/,base.state_it_at,base.it,4
832,Roccaverano,14050,0144,005094,H451,http://www.comuni-italiani.it/005/094/,base.state_it_at,base.it,4
833,Rocchetta Palafea,14042,0141,005095,H466,http://www.comuni-italiani.it/005/095/,base.state_it_at,base.it,4
834,Rocchetta Tanaro,14030,0141,005096,H468,http://www.comuni-italiani.it/005/096/,base.state_it_at,base.it,4
835,San Damiano d'Asti,14015,0141,005097,H811,http://www.comuni-italiani.it/005/097/,base.state_it_at,base.it,4
836,San Giorgio Scarampi,14059,0144,005098,H899,http://www.comuni-italiani.it/005/098/,base.state_it_at,base.it,4
837,San Martino Alfieri,14010,0141,005099,H987,http://www.comuni-italiani.it/005/099/,base.state_it_at,base.it,4
838,San Marzano Oliveto,14050,0141,005100,I017,http://www.comuni-italiani.it/005/100/,base.state_it_at,base.it,4
839,San Paolo Solbrito,14010,0141,005101,I076,http://www.comuni-italiani.it/005/101/,base.state_it_at,base.it,4
840,Scurzolengo,14030,0141,005103,I555,http://www.comuni-italiani.it/005/103/,base.state_it_at,base.it,4
841,Serole,14050,0144,005104,I637,http://www.comuni-italiani.it/005/104/,base.state_it_at,base.it,4
842,Sessame,14058,0144,005105,I678,http://www.comuni-italiani.it/005/105/,base.state_it_at,base.it,4
843,Settime,14020,0141,005106,I698,http://www.comuni-italiani.it/005/106/,base.state_it_at,base.it,4
844,Soglio,14020,0141,005107,I781,http://www.comuni-italiani.it/005/107/,base.state_it_at,base.it,4
845,Tigliole,14016,0141,005108,L168,http://www.comuni-italiani.it/005/108/,base.state_it_at,base.it,4
846,Tonco,14039,0141,005109,L203,http://www.comuni-italiani.it/005/109/,base.state_it_at,base.it,4
847,Tonengo,14023,0141,005110,L204,http://www.comuni-italiani.it/005/110/,base.state_it_at,base.it,4
848,Vaglio Serra,14049,0141,005111,L531,http://www.comuni-italiani.it/005/111/,base.state_it_at,base.it,4
849,Valfenera,14017,0141,005112,L574,http://www.comuni-italiani.it/005/112/,base.state_it_at,base.it,4
850,Vesime,14059,0144,005113,L807,http://www.comuni-italiani.it/005/113/,base.state_it_at,base.it,4
851,Viale,14010,0141,005114,L829,http://www.comuni-italiani.it/005/114/,base.state_it_at,base.it,4
852,Viarigi,14030,0141,005115,L834,http://www.comuni-italiani.it/005/115/,base.state_it_at,base.it,4
853,Vigliano d'Asti,14040,0141,005116,L879,http://www.comuni-italiani.it/005/116/,base.state_it_at,base.it,4
854,Villafranca d'Asti,14018,0141,005117,L945,http://www.comuni-italiani.it/005/117/,base.state_it_at,base.it,4
855,Villanova d'Asti,14019,0141,005118,L984,http://www.comuni-italiani.it/005/118/,base.state_it_at,base.it,4
856,Villa San Secondo,14020,0141,005119,M019,http://www.comuni-italiani.it/005/119/,base.state_it_at,base.it,4
857,Vinchio,14040,0141,005120,M058,http://www.comuni-italiani.it/005/120/,base.state_it_at,base.it,4
858,Montiglio Monferrato,14026,0141,005121,M302,http://www.comuni-italiani.it/005/121/,base.state_it_at,base.it,4
859,Acqui Terme,15011,0144,006001,A052,http://www.comuni-italiani.it/006/001/,base.state_it_al,base.it,4
860,Albera Ligure,15060,0143,006002,A146,http://www.comuni-italiani.it/006/002/,base.state_it_al,base.it,4
861,Alessandria,1512%,0131,006003,A182,http://www.comuni-italiani.it/006/003/,base.state_it_al,base.it,4
862,Alfiano Natta,15021,0141,006004,A189,http://www.comuni-italiani.it/006/004/,base.state_it_al,base.it,4
863,Alice Bel Colle,15010,0144,006005,A197,http://www.comuni-italiani.it/006/005/,base.state_it_al,base.it,4
864,Alluvioni Cambiò,15040,0131,006006,A211,http://www.comuni-italiani.it/006/006/,base.state_it_al,base.it,4
865,Altavilla Monferrato,15041,0142,006007,A227,http://www.comuni-italiani.it/006/007/,base.state_it_al,base.it,4
866,Alzano Scrivia,15050,0131,006008,A245,http://www.comuni-italiani.it/006/008/,base.state_it_al,base.it,4
867,Arquata Scrivia,15061,0143,006009,A436,http://www.comuni-italiani.it/006/009/,base.state_it_al,base.it,4
868,Avolasca,15050,0131,006010,A523,http://www.comuni-italiani.it/006/010/,base.state_it_al,base.it,4
869,Balzola,15031,0142,006011,A605,http://www.comuni-italiani.it/006/011/,base.state_it_al,base.it,4
870,Basaluzzo,15060,0143,006012,A689,http://www.comuni-italiani.it/006/012/,base.state_it_al,base.it,4
871,Bassignana,15042,0131,006013,A708,http://www.comuni-italiani.it/006/013/,base.state_it_al,base.it,4
872,Belforte Monferrato,15070,0143,006014,A738,http://www.comuni-italiani.it/006/014/,base.state_it_al,base.it,4
873,Bergamasco,15022,0131,006015,A793,http://www.comuni-italiani.it/006/015/,base.state_it_al,base.it,4
874,Berzano di Tortona,15050,0131,006016,A813,http://www.comuni-italiani.it/006/016/,base.state_it_al,base.it,4
875,Bistagno,15012,0144,006017,A889,http://www.comuni-italiani.it/006/017/,base.state_it_al,base.it,4
876,Borghetto di Borbera,15060,0143,006018,A998,http://www.comuni-italiani.it/006/018/,base.state_it_al,base.it,4
877,Borgoratto Alessandrino,15013,0131,006019,B029,http://www.comuni-italiani.it/006/019/,base.state_it_al,base.it,4
878,Borgo San Martino,15032,0142,006020,B037,http://www.comuni-italiani.it/006/020/,base.state_it_al,base.it,4
879,Bosco Marengo,15062,0131,006021,B071,http://www.comuni-italiani.it/006/021/,base.state_it_al,base.it,4
880,Bosio,15060,0143,006022,B080,http://www.comuni-italiani.it/006/022/,base.state_it_al,base.it,4
881,Bozzole,15040,0142,006023,B109,http://www.comuni-italiani.it/006/023/,base.state_it_al,base.it,4
882,Brignano-Frascata,15050,0131,006024,B179,http://www.comuni-italiani.it/006/024/,base.state_it_al,base.it,4
883,Cabella Ligure,15060,0143,006025,B311,http://www.comuni-italiani.it/006/025/,base.state_it_al,base.it,4
884,Camagna Monferrato,15030,0142,006026,B453,http://www.comuni-italiani.it/006/026/,base.state_it_al,base.it,4
885,Camino,15020,0142,006027,B482,http://www.comuni-italiani.it/006/027/,base.state_it_al,base.it,4
886,Cantalupo Ligure,15060,0143,006028,B629,http://www.comuni-italiani.it/006/028/,base.state_it_al,base.it,4
887,Capriata d'Orba,15060,0143,006029,B701,http://www.comuni-italiani.it/006/029/,base.state_it_al,base.it,4
888,Carbonara Scrivia,15050,0131,006030,B736,http://www.comuni-italiani.it/006/030/,base.state_it_al,base.it,4
889,Carentino,15026,0131,006031,B765,http://www.comuni-italiani.it/006/031/,base.state_it_al,base.it,4
890,Carezzano,15051,0131,006032,B769,http://www.comuni-italiani.it/006/032/,base.state_it_al,base.it,4
891,Carpeneto,15071,0143,006033,B818,http://www.comuni-italiani.it/006/033/,base.state_it_al,base.it,4
892,Carrega Ligure,15060,0143,006034,B836,http://www.comuni-italiani.it/006/034/,base.state_it_al,base.it,4
893,Carrosio,15060,0143,006035,B840,http://www.comuni-italiani.it/006/035/,base.state_it_al,base.it,4
894,Cartosio,15015,0144,006036,B847,http://www.comuni-italiani.it/006/036/,base.state_it_al,base.it,4
895,Casal Cermelli,15072,0131,006037,B870,http://www.comuni-italiani.it/006/037/,base.state_it_al,base.it,4
896,Casaleggio Boiro,15070,0143,006038,B882,http://www.comuni-italiani.it/006/038/,base.state_it_al,base.it,4
897,Casale Monferrato,15033,0142,006039,B885,http://www.comuni-italiani.it/006/039/,base.state_it_al,base.it,4
898,Casalnoceto,15052,0131,006040,B902,http://www.comuni-italiani.it/006/040/,base.state_it_al,base.it,4
899,Casasco,15050,0131,006041,B941,http://www.comuni-italiani.it/006/041/,base.state_it_al,base.it,4
900,Cassano Spinola,15063,0143,006042,C005,http://www.comuni-italiani.it/006/042/,base.state_it_al,base.it,4
901,Cassine,15016,0144,006043,C027,http://www.comuni-italiani.it/006/043/,base.state_it_al,base.it,4
902,Cassinelle,15070,0143,006044,C030,http://www.comuni-italiani.it/006/044/,base.state_it_al,base.it,4
903,Castellania,15051,0131,006045,C137,http://www.comuni-italiani.it/006/045/,base.state_it_al,base.it,4
904,Castellar Guidobono,15050,0131,006046,C142,http://www.comuni-italiani.it/006/046/,base.state_it_al,base.it,4
905,Castellazzo Bormida,15073,0131,006047,C148,http://www.comuni-italiani.it/006/047/,base.state_it_al,base.it,4
906,Castelletto d'Erro,15010,0144,006048,C156,http://www.comuni-italiani.it/006/048/,base.state_it_al,base.it,4
907,Castelletto d'Orba,15060,0143,006049,C158,http://www.comuni-italiani.it/006/049/,base.state_it_al,base.it,4
908,Castelletto Merli,15020,0141,006050,C160,http://www.comuni-italiani.it/006/050/,base.state_it_al,base.it,4
909,Castelletto Monferrato,15040,0131,006051,C162,http://www.comuni-italiani.it/006/051/,base.state_it_al,base.it,4
910,Castelnuovo Bormida,15017,0144,006052,C229,http://www.comuni-italiani.it/006/052/,base.state_it_al,base.it,4
911,Castelnuovo Scrivia,15053,0131,006053,C243,http://www.comuni-italiani.it/006/053/,base.state_it_al,base.it,4
912,Castelspina,15070,0131,006054,C274,http://www.comuni-italiani.it/006/054/,base.state_it_al,base.it,4
913,Cavatore,15010,0144,006055,C387,http://www.comuni-italiani.it/006/055/,base.state_it_al,base.it,4
914,Cella Monte,15034,0142,006056,C432,http://www.comuni-italiani.it/006/056/,base.state_it_al,base.it,4
915,Cereseto,15020,0142,006057,C503,http://www.comuni-italiani.it/006/057/,base.state_it_al,base.it,4
916,Cerreto Grue,15050,0131,006058,C507,http://www.comuni-italiani.it/006/058/,base.state_it_al,base.it,4
917,Cerrina Monferrato,15020,0142,006059,C531,http://www.comuni-italiani.it/006/059/,base.state_it_al,base.it,4
918,Coniolo,15030,0142,006060,C962,http://www.comuni-italiani.it/006/060/,base.state_it_al,base.it,4
919,Conzano,15030,0142,006061,C977,http://www.comuni-italiani.it/006/061/,base.state_it_al,base.it,4
920,Costa Vescovato,15050,0131,006062,D102,http://www.comuni-italiani.it/006/062/,base.state_it_al,base.it,4
921,Cremolino,15010,0143,006063,D149,http://www.comuni-italiani.it/006/063/,base.state_it_al,base.it,4
922,Cuccaro Monferrato,15040,0131,006064,D194,http://www.comuni-italiani.it/006/064/,base.state_it_al,base.it,4
923,Denice,15010,0144,006065,D272,http://www.comuni-italiani.it/006/065/,base.state_it_al,base.it,4
924,Dernice,15056,0131,006066,D277,http://www.comuni-italiani.it/006/066/,base.state_it_al,base.it,4
925,Fabbrica Curone,15054,0131,006067,D447,http://www.comuni-italiani.it/006/067/,base.state_it_al,base.it,4
926,Felizzano,15023,0131,006068,D528,http://www.comuni-italiani.it/006/068/,base.state_it_al,base.it,4
927,Fraconalto,15060,010,006069,D559,http://www.comuni-italiani.it/006/069/,base.state_it_al,base.it,4
928,Francavilla Bisio,15060,0143,006070,D759,http://www.comuni-italiani.it/006/070/,base.state_it_al,base.it,4
929,Frascaro,15010,0131,006071,D770,http://www.comuni-italiani.it/006/071/,base.state_it_al,base.it,4
930,Frassinello Monferrato,15035,0142,006072,D777,http://www.comuni-italiani.it/006/072/,base.state_it_al,base.it,4
931,Frassineto Po,15040,0142,006073,D780,http://www.comuni-italiani.it/006/073/,base.state_it_al,base.it,4
932,Fresonara,15064,0143,006074,D797,http://www.comuni-italiani.it/006/074/,base.state_it_al,base.it,4
933,Frugarolo,15065,0131,006075,D813,http://www.comuni-italiani.it/006/075/,base.state_it_al,base.it,4
934,Fubine,15043,0131,006076,D814,http://www.comuni-italiani.it/006/076/,base.state_it_al,base.it,4
935,Gabiano,15020,0142,006077,D835,http://www.comuni-italiani.it/006/077/,base.state_it_al,base.it,4
936,Gamalero,15010,0131,006078,D890,http://www.comuni-italiani.it/006/078/,base.state_it_al,base.it,4
937,Garbagna,15050,0131,006079,D910,http://www.comuni-italiani.it/006/079/,base.state_it_al,base.it,4
938,Gavazzana,15063,0143,006080,D941,http://www.comuni-italiani.it/006/080/,base.state_it_al,base.it,4
939,Gavi,15066,0143,006081,D944,http://www.comuni-italiani.it/006/081/,base.state_it_al,base.it,4
940,Giarole,15036,0142,006082,E015,http://www.comuni-italiani.it/006/082/,base.state_it_al,base.it,4
941,Gremiasco,15056,0131,006083,E164,http://www.comuni-italiani.it/006/083/,base.state_it_al,base.it,4
942,Grognardo,15010,0144,006084,E188,http://www.comuni-italiani.it/006/084/,base.state_it_al,base.it,4
943,Grondona,15060,0143,006085,E191,http://www.comuni-italiani.it/006/085/,base.state_it_al,base.it,4
944,Guazzora,15050,0131,006086,E255,http://www.comuni-italiani.it/006/086/,base.state_it_al,base.it,4
945,Isola Sant'Antonio,15050,0131,006087,E360,http://www.comuni-italiani.it/006/087/,base.state_it_al,base.it,4
946,Lerma,15070,0143,006088,E543,http://www.comuni-italiani.it/006/088/,base.state_it_al,base.it,4
947,Lu,15040,0131,006089,E712,http://www.comuni-italiani.it/006/089/,base.state_it_al,base.it,4
948,Malvicino,15015,0144,006090,E870,http://www.comuni-italiani.it/006/090/,base.state_it_al,base.it,4
949,Masio,15024,0131,006091,F015,http://www.comuni-italiani.it/006/091/,base.state_it_al,base.it,4
950,Melazzo,15010,0144,006092,F096,http://www.comuni-italiani.it/006/092/,base.state_it_al,base.it,4
951,Merana,15010,0144,006093,F131,http://www.comuni-italiani.it/006/093/,base.state_it_al,base.it,4
952,Mirabello Monferrato,15040,0142,006094,F232,http://www.comuni-italiani.it/006/094/,base.state_it_al,base.it,4
953,Molare,15074,0143,006095,F281,http://www.comuni-italiani.it/006/095/,base.state_it_al,base.it,4
954,Molino dei Torti,15050,0131,006096,F293,http://www.comuni-italiani.it/006/096/,base.state_it_al,base.it,4
955,Mombello Monferrato,15020,0142,006097,F313,http://www.comuni-italiani.it/006/097/,base.state_it_al,base.it,4
956,Momperone,15050,0131,006098,F320,http://www.comuni-italiani.it/006/098/,base.state_it_al,base.it,4
957,Moncestino,15020,0142,006099,F337,http://www.comuni-italiani.it/006/099/,base.state_it_al,base.it,4
958,Mongiardino Ligure,15060,0143,006100,F365,http://www.comuni-italiani.it/006/100/,base.state_it_al,base.it,4
959,Monleale,15059,0131,006101,F374,http://www.comuni-italiani.it/006/101/,base.state_it_al,base.it,4
960,Montacuto,15050,0131,006102,F387,http://www.comuni-italiani.it/006/102/,base.state_it_al,base.it,4
961,Montaldeo,15060,0143,006103,F403,http://www.comuni-italiani.it/006/103/,base.state_it_al,base.it,4
962,Montaldo Bormida,15010,0143,006104,F404,http://www.comuni-italiani.it/006/104/,base.state_it_al,base.it,4
963,Montecastello,15040,0131,006105,F455,http://www.comuni-italiani.it/006/105/,base.state_it_al,base.it,4
964,Montechiaro d'Acqui,15010,0144,006106,F469,http://www.comuni-italiani.it/006/106/,base.state_it_al,base.it,4
965,Montegioco,15050,0131,006107,F518,http://www.comuni-italiani.it/006/107/,base.state_it_al,base.it,4
966,Montemarzino,15050,0131,006108,F562,http://www.comuni-italiani.it/006/108/,base.state_it_al,base.it,4
967,Morano sul Po,15025,0142,006109,F707,http://www.comuni-italiani.it/006/109/,base.state_it_al,base.it,4
968,Morbello,15010,0144,006110,F713,http://www.comuni-italiani.it/006/110/,base.state_it_al,base.it,4
969,Mornese,15075,0143,006111,F737,http://www.comuni-italiani.it/006/111/,base.state_it_al,base.it,4
970,Morsasco,15010,0144,006112,F751,http://www.comuni-italiani.it/006/112/,base.state_it_al,base.it,4
971,Murisengo,15020,0141,006113,F814,http://www.comuni-italiani.it/006/113/,base.state_it_al,base.it,4
972,Novi Ligure,15067,0143,006114,F965,http://www.comuni-italiani.it/006/114/,base.state_it_al,base.it,4
973,Occimiano,15040,0142,006115,F995,http://www.comuni-italiani.it/006/115/,base.state_it_al,base.it,4
974,Odalengo Grande,15020,0142,006116,F997,http://www.comuni-italiani.it/006/116/,base.state_it_al,base.it,4
975,Odalengo Piccolo,15020,0141,006117,F998,http://www.comuni-italiani.it/006/117/,base.state_it_al,base.it,4
976,Olivola,15030,0142,006118,G042,http://www.comuni-italiani.it/006/118/,base.state_it_al,base.it,4
977,Orsara Bormida,15010,0144,006119,G124,http://www.comuni-italiani.it/006/119/,base.state_it_al,base.it,4
978,Ottiglio,15038,0142,006120,G193,http://www.comuni-italiani.it/006/120/,base.state_it_al,base.it,4
979,Ovada,15076,0143,006121,G197,http://www.comuni-italiani.it/006/121/,base.state_it_al,base.it,4
980,Oviglio,15026,0131,006122,G199,http://www.comuni-italiani.it/006/122/,base.state_it_al,base.it,4
981,Ozzano Monferrato,15039,0142,006123,G204,http://www.comuni-italiani.it/006/123/,base.state_it_al,base.it,4
982,Paderna,15050,0131,006124,G215,http://www.comuni-italiani.it/006/124/,base.state_it_al,base.it,4
983,Pareto,15010,019,006125,G334,http://www.comuni-italiani.it/006/125/,base.state_it_al,base.it,4
984,Parodi Ligure,15060,0143,006126,G338,http://www.comuni-italiani.it/006/126/,base.state_it_al,base.it,4
985,Pasturana,15060,0143,006127,G367,http://www.comuni-italiani.it/006/127/,base.state_it_al,base.it,4
986,Pecetto di Valenza,15040,0131,006128,G397,http://www.comuni-italiani.it/006/128/,base.state_it_al,base.it,4
987,Pietra Marazzi,15040,0131,006129,G619,http://www.comuni-italiani.it/006/129/,base.state_it_al,base.it,4
988,Piovera,15040,0131,006130,G695,http://www.comuni-italiani.it/006/130/,base.state_it_al,base.it,4
989,Pomaro Monferrato,15040,0142,006131,G807,http://www.comuni-italiani.it/006/131/,base.state_it_al,base.it,4
990,Pontecurone,15055,0131,006132,G839,http://www.comuni-italiani.it/006/132/,base.state_it_al,base.it,4
991,Pontestura,15027,0142,006133,G858,http://www.comuni-italiani.it/006/133/,base.state_it_al,base.it,4
992,Ponti,15010,0144,006134,G861,http://www.comuni-italiani.it/006/134/,base.state_it_al,base.it,4
993,Ponzano Monferrato,15020,0141,006135,G872,http://www.comuni-italiani.it/006/135/,base.state_it_al,base.it,4
994,Ponzone,15010,0144,006136,G877,http://www.comuni-italiani.it/006/136/,base.state_it_al,base.it,4
995,Pozzol Groppo,15050,0131,006137,G960,http://www.comuni-italiani.it/006/137/,base.state_it_al,base.it,4
996,Pozzolo Formigaro,15068,0143,006138,G961,http://www.comuni-italiani.it/006/138/,base.state_it_al,base.it,4
997,Prasco,15010,0144,006139,G987,http://www.comuni-italiani.it/006/139/,base.state_it_al,base.it,4
998,Predosa,15077,0131,006140,H021,http://www.comuni-italiani.it/006/140/,base.state_it_al,base.it,4
999,Quargnento,15044,0131,006141,H104,http://www.comuni-italiani.it/006/141/,base.state_it_al,base.it,4
1000,Quattordio,15028,0131,006142,H121,http://www.comuni-italiani.it/006/142/,base.state_it_al,base.it,4
1001,Ricaldone,15010,0144,006143,H272,http://www.comuni-italiani.it/006/143/,base.state_it_al,base.it,4
1002,Rivalta Bormida,15010,0144,006144,H334,http://www.comuni-italiani.it/006/144/,base.state_it_al,base.it,4
1003,Rivarone,15040,0131,006145,H343,http://www.comuni-italiani.it/006/145/,base.state_it_al,base.it,4
1004,Roccaforte Ligure,15060,0143,006146,H406,http://www.comuni-italiani.it/006/146/,base.state_it_al,base.it,4
1005,Rocca Grimalda,15078,0143,006147,H414,http://www.comuni-italiani.it/006/147/,base.state_it_al,base.it,4
1006,Rocchetta Ligure,15060,0143,006148,H465,http://www.comuni-italiani.it/006/148/,base.state_it_al,base.it,4
1007,Rosignano Monferrato,15030,0142,006149,H569,http://www.comuni-italiani.it/006/149/,base.state_it_al,base.it,4
1008,Sala Monferrato,15030,0142,006150,H677,http://www.comuni-italiani.it/006/150/,base.state_it_al,base.it,4
1009,Sale,15045,0131,006151,H694,http://www.comuni-italiani.it/006/151/,base.state_it_al,base.it,4
1010,San Cristoforo,15060,0143,006152,H810,http://www.comuni-italiani.it/006/152/,base.state_it_al,base.it,4
1011,San Giorgio Monferrato,15020,0142,006153,H878,http://www.comuni-italiani.it/006/153/,base.state_it_al,base.it,4
1012,San Salvatore Monferrato,15046,0131,006154,I144,http://www.comuni-italiani.it/006/154/,base.state_it_al,base.it,4
1013,San Sebastiano Curone,15056,0131,006155,I150,http://www.comuni-italiani.it/006/155/,base.state_it_al,base.it,4
1014,Sant'Agata Fossili,15050,0131,006156,I190,http://www.comuni-italiani.it/006/156/,base.state_it_al,base.it,4
1015,Sardigliano,15060,0143,006157,I429,http://www.comuni-italiani.it/006/157/,base.state_it_al,base.it,4
1016,Sarezzano,15050,0131,006158,I432,http://www.comuni-italiani.it/006/158/,base.state_it_al,base.it,4
1017,Serralunga di Crea,15020,0142,006159,I645,http://www.comuni-italiani.it/006/159/,base.state_it_al,base.it,4
1018,Serravalle Scrivia,15069,0143,006160,I657,http://www.comuni-italiani.it/006/160/,base.state_it_al,base.it,4
1019,Sezzadio,15079,0131,006161,I711,http://www.comuni-italiani.it/006/161/,base.state_it_al,base.it,4
1020,Silvano d'Orba,15060,0143,006162,I738,http://www.comuni-italiani.it/006/162/,base.state_it_al,base.it,4
1021,Solero,15029,0131,006163,I798,http://www.comuni-italiani.it/006/163/,base.state_it_al,base.it,4
1022,Solonghello,15020,0142,006164,I808,http://www.comuni-italiani.it/006/164/,base.state_it_al,base.it,4
1023,Spigno Monferrato,15018,0144,006165,I901,http://www.comuni-italiani.it/006/165/,base.state_it_al,base.it,4
1024,Spineto Scrivia,15050,0131,006166,I911,http://www.comuni-italiani.it/006/166/,base.state_it_al,base.it,4
1025,Stazzano,15060,0143,006167,I941,http://www.comuni-italiani.it/006/167/,base.state_it_al,base.it,4
1026,Strevi,15019,0144,006168,I977,http://www.comuni-italiani.it/006/168/,base.state_it_al,base.it,4
1027,Tagliolo Monferrato,15070,0143,006169,L027,http://www.comuni-italiani.it/006/169/,base.state_it_al,base.it,4
1028,Tassarolo,15060,0143,006170,L059,http://www.comuni-italiani.it/006/170/,base.state_it_al,base.it,4
1029,Terruggia,15030,0142,006171,L139,http://www.comuni-italiani.it/006/171/,base.state_it_al,base.it,4
1030,Terzo,15010,0144,006172,L143,http://www.comuni-italiani.it/006/172/,base.state_it_al,base.it,4
1031,Ticineto,15040,0142,006173,L165,http://www.comuni-italiani.it/006/173/,base.state_it_al,base.it,4
1032,Tortona,15057,0131,006174,L304,http://www.comuni-italiani.it/006/174/,base.state_it_al,base.it,4
1033,Treville,15030,0142,006175,L403,http://www.comuni-italiani.it/006/175/,base.state_it_al,base.it,4
1034,Trisobbio,15070,0143,006176,L432,http://www.comuni-italiani.it/006/176/,base.state_it_al,base.it,4
1035,Valenza,15048,0131,006177,L570,http://www.comuni-italiani.it/006/177/,base.state_it_al,base.it,4
1036,Valmacca,15040,0142,006178,L633,http://www.comuni-italiani.it/006/178/,base.state_it_al,base.it,4
1037,Vignale Monferrato,15049,0142,006179,L881,http://www.comuni-italiani.it/006/179/,base.state_it_al,base.it,4
1038,Vignole Borbera,15060,0143,006180,L887,http://www.comuni-italiani.it/006/180/,base.state_it_al,base.it,4
1039,Viguzzolo,15058,0131,006181,L904,http://www.comuni-italiani.it/006/181/,base.state_it_al,base.it,4
1040,Villadeati,15020,0141,006182,L931,http://www.comuni-italiani.it/006/182/,base.state_it_al,base.it,4
1041,Villalvernia,15050,0131,006183,L963,http://www.comuni-italiani.it/006/183/,base.state_it_al,base.it,4
1042,Villamiroglio,15020,0142,006184,L970,http://www.comuni-italiani.it/006/184/,base.state_it_al,base.it,4
1043,Villanova Monferrato,15030,0142,006185,L972,http://www.comuni-italiani.it/006/185/,base.state_it_al,base.it,4
1044,Villaromagnano,15050,0131,006186,M009,http://www.comuni-italiani.it/006/186/,base.state_it_al,base.it,4
1045,Visone,15010,0144,006187,M077,http://www.comuni-italiani.it/006/187/,base.state_it_al,base.it,4
1046,Volpedo,15059,0131,006188,M120,http://www.comuni-italiani.it/006/188/,base.state_it_al,base.it,4
1047,Volpeglino,15050,0131,006189,M121,http://www.comuni-italiani.it/006/189/,base.state_it_al,base.it,4
1048,Voltaggio,15060,010,006190,M123,http://www.comuni-italiani.it/006/190/,base.state_it_al,base.it,4
1049,Allein,11010,0165,007001,A205,http://www.comuni-italiani.it/007/001/,base.state_it_ao,base.it,4
1050,Antey-Saint-Andrè,11020,0166,007002,A305,http://www.comuni-italiani.it/007/002/,base.state_it_ao,base.it,4
1051,Aosta,11100,0165,007003,A326,http://www.comuni-italiani.it/007/003/,base.state_it_ao,base.it,4
1052,Arnad,11020,0125,007004,A424,http://www.comuni-italiani.it/007/004/,base.state_it_ao,base.it,4
1053,Arvier,11011,0165,007005,A452,http://www.comuni-italiani.it/007/005/,base.state_it_ao,base.it,4
1054,Avise,11010,0165,007006,A521,http://www.comuni-italiani.it/007/006/,base.state_it_ao,base.it,4
1055,Ayas,11020,0125,007007,A094,http://www.comuni-italiani.it/007/007/,base.state_it_ao,base.it,4
1056,Aymavilles,11010,0165,007008,A108,http://www.comuni-italiani.it/007/008/,base.state_it_ao,base.it,4
1057,Bard,11020,0125,007009,A643,http://www.comuni-italiani.it/007/009/,base.state_it_ao,base.it,4
1058,Bionaz,11010,0165,007010,A877,http://www.comuni-italiani.it/007/010/,base.state_it_ao,base.it,4
1059,Brissogne,11020,0165,007011,B192,http://www.comuni-italiani.it/007/011/,base.state_it_ao,base.it,4
1060,Brusson,11022,0125,007012,B230,http://www.comuni-italiani.it/007/012/,base.state_it_ao,base.it,4
1061,Challand-Saint-Anselme,11020,0125,007013,C593,http://www.comuni-italiani.it/007/013/,base.state_it_ao,base.it,4
1062,Challand-Saint-Victor,11020,0125,007014,C594,http://www.comuni-italiani.it/007/014/,base.state_it_ao,base.it,4
1063,Chambave,11023,0166,007015,C595,http://www.comuni-italiani.it/007/015/,base.state_it_ao,base.it,4
1064,Chamois,11020,0166,007016,B491,http://www.comuni-italiani.it/007/016/,base.state_it_ao,base.it,4
1065,Champdepraz,11020,0125,007017,C596,http://www.comuni-italiani.it/007/017/,base.state_it_ao,base.it,4
1066,Champorcher,11020,0125,007018,B540,http://www.comuni-italiani.it/007/018/,base.state_it_ao,base.it,4
1067,Charvensod,11020,0165,007019,C598,http://www.comuni-italiani.it/007/019/,base.state_it_ao,base.it,4
1068,Chatillon,11024,0166,007020,C294,http://www.comuni-italiani.it/007/020/,base.state_it_ao,base.it,4
1069,Cogne,11012,0165,007021,C821,http://www.comuni-italiani.it/007/021/,base.state_it_ao,base.it,4
1070,Courmayeur,11013,0165,007022,D012,http://www.comuni-italiani.it/007/022/,base.state_it_ao,base.it,4
1071,Donnas,11020,0125,007023,D338,http://www.comuni-italiani.it/007/023/,base.state_it_ao,base.it,4
1072,Doues,11010,0165,007024,D356,http://www.comuni-italiani.it/007/024/,base.state_it_ao,base.it,4
1073,Emarèse,11020,0166,007025,D402,http://www.comuni-italiani.it/007/025/,base.state_it_ao,base.it,4
1074,Etroubles,11014,0165,007026,D444,http://www.comuni-italiani.it/007/026/,base.state_it_ao,base.it,4
1075,Fénis,11020,0165,007027,D537,http://www.comuni-italiani.it/007/027/,base.state_it_ao,base.it,4
1076,Fontainemore,11020,0125,007028,D666,http://www.comuni-italiani.it/007/028/,base.state_it_ao,base.it,4
1077,Gaby,11020,0125,007029,D839,http://www.comuni-italiani.it/007/029/,base.state_it_ao,base.it,4
1078,Gignod,11010,0165,007030,E029,http://www.comuni-italiani.it/007/030/,base.state_it_ao,base.it,4
1079,Gressan,11020,0165,007031,E165,http://www.comuni-italiani.it/007/031/,base.state_it_ao,base.it,4
1080,Gressoney-La-Trinitè,11020,0125,007032,E167,http://www.comuni-italiani.it/007/032/,base.state_it_ao,base.it,4
1081,Gressoney-Saint-Jean,11025,0125,007033,E168,http://www.comuni-italiani.it/007/033/,base.state_it_ao,base.it,4
1082,Hone,11020,0125,007034,E273,http://www.comuni-italiani.it/007/034/,base.state_it_ao,base.it,4
1083,Introd,11010,0165,007035,E306,http://www.comuni-italiani.it/007/035/,base.state_it_ao,base.it,4
1084,Issime,11020,0125,007036,E369,http://www.comuni-italiani.it/007/036/,base.state_it_ao,base.it,4
1085,Issogne,11020,0125,007037,E371,http://www.comuni-italiani.it/007/037/,base.state_it_ao,base.it,4
1086,Jovencan,11020,0165,007038,E391,http://www.comuni-italiani.it/007/038/,base.state_it_ao,base.it,4
1087,La Magdeleine,11020,0166,007039,A308,http://www.comuni-italiani.it/007/039/,base.state_it_ao,base.it,4
1088,La Salle,11015,0165,007040,E458,http://www.comuni-italiani.it/007/040/,base.state_it_ao,base.it,4
1089,La Thuile,11016,0165,007041,E470,http://www.comuni-italiani.it/007/041/,base.state_it_ao,base.it,4
1090,Lillianes,11020,0125,007042,E587,http://www.comuni-italiani.it/007/042/,base.state_it_ao,base.it,4
1091,Montjovet,11020,0166,007043,F367,http://www.comuni-italiani.it/007/043/,base.state_it_ao,base.it,4
1092,Morgex,11017,0165,007044,F726,http://www.comuni-italiani.it/007/044/,base.state_it_ao,base.it,4
1093,Nus,11020,0165,007045,F987,http://www.comuni-italiani.it/007/045/,base.state_it_ao,base.it,4
1094,Ollomont,11010,0165,007046,G045,http://www.comuni-italiani.it/007/046/,base.state_it_ao,base.it,4
1095,Oyace,11010,0165,007047,G012,http://www.comuni-italiani.it/007/047/,base.state_it_ao,base.it,4
1096,Perloz,11020,0125,007048,G459,http://www.comuni-italiani.it/007/048/,base.state_it_ao,base.it,4
1097,Pollein,11020,0165,007049,G794,http://www.comuni-italiani.it/007/049/,base.state_it_ao,base.it,4
1098,Pontboset,11020,0125,007050,G545,http://www.comuni-italiani.it/007/050/,base.state_it_ao,base.it,4
1099,Pontey,11024,0166,007051,G860,http://www.comuni-italiani.it/007/051/,base.state_it_ao,base.it,4
1100,Pont-Saint-Martin,11026,0125,007052,G854,http://www.comuni-italiani.it/007/052/,base.state_it_ao,base.it,4
1101,Prè-Saint-Didier,11010,0165,007053,H042,http://www.comuni-italiani.it/007/053/,base.state_it_ao,base.it,4
1102,Quart,11020,0165,007054,H110,http://www.comuni-italiani.it/007/054/,base.state_it_ao,base.it,4
1103,Rhemes-Notre-Dame,11010,0165,007055,H262,http://www.comuni-italiani.it/007/055/,base.state_it_ao,base.it,4
1104,Rhemes-Saint-Georges,11010,0165,007056,H263,http://www.comuni-italiani.it/007/056/,base.state_it_ao,base.it,4
1105,Roisan,11010,0165,007057,H497,http://www.comuni-italiani.it/007/057/,base.state_it_ao,base.it,4
1106,Saint-Christophe,11020,0165,007058,H669,http://www.comuni-italiani.it/007/058/,base.state_it_ao,base.it,4
1107,Saint-Denis,11023,0166,007059,H670,http://www.comuni-italiani.it/007/059/,base.state_it_ao,base.it,4
1108,Saint-Marcel,11020,0165,007060,H671,http://www.comuni-italiani.it/007/060/,base.state_it_ao,base.it,4
1109,Saint-Nicolas,11010,0165,007061,H672,http://www.comuni-italiani.it/007/061/,base.state_it_ao,base.it,4
1110,Saint-Oyen,11014,0165,007062,H673,http://www.comuni-italiani.it/007/062/,base.state_it_ao,base.it,4
1111,Saint-Pierre,11010,0165,007063,H674,http://www.comuni-italiani.it/007/063/,base.state_it_ao,base.it,4
1112,Saint-Rhémy-en-Bosses,11010,0165,007064,H675,http://www.comuni-italiani.it/007/064/,base.state_it_ao,base.it,4
1113,Saint-Vincent,11027,0166,007065,H676,http://www.comuni-italiani.it/007/065/,base.state_it_ao,base.it,4
1114,Sarre,11010,0165,007066,I442,http://www.comuni-italiani.it/007/066/,base.state_it_ao,base.it,4
1115,Torgnon,11020,0166,007067,L217,http://www.comuni-italiani.it/007/067/,base.state_it_ao,base.it,4
1116,Valgrisenche,11010,0165,007068,L582,http://www.comuni-italiani.it/007/068/,base.state_it_ao,base.it,4
1117,Valpelline,11010,0165,007069,L643,http://www.comuni-italiani.it/007/069/,base.state_it_ao,base.it,4
1118,Valsavarenche,11010,0165,007070,L647,http://www.comuni-italiani.it/007/070/,base.state_it_ao,base.it,4
1119,Valtournenche,11028,0166,007071,L654,http://www.comuni-italiani.it/007/071/,base.state_it_ao,base.it,4
1120,Verrayes,11020,0166,007072,L783,http://www.comuni-italiani.it/007/072/,base.state_it_ao,base.it,4
1121,Verrès,11029,0125,007073,C282,http://www.comuni-italiani.it/007/073/,base.state_it_ao,base.it,4
1122,Villeneuve,11018,0165,007074,L981,http://www.comuni-italiani.it/007/074/,base.state_it_ao,base.it,4
1123,Airole,18030,0184,008001,A111,http://www.comuni-italiani.it/008/001/,base.state_it_im,base.it,4
1124,Apricale,18035,0184,008002,A338,http://www.comuni-italiani.it/008/002/,base.state_it_im,base.it,4
1125,Aquila d'Arroscia,18020,0183,008003,A344,http://www.comuni-italiani.it/008/003/,base.state_it_im,base.it,4
1126,Armo,18026,0183,008004,A418,http://www.comuni-italiani.it/008/004/,base.state_it_im,base.it,4
1127,Aurigo,18020,0183,008005,A499,http://www.comuni-italiani.it/008/005/,base.state_it_im,base.it,4
1128,Badalucco,18010,0184,008006,A536,http://www.comuni-italiani.it/008/006/,base.state_it_im,base.it,4
1129,Bajardo,18031,0184,008007,A581,http://www.comuni-italiani.it/008/007/,base.state_it_im,base.it,4
1130,Bordighera,18012,0184,008008,A984,http://www.comuni-italiani.it/008/008/,base.state_it_im,base.it,4
1131,Borghetto d'Arroscia,18020,0183,008009,A993,http://www.comuni-italiani.it/008/009/,base.state_it_im,base.it,4
1132,Borgomaro,18021,0183,008010,B020,http://www.comuni-italiani.it/008/010/,base.state_it_im,base.it,4
1133,Camporosso,18033,0184,008011,B559,http://www.comuni-italiani.it/008/011/,base.state_it_im,base.it,4
1134,Caravonica,18020,0183,008012,B734,http://www.comuni-italiani.it/008/012/,base.state_it_im,base.it,4
1135,Carpasio,18010,0184,008013,B814,http://www.comuni-italiani.it/008/013/,base.state_it_im,base.it,4
1136,Castellaro,18011,0184,008014,C143,http://www.comuni-italiani.it/008/014/,base.state_it_im,base.it,4
1137,Castel Vittorio,18030,0184,008015,C110,http://www.comuni-italiani.it/008/015/,base.state_it_im,base.it,4
1138,Ceriana,18034,0184,008016,C511,http://www.comuni-italiani.it/008/016/,base.state_it_im,base.it,4
1139,Cervo,18010,0183,008017,C559,http://www.comuni-italiani.it/008/017/,base.state_it_im,base.it,4
1140,Cesio,18022,0183,008018,C578,http://www.comuni-italiani.it/008/018/,base.state_it_im,base.it,4
1141,Chiusanico,18027,0183,008019,C657,http://www.comuni-italiani.it/008/019/,base.state_it_im,base.it,4
1142,Chiusavecchia,18027,0183,008020,C660,http://www.comuni-italiani.it/008/020/,base.state_it_im,base.it,4
1143,Cipressa,18017,0183,008021,C718,http://www.comuni-italiani.it/008/021/,base.state_it_im,base.it,4
1144,Civezza,18017,0183,008022,C755,http://www.comuni-italiani.it/008/022/,base.state_it_im,base.it,4
1145,Cosio d'Arroscia,18023,0183,008023,D087,http://www.comuni-italiani.it/008/023/,base.state_it_im,base.it,4
1146,Costarainera,18017,0183,008024,D114,http://www.comuni-italiani.it/008/024/,base.state_it_im,base.it,4
1147,Diano Arentino,18013,0183,008025,D293,http://www.comuni-italiani.it/008/025/,base.state_it_im,base.it,4
1148,Diano Castello,18013,0183,008026,D296,http://www.comuni-italiani.it/008/026/,base.state_it_im,base.it,4
1149,Diano Marina,18013,0183,008027,D297,http://www.comuni-italiani.it/008/027/,base.state_it_im,base.it,4
1150,Diano San Pietro,18013,0183,008028,D298,http://www.comuni-italiani.it/008/028/,base.state_it_im,base.it,4
1151,Dolceacqua,18035,0184,008029,D318,http://www.comuni-italiani.it/008/029/,base.state_it_im,base.it,4
1152,Dolcedo,18020,0183,008030,D319,http://www.comuni-italiani.it/008/030/,base.state_it_im,base.it,4
1153,Imperia,18100,0183,008031,E290,http://www.comuni-italiani.it/008/031/,base.state_it_im,base.it,4
1154,Isolabona,18035,0184,008032,E346,http://www.comuni-italiani.it/008/032/,base.state_it_im,base.it,4
1155,Lucinasco,18020,0183,008033,E719,http://www.comuni-italiani.it/008/033/,base.state_it_im,base.it,4
1156,Mendatica,18025,0183,008034,F123,http://www.comuni-italiani.it/008/034/,base.state_it_im,base.it,4
1157,Molini di Triora,18010,0184,008035,F290,http://www.comuni-italiani.it/008/035/,base.state_it_im,base.it,4
1158,Montalto Ligure,18010,0184,008036,F406,http://www.comuni-italiani.it/008/036/,base.state_it_im,base.it,4
1159,Montegrosso Pian Latte,18025,0183,008037,F528,http://www.comuni-italiani.it/008/037/,base.state_it_im,base.it,4
1160,Olivetta San Michele,18030,0184,008038,G041,http://www.comuni-italiani.it/008/038/,base.state_it_im,base.it,4
1161,Ospedaletti,18014,0184,008039,G164,http://www.comuni-italiani.it/008/039/,base.state_it_im,base.it,4
1162,Perinaldo,18032,0184,008040,G454,http://www.comuni-italiani.it/008/040/,base.state_it_im,base.it,4
1163,Pietrabruna,18010,0183,008041,G607,http://www.comuni-italiani.it/008/041/,base.state_it_im,base.it,4
1164,Pieve di Teco,18026,0183,008042,G632,http://www.comuni-italiani.it/008/042/,base.state_it_im,base.it,4
1165,Pigna,18037,0184,008043,G660,http://www.comuni-italiani.it/008/043/,base.state_it_im,base.it,4
1166,Pompeiana,18015,0184,008044,G814,http://www.comuni-italiani.it/008/044/,base.state_it_im,base.it,4
1167,Pontedassio,18027,0183,008045,G840,http://www.comuni-italiani.it/008/045/,base.state_it_im,base.it,4
1168,Pornassio,18024,0183,008046,G890,http://www.comuni-italiani.it/008/046/,base.state_it_im,base.it,4
1169,Prelà,18020,0183,008047,H027,http://www.comuni-italiani.it/008/047/,base.state_it_im,base.it,4
1170,Ranzo,18020,0183,008048,H180,http://www.comuni-italiani.it/008/048/,base.state_it_im,base.it,4
1171,Rezzo,18026,0183,008049,H257,http://www.comuni-italiani.it/008/049/,base.state_it_im,base.it,4
1172,Riva Ligure,18015,0184,008050,H328,http://www.comuni-italiani.it/008/050/,base.state_it_im,base.it,4
1173,Rocchetta Nervina,18030,0184,008051,H460,http://www.comuni-italiani.it/008/051/,base.state_it_im,base.it,4
1174,San Bartolomeo al Mare,18016,0183,008052,H763,http://www.comuni-italiani.it/008/052/,base.state_it_im,base.it,4
1175,San Biagio della Cima,18036,0184,008053,H780,http://www.comuni-italiani.it/008/053/,base.state_it_im,base.it,4
1176,San Lorenzo al Mare,18017,0183,008054,H957,http://www.comuni-italiani.it/008/054/,base.state_it_im,base.it,4
1177,Sanremo,18038,0184,008055,I138,http://www.comuni-italiani.it/008/055/,base.state_it_im,base.it,4
1178,Santo Stefano al Mare,18010,0184,008056,I365,http://www.comuni-italiani.it/008/056/,base.state_it_im,base.it,4
1179,Seborga,18012,0184,008057,I556,http://www.comuni-italiani.it/008/057/,base.state_it_im,base.it,4
1180,Soldano,18036,0184,008058,I796,http://www.comuni-italiani.it/008/058/,base.state_it_im,base.it,4
1181,Taggia,18018,0184,008059,L024,http://www.comuni-italiani.it/008/059/,base.state_it_im,base.it,4
1182,Terzorio,18010,0184,008060,L146,http://www.comuni-italiani.it/008/060/,base.state_it_im,base.it,4
1183,Triora,18010,0184,008061,L430,http://www.comuni-italiani.it/008/061/,base.state_it_im,base.it,4
1184,Vallebona,18012,0184,008062,L596,http://www.comuni-italiani.it/008/062/,base.state_it_im,base.it,4
1185,Vallecrosia,18019,0184,008063,L599,http://www.comuni-italiani.it/008/063/,base.state_it_im,base.it,4
1186,Vasia,18020,0183,008064,L693,http://www.comuni-italiani.it/008/064/,base.state_it_im,base.it,4
1187,Ventimiglia,18039,0184,008065,L741,http://www.comuni-italiani.it/008/065/,base.state_it_im,base.it,4
1188,Vessalico,18026,0183,008066,L809,http://www.comuni-italiani.it/008/066/,base.state_it_im,base.it,4
1189,Villa Faraldi,18010,0183,008067,L943,http://www.comuni-italiani.it/008/067/,base.state_it_im,base.it,4
1190,Alassio,17021,0182,009001,A122,http://www.comuni-italiani.it/009/001/,base.state_it_sv,base.it,4
1191,Albenga,17031,0182,009002,A145,http://www.comuni-italiani.it/009/002/,base.state_it_sv,base.it,4
1192,Albissola Marina,17012,019,009003,A165,http://www.comuni-italiani.it/009/003/,base.state_it_sv,base.it,4
1193,Albisola Superiore,17011,019,009004,A166,http://www.comuni-italiani.it/009/004/,base.state_it_sv,base.it,4
1194,Altare,17041,019,009005,A226,http://www.comuni-italiani.it/009/005/,base.state_it_sv,base.it,4
1195,Andora,17051,0182,009006,A278,http://www.comuni-italiani.it/009/006/,base.state_it_sv,base.it,4
1196,Arnasco,17032,0182,009007,A422,http://www.comuni-italiani.it/009/007/,base.state_it_sv,base.it,4
1197,Balestrino,17020,0182,009008,A593,http://www.comuni-italiani.it/009/008/,base.state_it_sv,base.it,4
1198,Bardineto,17057,019,009009,A647,http://www.comuni-italiani.it/009/009/,base.state_it_sv,base.it,4
1199,Bergeggi,17028,019,009010,A796,http://www.comuni-italiani.it/009/010/,base.state_it_sv,base.it,4
1200,Boissano,17054,0182,009011,A931,http://www.comuni-italiani.it/009/011/,base.state_it_sv,base.it,4
1201,Borghetto Santo Spirito,17052,0182,009012,A999,http://www.comuni-italiani.it/009/012/,base.state_it_sv,base.it,4
1202,Borgio Verezzi,17022,019,009013,B005,http://www.comuni-italiani.it/009/013/,base.state_it_sv,base.it,4
1203,Bormida,17045,019,009014,B048,http://www.comuni-italiani.it/009/014/,base.state_it_sv,base.it,4
1204,Cairo Montenotte,17014,019,009015,B369,http://www.comuni-italiani.it/009/015/,base.state_it_sv,base.it,4
1205,Calice Ligure,17020,019,009016,B409,http://www.comuni-italiani.it/009/016/,base.state_it_sv,base.it,4
1206,Calizzano,17057,019,009017,B416,http://www.comuni-italiani.it/009/017/,base.state_it_sv,base.it,4
1207,Carcare,17043,019,009018,B748,http://www.comuni-italiani.it/009/018/,base.state_it_sv,base.it,4
1208,Casanova Lerrone,17033,0182,009019,B927,http://www.comuni-italiani.it/009/019/,base.state_it_sv,base.it,4
1209,Castelbianco,17030,0182,009020,C063,http://www.comuni-italiani.it/009/020/,base.state_it_sv,base.it,4
1210,Castelvecchio di Rocca Barbena,17034,0182,009021,C276,http://www.comuni-italiani.it/009/021/,base.state_it_sv,base.it,4
1211,Celle Ligure,17015,019,009022,C443,http://www.comuni-italiani.it/009/022/,base.state_it_sv,base.it,4
1212,Cengio,17056,019,009023,C463,http://www.comuni-italiani.it/009/023/,base.state_it_sv,base.it,4
1213,Ceriale,17023,0182,009024,C510,http://www.comuni-italiani.it/009/024/,base.state_it_sv,base.it,4
1214,Cisano sul Neva,17035,0182,009025,C729,http://www.comuni-italiani.it/009/025/,base.state_it_sv,base.it,4
1215,Cosseria,17017,019,009026,D095,http://www.comuni-italiani.it/009/026/,base.state_it_sv,base.it,4
1216,Dego,17058,019,009027,D264,http://www.comuni-italiani.it/009/027/,base.state_it_sv,base.it,4
1217,Erli,17030,0182,009028,D424,http://www.comuni-italiani.it/009/028/,base.state_it_sv,base.it,4
1218,Finale Ligure,17024,019,009029,D600,http://www.comuni-italiani.it/009/029/,base.state_it_sv,base.it,4
1219,Garlenda,17033,0182,009030,D927,http://www.comuni-italiani.it/009/030/,base.state_it_sv,base.it,4
1220,Giustenice,17027,019,009031,E064,http://www.comuni-italiani.it/009/031/,base.state_it_sv,base.it,4
1221,Giusvalla,17010,019,009032,E066,http://www.comuni-italiani.it/009/032/,base.state_it_sv,base.it,4
1222,Laigueglia,17053,0182,009033,E414,http://www.comuni-italiani.it/009/033/,base.state_it_sv,base.it,4
1223,Loano,17025,019,009034,E632,http://www.comuni-italiani.it/009/034/,base.state_it_sv,base.it,4
1224,Magliolo,17020,019,009035,E816,http://www.comuni-italiani.it/009/035/,base.state_it_sv,base.it,4
1225,Mallare,17045,019,009036,E860,http://www.comuni-italiani.it/009/036/,base.state_it_sv,base.it,4
1226,Massimino,12071,019,009037,F046,http://www.comuni-italiani.it/009/037/,base.state_it_sv,base.it,4
1227,Millesimo,17017,019,009038,F213,http://www.comuni-italiani.it/009/038/,base.state_it_sv,base.it,4
1228,Mioglia,17040,019,009039,F226,http://www.comuni-italiani.it/009/039/,base.state_it_sv,base.it,4
1229,Murialdo,17013,019,009040,F813,http://www.comuni-italiani.it/009/040/,base.state_it_sv,base.it,4
1230,Nasino,17030,0182,009041,F847,http://www.comuni-italiani.it/009/041/,base.state_it_sv,base.it,4
1231,Noli,17026,019,009042,F926,http://www.comuni-italiani.it/009/042/,base.state_it_sv,base.it,4
1232,Onzo,17037,0182,009043,G076,http://www.comuni-italiani.it/009/043/,base.state_it_sv,base.it,4
1233,Orco Feglino,17024,019,009044,D522,http://www.comuni-italiani.it/009/044/,base.state_it_sv,base.it,4
1234,Ortovero,17037,0182,009045,G144,http://www.comuni-italiani.it/009/045/,base.state_it_sv,base.it,4
1235,Osiglia,17010,019,009046,G155,http://www.comuni-italiani.it/009/046/,base.state_it_sv,base.it,4
1236,Pallare,17043,019,009047,G281,http://www.comuni-italiani.it/009/047/,base.state_it_sv,base.it,4
1237,Piana Crixia,17058,019,009048,G542,http://www.comuni-italiani.it/009/048/,base.state_it_sv,base.it,4
1238,Pietra Ligure,17027,019,009049,G605,http://www.comuni-italiani.it/009/049/,base.state_it_sv,base.it,4
1239,Plodio,17043,019,009050,G741,http://www.comuni-italiani.it/009/050/,base.state_it_sv,base.it,4
1240,Pontinvrea,17042,019,009051,G866,http://www.comuni-italiani.it/009/051/,base.state_it_sv,base.it,4
1241,Quiliano,17047,019,009052,H126,http://www.comuni-italiani.it/009/052/,base.state_it_sv,base.it,4
1242,Rialto,17020,019,009053,H266,http://www.comuni-italiani.it/009/053/,base.state_it_sv,base.it,4
1243,Roccavignale,17017,019,009054,H452,http://www.comuni-italiani.it/009/054/,base.state_it_sv,base.it,4
1244,Sassello,17046,019,009055,I453,http://www.comuni-italiani.it/009/055/,base.state_it_sv,base.it,4
1245,Savona,17100,019,009056,I480,http://www.comuni-italiani.it/009/056/,base.state_it_sv,base.it,4
1246,Spotorno,17028,019,009057,I926,http://www.comuni-italiani.it/009/057/,base.state_it_sv,base.it,4
1247,Stella,17044,019,009058,I946,http://www.comuni-italiani.it/009/058/,base.state_it_sv,base.it,4
1248,Stellanello,17020,0182,009059,I947,http://www.comuni-italiani.it/009/059/,base.state_it_sv,base.it,4
1249,Testico,17020,0182,009060,L152,http://www.comuni-italiani.it/009/060/,base.state_it_sv,base.it,4
1250,Toirano,17055,0182,009061,L190,http://www.comuni-italiani.it/009/061/,base.state_it_sv,base.it,4
1251,Tovo San Giacomo,17020,019,009062,L315,http://www.comuni-italiani.it/009/062/,base.state_it_sv,base.it,4
1252,Urbe,17048,019,009063,L499,http://www.comuni-italiani.it/009/063/,base.state_it_sv,base.it,4
1253,Vado Ligure,17047,019,009064,L528,http://www.comuni-italiani.it/009/064/,base.state_it_sv,base.it,4
1254,Varazze,17019,019,009065,L675,http://www.comuni-italiani.it/009/065/,base.state_it_sv,base.it,4
1255,Vendone,17032,0182,009066,L730,http://www.comuni-italiani.it/009/066/,base.state_it_sv,base.it,4
1256,Vezzi Portio,17028,019,009067,L823,http://www.comuni-italiani.it/009/067/,base.state_it_sv,base.it,4
1257,Villanova d'Albenga,17038,0182,009068,L975,http://www.comuni-italiani.it/009/068/,base.state_it_sv,base.it,4
1258,Zuccarello,17039,0182,009069,M197,http://www.comuni-italiani.it/009/069/,base.state_it_sv,base.it,4
1259,Arenzano,16011,010,010001,A388,http://www.comuni-italiani.it/010/001/,base.state_it_ge,base.it,4
1260,Avegno,16030,0185,010002,A506,http://www.comuni-italiani.it/010/002/,base.state_it_ge,base.it,4
1261,Bargagli,16021,010,010003,A658,http://www.comuni-italiani.it/010/003/,base.state_it_ge,base.it,4
1262,Bogliasco,16031,010,010004,A922,http://www.comuni-italiani.it/010/004/,base.state_it_ge,base.it,4
1263,Borzonasca,16041,0185,010005,B067,http://www.comuni-italiani.it/010/005/,base.state_it_ge,base.it,4
1264,Busalla,16012,010,010006,B282,http://www.comuni-italiani.it/010/006/,base.state_it_ge,base.it,4
1265,Camogli,16032,0185,010007,B490,http://www.comuni-italiani.it/010/007/,base.state_it_ge,base.it,4
1266,Campo Ligure,16013,010,010008,B538,http://www.comuni-italiani.it/010/008/,base.state_it_ge,base.it,4
1267,Campomorone,16014,010,010009,B551,http://www.comuni-italiani.it/010/009/,base.state_it_ge,base.it,4
1268,Carasco,16042,0185,010010,B726,http://www.comuni-italiani.it/010/010/,base.state_it_ge,base.it,4
1269,Casarza Ligure,16030,0185,010011,B939,http://www.comuni-italiani.it/010/011/,base.state_it_ge,base.it,4
1270,Casella,16015,010,010012,B956,http://www.comuni-italiani.it/010/012/,base.state_it_ge,base.it,4
1271,Castiglione Chiavarese,16030,0185,010013,C302,http://www.comuni-italiani.it/010/013/,base.state_it_ge,base.it,4
1272,Ceranesi,16014,010,010014,C481,http://www.comuni-italiani.it/010/014/,base.state_it_ge,base.it,4
1273,Chiavari,16043,0185,010015,C621,http://www.comuni-italiani.it/010/015/,base.state_it_ge,base.it,4
1274,Cicagna,16044,0185,010016,C673,http://www.comuni-italiani.it/010/016/,base.state_it_ge,base.it,4
1275,Cogoleto,16016,010,010017,C823,http://www.comuni-italiani.it/010/017/,base.state_it_ge,base.it,4
1276,Cogorno,16030,0185,010018,C826,http://www.comuni-italiani.it/010/018/,base.state_it_ge,base.it,4
1277,Coreglia Ligure,16040,0185,010019,C995,http://www.comuni-italiani.it/010/019/,base.state_it_ge,base.it,4
1278,Crocefieschi,16010,010,010020,D175,http://www.comuni-italiani.it/010/020/,base.state_it_ge,base.it,4
1279,Davagna,16022,010,010021,D255,http://www.comuni-italiani.it/010/021/,base.state_it_ge,base.it,4
1280,Fascia,16020,010,010022,D509,http://www.comuni-italiani.it/010/022/,base.state_it_ge,base.it,4
1281,Favale di Malvaro,16040,0185,010023,D512,http://www.comuni-italiani.it/010/023/,base.state_it_ge,base.it,4
1282,Fontanigorda,16023,010,010024,D677,http://www.comuni-italiani.it/010/024/,base.state_it_ge,base.it,4
1283,Genova,161%%,010,010025,D969,http://www.comuni-italiani.it/010/025/,base.state_it_ge,base.it,4
1284,Gorreto,16020,010,010026,E109,http://www.comuni-italiani.it/010/026/,base.state_it_ge,base.it,4
1285,Isola del Cantone,16017,010,010027,E341,http://www.comuni-italiani.it/010/027/,base.state_it_ge,base.it,4
1286,Lavagna,16033,0185,010028,E488,http://www.comuni-italiani.it/010/028/,base.state_it_ge,base.it,4
1287,Leivi,16040,0185,010029,E519,http://www.comuni-italiani.it/010/029/,base.state_it_ge,base.it,4
1288,Lorsica,16045,0185,010030,E695,http://www.comuni-italiani.it/010/030/,base.state_it_ge,base.it,4
1289,Lumarzo,16024,0185,010031,E737,http://www.comuni-italiani.it/010/031/,base.state_it_ge,base.it,4
1290,Masone,16010,010,010032,F020,http://www.comuni-italiani.it/010/032/,base.state_it_ge,base.it,4
1291,Mele,16010,010,010033,F098,http://www.comuni-italiani.it/010/033/,base.state_it_ge,base.it,4
1292,Mezzanego,16046,0185,010034,F173,http://www.comuni-italiani.it/010/034/,base.state_it_ge,base.it,4
1293,Mignanego,16018,010,010035,F202,http://www.comuni-italiani.it/010/035/,base.state_it_ge,base.it,4
1294,Moconesi,16047,0185,010036,F256,http://www.comuni-italiani.it/010/036/,base.state_it_ge,base.it,4
1295,Moneglia,16030,0185,010037,F354,http://www.comuni-italiani.it/010/037/,base.state_it_ge,base.it,4
1296,Montebruno,16025,010,010038,F445,http://www.comuni-italiani.it/010/038/,base.state_it_ge,base.it,4
1297,Montoggio,16026,010,010039,F682,http://www.comuni-italiani.it/010/039/,base.state_it_ge,base.it,4
1298,Ne,16040,0185,010040,F858,http://www.comuni-italiani.it/010/040/,base.state_it_ge,base.it,4
1299,Neirone,16040,0185,010041,F862,http://www.comuni-italiani.it/010/041/,base.state_it_ge,base.it,4
1300,Orero,16040,0185,010042,G093,http://www.comuni-italiani.it/010/042/,base.state_it_ge,base.it,4
1301,Pieve Ligure,16030,010,010043,G646,http://www.comuni-italiani.it/010/043/,base.state_it_ge,base.it,4
1302,Portofino,16034,0185,010044,G913,http://www.comuni-italiani.it/010/044/,base.state_it_ge,base.it,4
1303,Propata,16027,010,010045,H073,http://www.comuni-italiani.it/010/045/,base.state_it_ge,base.it,4
1304,Rapallo,16035,0185,010046,H183,http://www.comuni-italiani.it/010/046/,base.state_it_ge,base.it,4
1305,Recco,16036,0185,010047,H212,http://www.comuni-italiani.it/010/047/,base.state_it_ge,base.it,4
1306,Rezzoaglio,16048,0185,010048,H258,http://www.comuni-italiani.it/010/048/,base.state_it_ge,base.it,4
1307,Ronco Scrivia,16019,010,010049,H536,http://www.comuni-italiani.it/010/049/,base.state_it_ge,base.it,4
1308,Rondanina,16025,010,010050,H546,http://www.comuni-italiani.it/010/050/,base.state_it_ge,base.it,4
1309,Rossiglione,16010,010,010051,H581,http://www.comuni-italiani.it/010/051/,base.state_it_ge,base.it,4
1310,Rovegno,16028,010,010052,H599,http://www.comuni-italiani.it/010/052/,base.state_it_ge,base.it,4
1311,San Colombano Certenoli,16040,0185,010053,H802,http://www.comuni-italiani.it/010/053/,base.state_it_ge,base.it,4
1312,Santa Margherita Ligure,16038,0185,010054,I225,http://www.comuni-italiani.it/010/054/,base.state_it_ge,base.it,4
1313,Sant'Olcese,16010,010,010055,I346,http://www.comuni-italiani.it/010/055/,base.state_it_ge,base.it,4
1314,Santo Stefano d'Aveto,16049,0185,010056,I368,http://www.comuni-italiani.it/010/056/,base.state_it_ge,base.it,4
1315,Savignone,16010,010,010057,I475,http://www.comuni-italiani.it/010/057/,base.state_it_ge,base.it,4
1316,Serra Riccò,16010,010,010058,I640,http://www.comuni-italiani.it/010/058/,base.state_it_ge,base.it,4
1317,Sestri Levante,16039,0185,010059,I693,http://www.comuni-italiani.it/010/059/,base.state_it_ge,base.it,4
1318,Sori,16030,0185,010060,I852,http://www.comuni-italiani.it/010/060/,base.state_it_ge,base.it,4
1319,Tiglieto,16010,010,010061,L167,http://www.comuni-italiani.it/010/061/,base.state_it_ge,base.it,4
1320,Torriglia,16029,010,010062,L298,http://www.comuni-italiani.it/010/062/,base.state_it_ge,base.it,4
1321,Tribogna,16030,0185,010063,L416,http://www.comuni-italiani.it/010/063/,base.state_it_ge,base.it,4
1322,Uscio,16030,0185,010064,L507,http://www.comuni-italiani.it/010/064/,base.state_it_ge,base.it,4
1323,Valbrevenna,16010,010,010065,L546,http://www.comuni-italiani.it/010/065/,base.state_it_ge,base.it,4
1324,Vobbia,16010,010,010066,M105,http://www.comuni-italiani.it/010/066/,base.state_it_ge,base.it,4
1325,Zoagli,16030,0185,010067,M182,http://www.comuni-italiani.it/010/067/,base.state_it_ge,base.it,4
1326,Ameglia,19031,0187,011001,A261,http://www.comuni-italiani.it/011/001/,base.state_it_sp,base.it,4
1327,Arcola,19021,0187,011002,A373,http://www.comuni-italiani.it/011/002/,base.state_it_sp,base.it,4
1328,Beverino,19020,0187,011003,A836,http://www.comuni-italiani.it/011/003/,base.state_it_sp,base.it,4
1329,Bolano,19020,0187,011004,A932,http://www.comuni-italiani.it/011/004/,base.state_it_sp,base.it,4
1330,Bonassola,19011,0187,011005,A961,http://www.comuni-italiani.it/011/005/,base.state_it_sp,base.it,4
1331,Borghetto di Vara,19020,0187,011006,A992,http://www.comuni-italiani.it/011/006/,base.state_it_sp,base.it,4
1332,Brugnato,19020,0187,011007,B214,http://www.comuni-italiani.it/011/007/,base.state_it_sp,base.it,4
1333,Calice al Cornoviglio,19020,0187,011008,B410,http://www.comuni-italiani.it/011/008/,base.state_it_sp,base.it,4
1334,Carro,19012,0187,011009,B838,http://www.comuni-italiani.it/011/009/,base.state_it_sp,base.it,4
1335,Carrodano,19020,0187,011010,B839,http://www.comuni-italiani.it/011/010/,base.state_it_sp,base.it,4
1336,Castelnuovo Magra,19033,0187,011011,C240,http://www.comuni-italiani.it/011/011/,base.state_it_sp,base.it,4
1337,Deiva Marina,19013,0187,011012,D265,http://www.comuni-italiani.it/011/012/,base.state_it_sp,base.it,4
1338,Follo,19020,0187,011013,D655,http://www.comuni-italiani.it/011/013/,base.state_it_sp,base.it,4
1339,Framura,19014,0187,011014,D758,http://www.comuni-italiani.it/011/014/,base.state_it_sp,base.it,4
1340,La Spezia,191%%,0187,011015,E463,http://www.comuni-italiani.it/011/015/,base.state_it_sp,base.it,4
1341,Lerici,19032,0187,011016,E542,http://www.comuni-italiani.it/011/016/,base.state_it_sp,base.it,4
1342,Levanto,19015,0187,011017,E560,http://www.comuni-italiani.it/011/017/,base.state_it_sp,base.it,4
1343,Maissana,19010,0187,011018,E842,http://www.comuni-italiani.it/011/018/,base.state_it_sp,base.it,4
1344,Monterosso al Mare,19016,0187,011019,F609,http://www.comuni-italiani.it/011/019/,base.state_it_sp,base.it,4
1345,Ortonovo,19034,0187,011020,G143,http://www.comuni-italiani.it/011/020/,base.state_it_sp,base.it,4
1346,Pignone,19020,0187,011021,G664,http://www.comuni-italiani.it/011/021/,base.state_it_sp,base.it,4
1347,Portovenere,19025,0187,011022,G925,http://www.comuni-italiani.it/011/022/,base.state_it_sp,base.it,4
1348,Riccò del Golfo di Spezia,19020,0187,011023,H275,http://www.comuni-italiani.it/011/023/,base.state_it_sp,base.it,4
1349,Riomaggiore,19017,0187,011024,H304,http://www.comuni-italiani.it/011/024/,base.state_it_sp,base.it,4
1350,Rocchetta di Vara,19020,0187,011025,H461,http://www.comuni-italiani.it/011/025/,base.state_it_sp,base.it,4
1351,Santo Stefano di Magra,19037,0187,011026,I363,http://www.comuni-italiani.it/011/026/,base.state_it_sp,base.it,4
1352,Sarzana,19038,0187,011027,I449,http://www.comuni-italiani.it/011/027/,base.state_it_sp,base.it,4
1353,Sesta Godano,19020,0187,011028,E070,http://www.comuni-italiani.it/011/028/,base.state_it_sp,base.it,4
1354,Varese Ligure,19028,0187,011029,L681,http://www.comuni-italiani.it/011/029/,base.state_it_sp,base.it,4
1355,Vernazza,19018,0187,011030,L774,http://www.comuni-italiani.it/011/030/,base.state_it_sp,base.it,4
1356,Vezzano Ligure,19020,0187,011031,L819,http://www.comuni-italiani.it/011/031/,base.state_it_sp,base.it,4
1357,Zignago,19020,0187,011032,M177,http://www.comuni-italiani.it/011/032/,base.state_it_sp,base.it,4
1358,Agra,21010,0332,012001,A085,http://www.comuni-italiani.it/012/001/,base.state_it_va,base.it,4
1359,Albizzate,21041,0331,012002,A167,http://www.comuni-italiani.it/012/002/,base.state_it_va,base.it,4
1360,Angera,21021,0331,012003,A290,http://www.comuni-italiani.it/012/003/,base.state_it_va,base.it,4
1361,Arcisate,21051,0332,012004,A371,http://www.comuni-italiani.it/012/004/,base.state_it_va,base.it,4
1362,Arsago Seprio,21010,0331,012005,A441,http://www.comuni-italiani.it/012/005/,base.state_it_va,base.it,4
1363,Azzate,21022,0332,012006,A531,http://www.comuni-italiani.it/012/006/,base.state_it_va,base.it,4
1364,Azzio,21030,0332,012007,A532,http://www.comuni-italiani.it/012/007/,base.state_it_va,base.it,4
1365,Barasso,21020,0332,012008,A619,http://www.comuni-italiani.it/012/008/,base.state_it_va,base.it,4
1366,Bardello,21020,0332,012009,A645,http://www.comuni-italiani.it/012/009/,base.state_it_va,base.it,4
1367,Bedero Valcuvia,21039,0332,012010,A728,http://www.comuni-italiani.it/012/010/,base.state_it_va,base.it,4
1368,Besano,21050,0332,012011,A819,http://www.comuni-italiani.it/012/011/,base.state_it_va,base.it,4
1369,Besnate,21010,0331,012012,A825,http://www.comuni-italiani.it/012/012/,base.state_it_va,base.it,4
1370,Besozzo,21023,0332,012013,A826,http://www.comuni-italiani.it/012/013/,base.state_it_va,base.it,4
1371,Biandronno,21024,0332,012014,A845,http://www.comuni-italiani.it/012/014/,base.state_it_va,base.it,4
1372,Bisuschio,21050,0332,012015,A891,http://www.comuni-italiani.it/012/015/,base.state_it_va,base.it,4
1373,Bodio Lomnago,21020,0332,012016,A918,http://www.comuni-italiani.it/012/016/,base.state_it_va,base.it,4
1374,Brebbia,21020,0332,012017,B126,http://www.comuni-italiani.it/012/017/,base.state_it_va,base.it,4
1375,Bregano,21020,0332,012018,B131,http://www.comuni-italiani.it/012/018/,base.state_it_va,base.it,4
1376,Brenta,21030,0332,012019,B150,http://www.comuni-italiani.it/012/019/,base.state_it_va,base.it,4
1377,Brezzo di Bedero,21010,0332,012020,B166,http://www.comuni-italiani.it/012/020/,base.state_it_va,base.it,4
1378,Brinzio,21030,0332,012021,B182,http://www.comuni-italiani.it/012/021/,base.state_it_va,base.it,4
1379,Brissago-Valtravaglia,21030,0332,012022,B191,http://www.comuni-italiani.it/012/022/,base.state_it_va,base.it,4
1380,Brunello,21020,0332,012023,B219,http://www.comuni-italiani.it/012/023/,base.state_it_va,base.it,4
1381,Brusimpiano,21050,0332,012024,B228,http://www.comuni-italiani.it/012/024/,base.state_it_va,base.it,4
1382,Buguggiate,21020,0332,012025,B258,http://www.comuni-italiani.it/012/025/,base.state_it_va,base.it,4
1383,Busto Arsizio,21052,0331,012026,B300,http://www.comuni-italiani.it/012/026/,base.state_it_va,base.it,4
1384,Cadegliano-Viconago,21031,0332,012027,B326,http://www.comuni-italiani.it/012/027/,base.state_it_va,base.it,4
1385,Cadrezzate,21020,0331,012028,B347,http://www.comuni-italiani.it/012/028/,base.state_it_va,base.it,4
1386,Cairate,21050,0331,012029,B368,http://www.comuni-italiani.it/012/029/,base.state_it_va,base.it,4
1387,Cantello,21050,0332,012030,B634,http://www.comuni-italiani.it/012/030/,base.state_it_va,base.it,4
1388,Caravate,21032,0332,012031,B732,http://www.comuni-italiani.it/012/031/,base.state_it_va,base.it,4
1389,Cardano al Campo,21010,0331,012032,B754,http://www.comuni-italiani.it/012/032/,base.state_it_va,base.it,4
1390,Carnago,21040,0331,012033,B796,http://www.comuni-italiani.it/012/033/,base.state_it_va,base.it,4
1391,Caronno Pertusella,21042,02,012034,B805,http://www.comuni-italiani.it/012/034/,base.state_it_va,base.it,4
1392,Caronno Varesino,21040,0331,012035,B807,http://www.comuni-italiani.it/012/035/,base.state_it_va,base.it,4
1393,Casale Litta,21020,0332,012036,B875,http://www.comuni-italiani.it/012/036/,base.state_it_va,base.it,4
1394,Casalzuigno,21030,0332,012037,B921,http://www.comuni-italiani.it/012/037/,base.state_it_va,base.it,4
1395,Casciago,21020,0332,012038,B949,http://www.comuni-italiani.it/012/038/,base.state_it_va,base.it,4
1396,Casorate Sempione,21011,0331,012039,B987,http://www.comuni-italiani.it/012/039/,base.state_it_va,base.it,4
1397,Cassano Magnago,21012,0331,012040,C004,http://www.comuni-italiani.it/012/040/,base.state_it_va,base.it,4
1398,Cassano Valcuvia,21030,0332,012041,B999,http://www.comuni-italiani.it/012/041/,base.state_it_va,base.it,4
1399,Castellanza,21053,0331,012042,C139,http://www.comuni-italiani.it/012/042/,base.state_it_va,base.it,4
1400,Castello Cabiaglio,21030,0332,012043,B312,http://www.comuni-italiani.it/012/043/,base.state_it_va,base.it,4
1401,Castelseprio,21050,0331,012044,C273,http://www.comuni-italiani.it/012/044/,base.state_it_va,base.it,4
1402,Castelveccana,21010,0332,012045,C181,http://www.comuni-italiani.it/012/045/,base.state_it_va,base.it,4
1403,Castiglione Olona,21043,0331,012046,C300,http://www.comuni-italiani.it/012/046/,base.state_it_va,base.it,4
1404,Castronno,21040,0332,012047,C343,http://www.comuni-italiani.it/012/047/,base.state_it_va,base.it,4
1405,Cavaria con Premezzo,21044,0331,012048,C382,http://www.comuni-italiani.it/012/048/,base.state_it_va,base.it,4
1406,Cazzago Brabbia,21020,0332,012049,C409,http://www.comuni-italiani.it/012/049/,base.state_it_va,base.it,4
1407,Cislago,21040,02,012050,C732,http://www.comuni-italiani.it/012/050/,base.state_it_va,base.it,4
1408,Cittiglio,21033,0332,012051,C751,http://www.comuni-italiani.it/012/051/,base.state_it_va,base.it,4
1409,Clivio,21050,0332,012052,C796,http://www.comuni-italiani.it/012/052/,base.state_it_va,base.it,4
1410,Cocquio-Trevisago,21034,0332,012053,C810,http://www.comuni-italiani.it/012/053/,base.state_it_va,base.it,4
1411,Comabbio,21020,0331,012054,C911,http://www.comuni-italiani.it/012/054/,base.state_it_va,base.it,4
1412,Comerio,21025,0332,012055,C922,http://www.comuni-italiani.it/012/055/,base.state_it_va,base.it,4
1413,Cremenaga,21030,0332,012056,D144,http://www.comuni-italiani.it/012/056/,base.state_it_va,base.it,4
1414,Crosio della Valle,21020,0332,012057,D185,http://www.comuni-italiani.it/012/057/,base.state_it_va,base.it,4
1415,Cuasso al Monte,21050,0332,012058,D192,http://www.comuni-italiani.it/012/058/,base.state_it_va,base.it,4
1416,Cugliate-Fabiasco,21030,0332,012059,D199,http://www.comuni-italiani.it/012/059/,base.state_it_va,base.it,4
1417,Cunardo,21035,0332,012060,D204,http://www.comuni-italiani.it/012/060/,base.state_it_va,base.it,4
1418,Curiglia con Monteviasco,21010,0332,012061,D217,http://www.comuni-italiani.it/012/061/,base.state_it_va,base.it,4
1419,Cuveglio,21030,0332,012062,D238,http://www.comuni-italiani.it/012/062/,base.state_it_va,base.it,4
1420,Cuvio,21030,0332,012063,D239,http://www.comuni-italiani.it/012/063/,base.state_it_va,base.it,4
1421,Daverio,21020,0332,012064,D256,http://www.comuni-italiani.it/012/064/,base.state_it_va,base.it,4
1422,Dumenza,21010,0332,012065,D384,http://www.comuni-italiani.it/012/065/,base.state_it_va,base.it,4
1423,Duno,21030,0332,012066,D385,http://www.comuni-italiani.it/012/066/,base.state_it_va,base.it,4
1424,Fagnano Olona,21054,0331,012067,D467,http://www.comuni-italiani.it/012/067/,base.state_it_va,base.it,4
1425,Ferno,21010,0331,012068,D543,http://www.comuni-italiani.it/012/068/,base.state_it_va,base.it,4
1426,Ferrera di Varese,21030,0332,012069,D551,http://www.comuni-italiani.it/012/069/,base.state_it_va,base.it,4
1427,Gallarate,21013,0331,012070,D869,http://www.comuni-italiani.it/012/070/,base.state_it_va,base.it,4
1428,Galliate Lombardo,21020,0332,012071,D871,http://www.comuni-italiani.it/012/071/,base.state_it_va,base.it,4
1429,Gavirate,21026,0332,012072,D946,http://www.comuni-italiani.it/012/072/,base.state_it_va,base.it,4
1430,Gazzada Schianno,21045,0332,012073,D951,http://www.comuni-italiani.it/012/073/,base.state_it_va,base.it,4
1431,Gemonio,21036,0332,012074,D963,http://www.comuni-italiani.it/012/074/,base.state_it_va,base.it,4
1432,Gerenzano,21040,02,012075,D981,http://www.comuni-italiani.it/012/075/,base.state_it_va,base.it,4
1433,Germignaga,21010,0332,012076,D987,http://www.comuni-italiani.it/012/076/,base.state_it_va,base.it,4
1434,Golasecca,21010,0331,012077,E079,http://www.comuni-italiani.it/012/077/,base.state_it_va,base.it,4
1435,Gorla Maggiore,21050,0331,012078,E101,http://www.comuni-italiani.it/012/078/,base.state_it_va,base.it,4
1436,Gorla Minore,21055,0331,012079,E102,http://www.comuni-italiani.it/012/079/,base.state_it_va,base.it,4
1437,Gornate-Olona,21040,0331,012080,E104,http://www.comuni-italiani.it/012/080/,base.state_it_va,base.it,4
1438,Grantola,21030,0332,012081,E144,http://www.comuni-italiani.it/012/081/,base.state_it_va,base.it,4
1439,Inarzo,21020,0332,012082,E292,http://www.comuni-italiani.it/012/082/,base.state_it_va,base.it,4
1440,Induno Olona,21056,0332,012083,E299,http://www.comuni-italiani.it/012/083/,base.state_it_va,base.it,4
1441,Ispra,21027,0332,012084,E367,http://www.comuni-italiani.it/012/084/,base.state_it_va,base.it,4
1442,Jerago con Orago,21040,0331,012085,E386,http://www.comuni-italiani.it/012/085/,base.state_it_va,base.it,4
1443,Lavena Ponte Tresa,21037,0332,012086,E494,http://www.comuni-italiani.it/012/086/,base.state_it_va,base.it,4
1444,Laveno-Mombello,21014,0332,012087,E496,http://www.comuni-italiani.it/012/087/,base.state_it_va,base.it,4
1445,Leggiuno,21038,0332,012088,E510,http://www.comuni-italiani.it/012/088/,base.state_it_va,base.it,4
1446,Lonate Ceppino,21050,0331,012089,E665,http://www.comuni-italiani.it/012/089/,base.state_it_va,base.it,4
1447,Lonate Pozzolo,21015,0331,012090,E666,http://www.comuni-italiani.it/012/090/,base.state_it_va,base.it,4
1448,Lozza,21040,0332,012091,E707,http://www.comuni-italiani.it/012/091/,base.state_it_va,base.it,4
1449,Luino,21016,0332,012092,E734,http://www.comuni-italiani.it/012/092/,base.state_it_va,base.it,4
1450,Luvinate,21020,0332,012093,E769,http://www.comuni-italiani.it/012/093/,base.state_it_va,base.it,4
1451,Maccagno (ora Maccagno con Pino e Veddasca),21010,0332,012094,E775,http://www.comuni-italiani.it/012/094/,base.state_it_va,base.it,9
1452,Malgesso,21020,0332,012095,E856,http://www.comuni-italiani.it/012/095/,base.state_it_va,base.it,4
1453,Malnate,21046,0332,012096,E863,http://www.comuni-italiani.it/012/096/,base.state_it_va,base.it,4
1454,Marchirolo,21030,0332,012097,E929,http://www.comuni-italiani.it/012/097/,base.state_it_va,base.it,4
1455,Marnate,21050,0331,012098,E965,http://www.comuni-italiani.it/012/098/,base.state_it_va,base.it,4
1456,Marzio,21030,0332,012099,F002,http://www.comuni-italiani.it/012/099/,base.state_it_va,base.it,4
1457,Masciago Primo,21030,0332,012100,F007,http://www.comuni-italiani.it/012/100/,base.state_it_va,base.it,4
1458,Mercallo,21020,0331,012101,F134,http://www.comuni-italiani.it/012/101/,base.state_it_va,base.it,4
1459,Mesenzana,21030,0332,012102,F154,http://www.comuni-italiani.it/012/102/,base.state_it_va,base.it,4
1460,Montegrino Valtravaglia,21010,0332,012103,F526,http://www.comuni-italiani.it/012/103/,base.state_it_va,base.it,4
1461,Monvalle,21020,0332,012104,F703,http://www.comuni-italiani.it/012/104/,base.state_it_va,base.it,4
1462,Morazzone,21040,0332,012105,F711,http://www.comuni-italiani.it/012/105/,base.state_it_va,base.it,4
1463,Mornago,21020,0331,012106,F736,http://www.comuni-italiani.it/012/106/,base.state_it_va,base.it,4
1464,Oggiona con Santo Stefano,21040,0331,012107,G008,http://www.comuni-italiani.it/012/107/,base.state_it_va,base.it,4
1465,Olgiate Olona,21057,0331,012108,G028,http://www.comuni-italiani.it/012/108/,base.state_it_va,base.it,4
1466,Origgio,21040,02,012109,G103,http://www.comuni-italiani.it/012/109/,base.state_it_va,base.it,4
1467,Orino,21030,0332,012110,G105,http://www.comuni-italiani.it/012/110/,base.state_it_va,base.it,4
1468,Osmate,21018,0331,012111,E529,http://www.comuni-italiani.it/012/111/,base.state_it_va,base.it,4
1469,Pino sulla Sponda del Lago Magg. (ora Maccagno con Pino e Veddasca),21010,0332,012112,G677,http://www.comuni-italiani.it/012/112/,base.state_it_va,base.it,9
1470,Porto Ceresio,21050,0332,012113,G906,http://www.comuni-italiani.it/012/113/,base.state_it_va,base.it,4
1471,Porto Valtravaglia,21010,0332,012114,G907,http://www.comuni-italiani.it/012/114/,base.state_it_va,base.it,4
1472,Rancio Valcuvia,21030,0332,012115,H173,http://www.comuni-italiani.it/012/115/,base.state_it_va,base.it,4
1473,Ranco,21020,0331,012116,H174,http://www.comuni-italiani.it/012/116/,base.state_it_va,base.it,4
1474,Saltrio,21050,0332,012117,H723,http://www.comuni-italiani.it/012/117/,base.state_it_va,base.it,4
1475,Samarate,21017,0331,012118,H736,http://www.comuni-italiani.it/012/118/,base.state_it_va,base.it,4
1476,Saronno,21047,02,012119,I441,http://www.comuni-italiani.it/012/119/,base.state_it_va,base.it,4
1477,Sesto Calende,21018,0331,012120,I688,http://www.comuni-italiani.it/012/120/,base.state_it_va,base.it,4
1478,Solbiate Arno,21048,0331,012121,I793,http://www.comuni-italiani.it/012/121/,base.state_it_va,base.it,4
1479,Solbiate Olona,21058,0331,012122,I794,http://www.comuni-italiani.it/012/122/,base.state_it_va,base.it,4
1480,Somma Lombardo,21019,0331,012123,I819,http://www.comuni-italiani.it/012/123/,base.state_it_va,base.it,4
1481,Sumirago,21040,0331,012124,L003,http://www.comuni-italiani.it/012/124/,base.state_it_va,base.it,4
1482,Taino,21020,0331,012125,L032,http://www.comuni-italiani.it/012/125/,base.state_it_va,base.it,4
1483,Ternate,21020,0332,012126,L115,http://www.comuni-italiani.it/012/126/,base.state_it_va,base.it,4
1484,Tradate,21049,0331,012127,L319,http://www.comuni-italiani.it/012/127/,base.state_it_va,base.it,4
1485,Travedona-Monate,21028,0332,012128,L342,http://www.comuni-italiani.it/012/128/,base.state_it_va,base.it,4
1486,Tronzano Lago Maggiore,21010,0332,012129,A705,http://www.comuni-italiani.it/012/129/,base.state_it_va,base.it,4
1487,Uboldo,21040,02,012130,L480,http://www.comuni-italiani.it/012/130/,base.state_it_va,base.it,4
1488,Valganna,21039,0332,012131,L577,http://www.comuni-italiani.it/012/131/,base.state_it_va,base.it,4
1489,Varano Borghi,21020,0332,012132,L671,http://www.comuni-italiani.it/012/132/,base.state_it_va,base.it,4
1490,Varese,21100,0332,012133,L682,http://www.comuni-italiani.it/012/133/,base.state_it_va,base.it,4
1491,Vedano Olona,21040,0332,012134,L703,http://www.comuni-italiani.it/012/134/,base.state_it_va,base.it,4
1492,Veddasca (ora Maccagno con Pino e Veddasca),21010,0332,012135,L705,http://www.comuni-italiani.it/012/135/,base.state_it_va,base.it,9
1493,Venegono Inferiore,21040,0331,012136,L733,http://www.comuni-italiani.it/012/136/,base.state_it_va,base.it,4
1494,Venegono Superiore,21040,0331,012137,L734,http://www.comuni-italiani.it/012/137/,base.state_it_va,base.it,4
1495,Vergiate,21029,0331,012138,L765,http://www.comuni-italiani.it/012/138/,base.state_it_va,base.it,4
1496,Viggiù,21059,0332,012139,L876,http://www.comuni-italiani.it/012/139/,base.state_it_va,base.it,4
1497,Vizzola Ticino,21010,0331,012140,M101,http://www.comuni-italiani.it/012/140/,base.state_it_va,base.it,4
1498,Sangiano,21038,0332,012141,H872,http://www.comuni-italiani.it/012/141/,base.state_it_va,base.it,4
8106,Maccagno con Pino e Veddasca,21010,0332,012142,M339,http://www.comuni-italiani.it/012/142/,base.state_it_va,base.it,4
1499,Albavilla,22031,031,013003,A143,http://www.comuni-italiani.it/013/003/,base.state_it_co,base.it,4
1500,Albese con Cassano,22032,031,013004,A153,http://www.comuni-italiani.it/013/004/,base.state_it_co,base.it,4
1501,Albiolo,22070,031,013005,A164,http://www.comuni-italiani.it/013/005/,base.state_it_co,base.it,4
1502,Alserio,22040,031,013006,A224,http://www.comuni-italiani.it/013/006/,base.state_it_co,base.it,4
1503,Alzate Brianza,22040,031,013007,A249,http://www.comuni-italiani.it/013/007/,base.state_it_co,base.it,4
1504,Anzano del Parco,22040,031,013009,A319,http://www.comuni-italiani.it/013/009/,base.state_it_co,base.it,4
1505,Appiano Gentile,22070,031,013010,A333,http://www.comuni-italiani.it/013/010/,base.state_it_co,base.it,4
1506,Argegno,22010,031,013011,A391,http://www.comuni-italiani.it/013/011/,base.state_it_co,base.it,4
1507,Arosio,22060,031,013012,A430,http://www.comuni-italiani.it/013/012/,base.state_it_co,base.it,4
1508,Asso,22033,031,013013,A476,http://www.comuni-italiani.it/013/013/,base.state_it_co,base.it,4
1509,Barni,22030,031,013015,A670,http://www.comuni-italiani.it/013/015/,base.state_it_co,base.it,4
1510,Bellagio (denominazione non più valida),22021,031,013019,A744,http://www.comuni-italiani.it/013/019/,base.state_it_co,base.it,9
1511,Bene Lario,22010,0344,013021,A778,http://www.comuni-italiani.it/013/021/,base.state_it_co,base.it,4
1512,Beregazzo con Figliaro,22070,031,013022,A791,http://www.comuni-italiani.it/013/022/,base.state_it_co,base.it,4
1513,Binago,22070,031,013023,A870,http://www.comuni-italiani.it/013/023/,base.state_it_co,base.it,4
1514,Bizzarone,22020,031,013024,A898,http://www.comuni-italiani.it/013/024/,base.state_it_co,base.it,4
1515,Blessagno,22028,031,013025,A904,http://www.comuni-italiani.it/013/025/,base.state_it_co,base.it,4
1516,Blevio,22020,031,013026,A905,http://www.comuni-italiani.it/013/026/,base.state_it_co,base.it,4
1517,Bregnano,22070,031,013028,B134,http://www.comuni-italiani.it/013/028/,base.state_it_co,base.it,4
1518,Brenna,22040,031,013029,B144,http://www.comuni-italiani.it/013/029/,base.state_it_co,base.it,4
1519,Brienno,22010,031,013030,B172,http://www.comuni-italiani.it/013/030/,base.state_it_co,base.it,4
1520,Brunate,22034,031,013032,B218,http://www.comuni-italiani.it/013/032/,base.state_it_co,base.it,4
1521,Bulgarograsso,22070,031,013034,B262,http://www.comuni-italiani.it/013/034/,base.state_it_co,base.it,4
1522,Cabiate,22060,031,013035,B313,http://www.comuni-italiani.it/013/035/,base.state_it_co,base.it,4
1523,Cadorago,22071,031,013036,B346,http://www.comuni-italiani.it/013/036/,base.state_it_co,base.it,4
1524,Caglio,22030,031,013037,B355,http://www.comuni-italiani.it/013/037/,base.state_it_co,base.it,4
1525,Cagno,22070,031,013038,B359,http://www.comuni-italiani.it/013/038/,base.state_it_co,base.it,4
1526,Campione d'Italia,22060,004191,013040,B513,http://www.comuni-italiani.it/013/040/,base.state_it_co,base.it,4
1527,Cantù,22063,031,013041,B639,http://www.comuni-italiani.it/013/041/,base.state_it_co,base.it,4
1528,Canzo,22035,031,013042,B641,http://www.comuni-italiani.it/013/042/,base.state_it_co,base.it,4
1529,Capiago Intimiano,22070,031,013043,B653,http://www.comuni-italiani.it/013/043/,base.state_it_co,base.it,4
1530,Carate Urio,22010,031,013044,B730,http://www.comuni-italiani.it/013/044/,base.state_it_co,base.it,4
1531,Carbonate,22070,0331,013045,B742,http://www.comuni-italiani.it/013/045/,base.state_it_co,base.it,4
1532,Carimate,22060,031,013046,B778,http://www.comuni-italiani.it/013/046/,base.state_it_co,base.it,4
1533,Carlazzo,22010,0344,013047,B785,http://www.comuni-italiani.it/013/047/,base.state_it_co,base.it,4
1534,Carugo,22060,031,013048,B851,http://www.comuni-italiani.it/013/048/,base.state_it_co,base.it,4
1535,Casasco d'Intelvi,22022,031,013050,B942,http://www.comuni-italiani.it/013/050/,base.state_it_co,base.it,4
1536,Caslino d'Erba,22030,031,013052,B974,http://www.comuni-italiani.it/013/052/,base.state_it_co,base.it,4
1537,Casnate con Bernate,22070,031,013053,B977,http://www.comuni-italiani.it/013/053/,base.state_it_co,base.it,4
1538,Cassina Rizzardi,22070,031,013055,C020,http://www.comuni-italiani.it/013/055/,base.state_it_co,base.it,4
1539,Castelmarte,22030,031,013058,C206,http://www.comuni-italiani.it/013/058/,base.state_it_co,base.it,4
1540,Castelnuovo Bozzente,22070,031,013059,C220,http://www.comuni-italiani.it/013/059/,base.state_it_co,base.it,4
1541,Castiglione d'Intelvi,22023,031,013060,C299,http://www.comuni-italiani.it/013/060/,base.state_it_co,base.it,4
1542,Cavallasca,22020,031,013061,C374,http://www.comuni-italiani.it/013/061/,base.state_it_co,base.it,4
1543,Cavargna,22010,0344,013062,C381,http://www.comuni-italiani.it/013/062/,base.state_it_co,base.it,4
1544,Cerano d'Intelvi,22020,031,013063,C482,http://www.comuni-italiani.it/013/063/,base.state_it_co,base.it,4
1545,Cermenate,22072,031,013064,C516,http://www.comuni-italiani.it/013/064/,base.state_it_co,base.it,4
1546,Cernobbio,22012,031,013065,C520,http://www.comuni-italiani.it/013/065/,base.state_it_co,base.it,4
1547,Cirimido,22070,031,013068,C724,http://www.comuni-italiani.it/013/068/,base.state_it_co,base.it,4
1548,Civenna (ora Bellagio),22030,031,013070,C754,http://www.comuni-italiani.it/013/070/,base.state_it_co,base.it,9
1549,Claino con Osteno,22010,0344,013071,C787,http://www.comuni-italiani.it/013/071/,base.state_it_co,base.it,4
1550,Colonno,22010,031,013074,C902,http://www.comuni-italiani.it/013/074/,base.state_it_co,base.it,4
1551,Como,22100,031,013075,C933,http://www.comuni-italiani.it/013/075/,base.state_it_co,base.it,4
1552,Consiglio di Rumo (ora Gravedona ed Uniti),22015,0344,013076,C965,http://www.comuni-italiani.it/013/176/,base.state_it_co,base.it,9
1553,Corrido,22010,0344,013077,D041,http://www.comuni-italiani.it/013/077/,base.state_it_co,base.it,4
1554,Cremia,22010,0344,013083,D147,http://www.comuni-italiani.it/013/083/,base.state_it_co,base.it,4
1555,Cucciago,22060,031,013084,D196,http://www.comuni-italiani.it/013/084/,base.state_it_co,base.it,4
1556,Cusino,22010,0344,013085,D232,http://www.comuni-italiani.it/013/085/,base.state_it_co,base.it,4
1557,Dizzasco,22020,031,013087,D310,http://www.comuni-italiani.it/013/087/,base.state_it_co,base.it,4
1558,Domaso,22013,0344,013089,D329,http://www.comuni-italiani.it/013/089/,base.state_it_co,base.it,4
1559,Dongo,22014,0344,013090,D341,http://www.comuni-italiani.it/013/090/,base.state_it_co,base.it,4
1560,Dosso del Liro,22010,0344,013092,D355,http://www.comuni-italiani.it/013/092/,base.state_it_co,base.it,4
1561,Drezzo (ora Colverde),22020,031,013093,D369,http://www.comuni-italiani.it/013/093/,base.state_it_co,base.it,9
1562,Erba,22036,031,013095,D416,http://www.comuni-italiani.it/013/095/,base.state_it_co,base.it,4
1563,Eupilio,22030,031,013097,D445,http://www.comuni-italiani.it/013/097/,base.state_it_co,base.it,4
1564,Faggeto Lario,22020,031,013098,D462,http://www.comuni-italiani.it/013/098/,base.state_it_co,base.it,4
1565,Faloppio,22020,031,013099,D482,http://www.comuni-italiani.it/013/099/,base.state_it_co,base.it,4
1566,Fenegrò,22070,031,013100,D531,http://www.comuni-italiani.it/013/100/,base.state_it_co,base.it,4
1567,Figino Serenza,22060,031,013101,D579,http://www.comuni-italiani.it/013/101/,base.state_it_co,base.it,4
1568,Fino Mornasco,22073,031,013102,D605,http://www.comuni-italiani.it/013/102/,base.state_it_co,base.it,4
1569,Garzeno,22010,0344,013106,D930,http://www.comuni-italiani.it/013/106/,base.state_it_co,base.it,4
1570,Gera Lario,22010,0344,013107,D974,http://www.comuni-italiani.it/013/107/,base.state_it_co,base.it,4
1571,Germasino (ora Gravedona ed Uniti),22015,0344,013108,D986,http://www.comuni-italiani.it/013/108/,base.state_it_co,base.it,9
1572,Gironico (ora Colverde),22020,031,013109,E051,http://www.comuni-italiani.it/013/109/,base.state_it_co,base.it,4
1573,Grandate (denominazione non più valida),22070,031,013110,E139,http://www.comuni-italiani.it/013/110/,base.state_it_co,base.it,9
1574,Grandola ed Uniti,22010,0344,013111,E141,http://www.comuni-italiani.it/013/111/,base.state_it_co,base.it,4
1575,Gravedona (ora Gravedona ed Uniti),22015,0344,013112,E151,http://www.comuni-italiani.it/013/108/,base.state_it_co,base.it,9
1576,Griante,22011,0344,013113,E172,http://www.comuni-italiani.it/013/113/,base.state_it_co,base.it,4
1577,Guanzate,22070,031,013114,E235,http://www.comuni-italiani.it/013/114/,base.state_it_co,base.it,4
1578,Inverigo,22044,031,013118,E309,http://www.comuni-italiani.it/013/118/,base.state_it_co,base.it,4
1579,Laglio,22010,031,013119,E405,http://www.comuni-italiani.it/013/119/,base.state_it_co,base.it,4
1580,Laino,22020,031,013120,E416,http://www.comuni-italiani.it/013/120/,base.state_it_co,base.it,4
1581,Lambrugo,22045,031,013121,E428,http://www.comuni-italiani.it/013/121/,base.state_it_co,base.it,4
1582,Lanzo d'Intelvi,22024,031,013122,E444,http://www.comuni-italiani.it/013/122/,base.state_it_co,base.it,4
1583,Lasnigo,22030,031,013123,E462,http://www.comuni-italiani.it/013/123/,base.state_it_co,base.it,4
1584,Lenno (ora Tremezzina),22016,0344,013125,E525,http://www.comuni-italiani.it/013/125/,base.state_it_co,base.it,9
1585,Lezzeno,22025,031,013126,E569,http://www.comuni-italiani.it/013/126/,base.state_it_co,base.it,4
1586,Limido Comasco,22070,031,013128,E593,http://www.comuni-italiani.it/013/128/,base.state_it_co,base.it,4
1587,Lipomo,22030,031,013129,E607,http://www.comuni-italiani.it/013/129/,base.state_it_co,base.it,4
1588,Livo,22010,0344,013130,E623,http://www.comuni-italiani.it/013/130/,base.state_it_co,base.it,4
1589,Locate Varesino,22070,0331,013131,E638,http://www.comuni-italiani.it/013/131/,base.state_it_co,base.it,4
1590,Lomazzo,22074,02,013133,E659,http://www.comuni-italiani.it/013/133/,base.state_it_co,base.it,4
1591,Longone al Segrino,22030,031,013134,E679,http://www.comuni-italiani.it/013/134/,base.state_it_co,base.it,4
1592,Luisago,22070,031,013135,E735,http://www.comuni-italiani.it/013/135/,base.state_it_co,base.it,4
1593,Lurago d'Erba,22040,031,013136,E749,http://www.comuni-italiani.it/013/136/,base.state_it_co,base.it,4
1594,Lurago Marinone,22070,031,013137,E750,http://www.comuni-italiani.it/013/137/,base.state_it_co,base.it,4
1595,Lurate Caccivio,22075,031,013138,E753,http://www.comuni-italiani.it/013/138/,base.state_it_co,base.it,4
1596,Magreglio,22030,031,013139,E830,http://www.comuni-italiani.it/013/139/,base.state_it_co,base.it,4
1597,Mariano Comense,22066,031,013143,E951,http://www.comuni-italiani.it/013/143/,base.state_it_co,base.it,4
1598,Maslianico,22026,031,013144,F017,http://www.comuni-italiani.it/013/144/,base.state_it_co,base.it,4
1599,Menaggio,22017,0344,013145,F120,http://www.comuni-italiani.it/013/145/,base.state_it_co,base.it,4
1600,Merone,22046,031,013147,F151,http://www.comuni-italiani.it/013/147/,base.state_it_co,base.it,4
1601,Mezzegra (ora Tremezzina),22010,0344,013148,F181,http://www.comuni-italiani.it/013/148/,base.state_it_co,base.it,9
1602,Moltrasio,22010,031,013152,F305,http://www.comuni-italiani.it/013/152/,base.state_it_co,base.it,4
1603,Monguzzo,22040,031,013153,F372,http://www.comuni-italiani.it/013/153/,base.state_it_co,base.it,4
1604,Montano Lucino,22070,031,013154,F427,http://www.comuni-italiani.it/013/154/,base.state_it_co,base.it,4
1605,Montemezzo,22010,0344,013155,F564,http://www.comuni-italiani.it/013/155/,base.state_it_co,base.it,4
1606,Montorfano,22030,031,013157,F688,http://www.comuni-italiani.it/013/157/,base.state_it_co,base.it,4
1607,Mozzate,22076,0331,013159,F788,http://www.comuni-italiani.it/013/159/,base.state_it_co,base.it,4
1608,Musso,22010,0344,013160,F828,http://www.comuni-italiani.it/013/160/,base.state_it_co,base.it,4
1609,Nesso,22020,031,013161,F877,http://www.comuni-italiani.it/013/161/,base.state_it_co,base.it,4
1610,Novedrate,22060,031,013163,F958,http://www.comuni-italiani.it/013/163/,base.state_it_co,base.it,4
1611,Olgiate Comasco,22077,031,013165,G025,http://www.comuni-italiani.it/013/165/,base.state_it_co,base.it,4
1612,Oltrona di San Mamette,22070,031,013169,G056,http://www.comuni-italiani.it/013/169/,base.state_it_co,base.it,4
1613,Orsenigo,22030,031,013170,G126,http://www.comuni-italiani.it/013/170/,base.state_it_co,base.it,4
1614,Ossuccio (ora Tremezzina),22010,0344,013172,G182,http://www.comuni-italiani.it/013/172/,base.state_it_co,base.it,9
1615,Parè (ora Colverde),22020,031,013175,G329,http://www.comuni-italiani.it/013/175/,base.state_it_co,base.it,9
1616,Peglio,22010,0344,013178,G415,http://www.comuni-italiani.it/013/178/,base.state_it_co,base.it,4
1617,Pellio Intelvi,22020,031,013179,G427,http://www.comuni-italiani.it/013/179/,base.state_it_co,base.it,4
1618,Pianello del Lario,22010,0344,013183,G556,http://www.comuni-italiani.it/013/183/,base.state_it_co,base.it,4
1619,Pigra,22020,031,013184,G665,http://www.comuni-italiani.it/013/184/,base.state_it_co,base.it,4
1620,Plesio,22010,0344,013185,G737,http://www.comuni-italiani.it/013/185/,base.state_it_co,base.it,4
1621,Pognana Lario,22020,031,013186,G773,http://www.comuni-italiani.it/013/186/,base.state_it_co,base.it,4
1622,Ponna,22020,031,013187,G821,http://www.comuni-italiani.it/013/187/,base.state_it_co,base.it,4
1623,Ponte Lambro,22037,031,013188,G847,http://www.comuni-italiani.it/013/188/,base.state_it_co,base.it,4
1624,Porlezza,22018,0344,013189,G889,http://www.comuni-italiani.it/013/189/,base.state_it_co,base.it,4
1625,Proserpio,22030,031,013192,H074,http://www.comuni-italiani.it/013/192/,base.state_it_co,base.it,4
1626,Pusiano,22030,031,013193,H094,http://www.comuni-italiani.it/013/193/,base.state_it_co,base.it,4
1627,Ramponio Verna,22020,031,013194,H171,http://www.comuni-italiani.it/013/194/,base.state_it_co,base.it,4
1628,Rezzago,22030,031,013195,H255,http://www.comuni-italiani.it/013/195/,base.state_it_co,base.it,4
1629,Rodero,22070,031,013197,H478,http://www.comuni-italiani.it/013/197/,base.state_it_co,base.it,4
1630,Ronago,22027,031,013199,H521,http://www.comuni-italiani.it/013/199/,base.state_it_co,base.it,4
1631,Rovellasca,22069,02,013201,H601,http://www.comuni-italiani.it/013/201/,base.state_it_co,base.it,4
1632,Rovello Porro,22070,02,013202,H602,http://www.comuni-italiani.it/013/202/,base.state_it_co,base.it,4
1633,Sala Comacina,22010,0344,013203,H679,http://www.comuni-italiani.it/013/203/,base.state_it_co,base.it,4
1634,San Bartolomeo Val Cavargna,22010,0344,013204,H760,http://www.comuni-italiani.it/013/204/,base.state_it_co,base.it,4
1635,San Fedele Intelvi,22028,031,013205,H830,http://www.comuni-italiani.it/013/205/,base.state_it_co,base.it,4
1636,San Fermo della Battaglia,22020,031,013206,H840,http://www.comuni-italiani.it/013/206/,base.state_it_co,base.it,4
1637,San Nazzaro Val Cavargna,22010,0344,013207,I051,http://www.comuni-italiani.it/013/207/,base.state_it_co,base.it,4
1640,Schignano,22020,031,013211,I529,http://www.comuni-italiani.it/013/211/,base.state_it_co,base.it,4
1641,Senna Comasco,22070,031,013212,I611,http://www.comuni-italiani.it/013/212/,base.state_it_co,base.it,4
1642,Solbiate,22070,031,013215,I792,http://www.comuni-italiani.it/013/215/,base.state_it_co,base.it,4
1643,Sorico,22010,0344,013216,I856,http://www.comuni-italiani.it/013/216/,base.state_it_co,base.it,4
1644,Sormano,22030,031,013217,I860,http://www.comuni-italiani.it/013/217/,base.state_it_co,base.it,4
1645,Stazzona,22010,0344,013218,I943,http://www.comuni-italiani.it/013/218/,base.state_it_co,base.it,4
1646,Tavernerio,22038,031,013222,L071,http://www.comuni-italiani.it/013/222/,base.state_it_co,base.it,4
1647,Torno,22020,031,013223,L228,http://www.comuni-italiani.it/013/223/,base.state_it_co,base.it,4
1648,Tremezzo (ora Tremezzina),22019,0344,013225,L371,http://www.comuni-italiani.it/013/225/,base.state_it_co,base.it,9
1649,Trezzone,22010,0344,013226,L413,http://www.comuni-italiani.it/013/226/,base.state_it_co,base.it,4
1650,Turate,22078,02,013227,L470,http://www.comuni-italiani.it/013/227/,base.state_it_co,base.it,4
1651,Uggiate-Trevano,22029,031,013228,L487,http://www.comuni-italiani.it/013/228/,base.state_it_co,base.it,4
1652,Valbrona,22039,031,013229,L547,http://www.comuni-italiani.it/013/229/,base.state_it_co,base.it,4
1653,Valmorea,22070,031,013232,L640,http://www.comuni-italiani.it/013/232/,base.state_it_co,base.it,4
1654,Val Rezzo,22010,0344,013233,H259,http://www.comuni-italiani.it/013/233/,base.state_it_co,base.it,4
1655,Valsolda,22010,0344,013234,C936,http://www.comuni-italiani.it/013/234/,base.state_it_co,base.it,4
1656,Veleso,22020,031,013236,L715,http://www.comuni-italiani.it/013/236/,base.state_it_co,base.it,4
1657,Veniano,22070,031,013238,L737,http://www.comuni-italiani.it/013/238/,base.state_it_co,base.it,4
1658,Vercana,22013,0344,013239,L748,http://www.comuni-italiani.it/013/239/,base.state_it_co,base.it,4
1659,Vertemate con Minoprio,22070,031,013242,L792,http://www.comuni-italiani.it/013/242/,base.state_it_co,base.it,4
1660,Villa Guardia,22079,031,013245,L956,http://www.comuni-italiani.it/013/245/,base.state_it_co,base.it,4
8099,Zelbio,22020,031,013246,M156,http://www.comuni-italiani.it/013/246/,base.state_it_co,base.it,4
8107,San Siro,22010,0344,013248,I162,http://www.comuni-italiani.it/013/248/,base.state_it_co,base.it,4
8108,Gravedona ed Uniti,22015,0344,013249,M315,http://www.comuni-italiani.it/013/249/,base.state_it_co,base.it,4
8109,Bellagio,22021,031,013250,M335,http://www.comuni-italiani.it/013/250/,base.state_it_co,base.it,4
8110,Colverde,22020,031,013251,M336,http://www.comuni-italiani.it/013/251/,base.state_it_co,base.it,4
8111,Tremezzina,22019,0344,013252,M341,http://www.comuni-italiani.it/013/225/,base.state_it_co,base.it,4
1661,Albaredo per San Marco,23010,0342,014001,A135,http://www.comuni-italiani.it/014/001/,base.state_it_so,base.it,4
1662,Albosaggia,23010,0342,014002,A172,http://www.comuni-italiani.it/014/002/,base.state_it_so,base.it,4
1663,Andalo Valtellino,23014,0342,014003,A273,http://www.comuni-italiani.it/014/003/,base.state_it_so,base.it,4
1664,Aprica,23031,0342,014004,A337,http://www.comuni-italiani.it/014/004/,base.state_it_so,base.it,4
1665,Ardenno,23011,0342,014005,A382,http://www.comuni-italiani.it/014/005/,base.state_it_so,base.it,4
1666,Bema,23010,0342,014006,A777,http://www.comuni-italiani.it/014/006/,base.state_it_so,base.it,4
1667,Berbenno di Valtellina,23010,0342,014007,A787,http://www.comuni-italiani.it/014/007/,base.state_it_so,base.it,4
1668,Bianzone,23030,0342,014008,A848,http://www.comuni-italiani.it/014/008/,base.state_it_so,base.it,4
1669,Bormio,23032,0342,014009,B049,http://www.comuni-italiani.it/014/009/,base.state_it_so,base.it,4
1670,Buglio in Monte,23010,0342,014010,B255,http://www.comuni-italiani.it/014/010/,base.state_it_so,base.it,4
1671,Caiolo,23010,0342,014011,B366,http://www.comuni-italiani.it/014/011/,base.state_it_so,base.it,4
1672,Campodolcino,23021,0343,014012,B530,http://www.comuni-italiani.it/014/012/,base.state_it_so,base.it,4
1673,Caspoggio,23020,0342,014013,B993,http://www.comuni-italiani.it/014/013/,base.state_it_so,base.it,4
1674,Castello dell'Acqua,23030,0342,014014,C186,http://www.comuni-italiani.it/014/014/,base.state_it_so,base.it,4
1675,Castione Andevenno,23012,0342,014015,C325,http://www.comuni-italiani.it/014/015/,base.state_it_so,base.it,4
1676,Cedrasco,23010,0342,014016,C418,http://www.comuni-italiani.it/014/016/,base.state_it_so,base.it,4
1677,Cercino,23016,0342,014017,C493,http://www.comuni-italiani.it/014/017/,base.state_it_so,base.it,4
1678,Chiavenna,23022,0343,014018,C623,http://www.comuni-italiani.it/014/018/,base.state_it_so,base.it,4
1679,Chiesa in Valmalenco,23023,0342,014019,C628,http://www.comuni-italiani.it/014/019/,base.state_it_so,base.it,4
1680,Chiuro,23030,0342,014020,C651,http://www.comuni-italiani.it/014/020/,base.state_it_so,base.it,4
1681,Cino,23010,0342,014021,C709,http://www.comuni-italiani.it/014/021/,base.state_it_so,base.it,4
1682,Civo,23010,0342,014022,C785,http://www.comuni-italiani.it/014/022/,base.state_it_so,base.it,4
1683,Colorina,23010,0342,014023,C903,http://www.comuni-italiani.it/014/023/,base.state_it_so,base.it,4
1684,Cosio Valtellino,23013,0342,014024,D088,http://www.comuni-italiani.it/014/024/,base.state_it_so,base.it,4
1685,Dazio,23010,0342,014025,D258,http://www.comuni-italiani.it/014/025/,base.state_it_so,base.it,4
1686,Delebio,23014,0342,014026,D266,http://www.comuni-italiani.it/014/026/,base.state_it_so,base.it,4
1687,Dubino,23015,0342,014027,D377,http://www.comuni-italiani.it/014/027/,base.state_it_so,base.it,4
1688,Faedo Valtellino,23020,0342,014028,D456,http://www.comuni-italiani.it/014/028/,base.state_it_so,base.it,4
1689,Forcola,23010,0342,014029,D694,http://www.comuni-italiani.it/014/029/,base.state_it_so,base.it,4
1690,Fusine,23010,0342,014030,D830,http://www.comuni-italiani.it/014/030/,base.state_it_so,base.it,4
1691,Gerola Alta,23010,0342,014031,D990,http://www.comuni-italiani.it/014/031/,base.state_it_so,base.it,4
1692,Gordona,23020,0343,014032,E090,http://www.comuni-italiani.it/014/032/,base.state_it_so,base.it,4
1693,Grosio,23033,0342,014033,E200,http://www.comuni-italiani.it/014/033/,base.state_it_so,base.it,4
1694,Grosotto,23034,0342,014034,E201,http://www.comuni-italiani.it/014/034/,base.state_it_so,base.it,4
1695,Madesimo,23024,0343,014035,E342,http://www.comuni-italiani.it/014/035/,base.state_it_so,base.it,4
1696,Lanzada,23020,0342,014036,E443,http://www.comuni-italiani.it/014/036/,base.state_it_so,base.it,4
1697,Livigno,23030,0342,014037,E621,http://www.comuni-italiani.it/014/037/,base.state_it_so,base.it,4
1698,Lovero,23030,0342,014038,E705,http://www.comuni-italiani.it/014/038/,base.state_it_so,base.it,4
1699,Mantello,23016,0342,014039,E896,http://www.comuni-italiani.it/014/039/,base.state_it_so,base.it,4
1700,Mazzo di Valtellina,23030,0342,014040,F070,http://www.comuni-italiani.it/014/040/,base.state_it_so,base.it,4
1701,Mello,23010,0342,014041,F115,http://www.comuni-italiani.it/014/041/,base.state_it_so,base.it,4
1702,Menarola,23020,0343,014042,F121,http://www.comuni-italiani.it/014/042/,base.state_it_so,base.it,4
1703,Mese,23020,0343,014043,F153,http://www.comuni-italiani.it/014/043/,base.state_it_so,base.it,4
1704,Montagna in Valtellina,23020,0342,014044,F393,http://www.comuni-italiani.it/014/044/,base.state_it_so,base.it,4
1705,Morbegno,23017,0342,014045,F712,http://www.comuni-italiani.it/014/045/,base.state_it_so,base.it,4
1706,Novate Mezzola,23025,0343,014046,F956,http://www.comuni-italiani.it/014/046/,base.state_it_so,base.it,4
1707,Pedesina,23010,0342,014047,G410,http://www.comuni-italiani.it/014/047/,base.state_it_so,base.it,4
1708,Piantedo,23010,0342,014048,G572,http://www.comuni-italiani.it/014/048/,base.state_it_so,base.it,4
1709,Piateda,23020,0342,014049,G576,http://www.comuni-italiani.it/014/049/,base.state_it_so,base.it,4
1710,Piuro,23020,0343,014050,G718,http://www.comuni-italiani.it/014/050/,base.state_it_so,base.it,4
1711,Poggiridenti,23020,0342,014051,G431,http://www.comuni-italiani.it/014/051/,base.state_it_so,base.it,4
1712,Ponte in Valtellina,23026,0342,014052,G829,http://www.comuni-italiani.it/014/052/,base.state_it_so,base.it,4
1713,Postalesio,23010,0342,014053,G937,http://www.comuni-italiani.it/014/053/,base.state_it_so,base.it,4
1714,Prata Camportaccio,23020,0343,014054,G993,http://www.comuni-italiani.it/014/054/,base.state_it_so,base.it,4
1715,Rasura,23010,0342,014055,H192,http://www.comuni-italiani.it/014/055/,base.state_it_so,base.it,4
1716,Rogolo,23010,0342,014056,H493,http://www.comuni-italiani.it/014/056/,base.state_it_so,base.it,4
1717,Samolaco,23027,0343,014057,H752,http://www.comuni-italiani.it/014/057/,base.state_it_so,base.it,4
1718,San Giacomo Filippo,23020,0343,014058,H868,http://www.comuni-italiani.it/014/058/,base.state_it_so,base.it,4
1719,Sernio,23030,0342,014059,I636,http://www.comuni-italiani.it/014/059/,base.state_it_so,base.it,4
1720,Sondalo,23035,0342,014060,I828,http://www.comuni-italiani.it/014/060/,base.state_it_so,base.it,4
1721,Sondrio,23100,0342,014061,I829,http://www.comuni-italiani.it/014/061/,base.state_it_so,base.it,4
1722,Spriana,23020,0342,014062,I928,http://www.comuni-italiani.it/014/062/,base.state_it_so,base.it,4
1723,Talamona,23018,0342,014063,L035,http://www.comuni-italiani.it/014/063/,base.state_it_so,base.it,4
1724,Tartano,23010,0342,014064,L056,http://www.comuni-italiani.it/014/064/,base.state_it_so,base.it,4
1725,Teglio,23036,0342,014065,L084,http://www.comuni-italiani.it/014/065/,base.state_it_so,base.it,4
1726,Tirano,23037,0342,014066,L175,http://www.comuni-italiani.it/014/066/,base.state_it_so,base.it,4
1727,Torre di Santa Maria,23020,0342,014067,L244,http://www.comuni-italiani.it/014/067/,base.state_it_so,base.it,4
1728,Tovo di Sant'Agata,23030,0342,014068,L316,http://www.comuni-italiani.it/014/068/,base.state_it_so,base.it,4
1729,Traona,23019,0342,014069,L330,http://www.comuni-italiani.it/014/069/,base.state_it_so,base.it,4
1730,Tresivio,23020,0342,014070,L392,http://www.comuni-italiani.it/014/070/,base.state_it_so,base.it,4
1731,Valdidentro,23038,0342,014071,L557,http://www.comuni-italiani.it/014/071/,base.state_it_so,base.it,4
1732,Valdisotto,23030,0342,014072,L563,http://www.comuni-italiani.it/014/072/,base.state_it_so,base.it,4
1733,Valfurva,23030,0342,014073,L576,http://www.comuni-italiani.it/014/073/,base.state_it_so,base.it,4
1734,Val Masino,23010,0342,014074,L638,http://www.comuni-italiani.it/014/074/,base.state_it_so,base.it,4
1735,Verceia,23020,0343,014075,L749,http://www.comuni-italiani.it/014/075/,base.state_it_so,base.it,4
1736,Vervio,23030,0342,014076,L799,http://www.comuni-italiani.it/014/076/,base.state_it_so,base.it,4
1737,Villa di Chiavenna,23029,0343,014077,L907,http://www.comuni-italiani.it/014/077/,base.state_it_so,base.it,4
1738,Villa di Tirano,23030,0342,014078,L908,http://www.comuni-italiani.it/014/078/,base.state_it_so,base.it,4
1739,Abbiategrasso,20081,02,015002,A010,http://www.comuni-italiani.it/015/002/,base.state_it_mi,base.it,4
1742,Albairate,20080,02,015005,A127,http://www.comuni-italiani.it/015/005/,base.state_it_mi,base.it,4
1744,Arconate,20020,0331,015007,A375,http://www.comuni-italiani.it/015/007/,base.state_it_mi,base.it,4
1746,Arese,20020,02,015009,A389,http://www.comuni-italiani.it/015/009/,base.state_it_mi,base.it,4
1747,Arluno,20010,02,015010,A413,http://www.comuni-italiani.it/015/010/,base.state_it_mi,base.it,4
1748,Assago,20090,02,015011,A473,http://www.comuni-italiani.it/015/011/,base.state_it_mi,base.it,4
1749,Bareggio,20010,02,015012,A652,http://www.comuni-italiani.it/015/012/,base.state_it_mi,base.it,4
1751,Basiano,20060,02,015014,A697,http://www.comuni-italiani.it/015/014/,base.state_it_mi,base.it,4
1752,Basiglio,20080,02,015015,A699,http://www.comuni-italiani.it/015/015/,base.state_it_mi,base.it,4
1753,Bellinzago Lombardo,20060,02,015016,A751,http://www.comuni-italiani.it/015/016/,base.state_it_mi,base.it,4
1756,Bernate Ticino,20010,02,015019,A804,http://www.comuni-italiani.it/015/019/,base.state_it_mi,base.it,4
1758,Besate,20080,02,015022,A820,http://www.comuni-italiani.it/015/022/,base.state_it_mi,base.it,4
1760,Binasco,20082,02,015024,A872,http://www.comuni-italiani.it/015/024/,base.state_it_mi,base.it,4
1761,Boffalora sopra Ticino,20010,02,015026,A920,http://www.comuni-italiani.it/015/026/,base.state_it_mi,base.it,4
1762,Bollate,20021,02,015027,A940,http://www.comuni-italiani.it/015/027/,base.state_it_mi,base.it,4
1764,Bresso,20091,02,015032,B162,http://www.comuni-italiani.it/015/032/,base.state_it_mi,base.it,4
1767,Bubbiano,20080,02,015035,B235,http://www.comuni-italiani.it/015/035/,base.state_it_mi,base.it,4
1768,Buccinasco,20090,02,015036,B240,http://www.comuni-italiani.it/015/036/,base.state_it_mi,base.it,4
1770,Buscate,20010,0331,015038,B286,http://www.comuni-italiani.it/015/038/,base.state_it_mi,base.it,4
1772,Bussero,20060,02,015040,B292,http://www.comuni-italiani.it/015/040/,base.state_it_mi,base.it,4
1773,Busto Garolfo,20020,0331,015041,B301,http://www.comuni-italiani.it/015/041/,base.state_it_mi,base.it,4
1774,Calvignasco,20080,02,015042,B448,http://www.comuni-italiani.it/015/042/,base.state_it_mi,base.it,4
1775,Cambiago,20040,02,015044,B461,http://www.comuni-italiani.it/015/044/,base.state_it_mi,base.it,4
1777,Canegrate,20010,0331,015046,B593,http://www.comuni-italiani.it/015/046/,base.state_it_mi,base.it,4
1781,Carpiano,20080,02,015050,B820,http://www.comuni-italiani.it/015/050/,base.state_it_mi,base.it,4
1782,Carugate,20061,02,015051,B850,http://www.comuni-italiani.it/015/051/,base.state_it_mi,base.it,4
1783,Casarile,20080,02,015055,B938,http://www.comuni-italiani.it/015/055/,base.state_it_mi,base.it,4
1784,Casorezzo,20010,02,015058,B989,http://www.comuni-italiani.it/015/058/,base.state_it_mi,base.it,4
1785,Cassano d'Adda,20062,0363,015059,C003,http://www.comuni-italiani.it/015/059/,base.state_it_mi,base.it,4
1786,Cassina de' Pecchi,20060,02,015060,C014,http://www.comuni-italiani.it/015/060/,base.state_it_mi,base.it,4
1787,Cassinetta di Lugagnano,20081,02,015061,C033,http://www.comuni-italiani.it/015/061/,base.state_it_mi,base.it,4
1788,Castano Primo,20022,0331,015062,C052,http://www.comuni-italiani.it/015/062/,base.state_it_mi,base.it,4
1791,Cernusco sul Naviglio,20063,02,015070,C523,http://www.comuni-italiani.it/015/070/,base.state_it_mi,base.it,4
1792,Cerro al Lambro,20070,02,015071,C536,http://www.comuni-italiani.it/015/071/,base.state_it_mi,base.it,4
1793,Cerro Maggiore,20023,0331,015072,C537,http://www.comuni-italiani.it/015/072/,base.state_it_mi,base.it,4
1794,Cesano Boscone,20090,02,015074,C565,http://www.comuni-italiani.it/015/074/,base.state_it_mi,base.it,4
1796,Cesate,20020,02,015076,C569,http://www.comuni-italiani.it/015/076/,base.state_it_mi,base.it,4
1797,Cinisello Balsamo,20092,02,015077,C707,http://www.comuni-italiani.it/015/077/,base.state_it_mi,base.it,4
1798,Cisliano,20080,02,015078,C733,http://www.comuni-italiani.it/015/078/,base.state_it_mi,base.it,4
1800,Cologno Monzese,20093,02,015081,C895,http://www.comuni-italiani.it/015/081/,base.state_it_mi,base.it,4
1801,Colturano,20060,02,015082,C908,http://www.comuni-italiani.it/015/082/,base.state_it_mi,base.it,4
1803,Corbetta,20011,02,015085,C986,http://www.comuni-italiani.it/015/085/,base.state_it_mi,base.it,4
1804,Cormano,20032,02,015086,D013,http://www.comuni-italiani.it/015/086/,base.state_it_mi,base.it,4
1805,Cornaredo,20010,02,015087,D018,http://www.comuni-italiani.it/015/087/,base.state_it_mi,base.it,4
1808,Corsico,20094,02,015093,D045,http://www.comuni-italiani.it/015/093/,base.state_it_mi,base.it,4
1809,Cuggiono,20012,02,015096,D198,http://www.comuni-italiani.it/015/096/,base.state_it_mi,base.it,4
1810,Cusago,20090,02,015097,D229,http://www.comuni-italiani.it/015/097/,base.state_it_mi,base.it,4
1811,Cusano Milanino,20095,02,015098,D231,http://www.comuni-italiani.it/015/098/,base.state_it_mi,base.it,4
1812,Dairago,20020,0331,015099,D244,http://www.comuni-italiani.it/015/099/,base.state_it_mi,base.it,4
1814,Dresano,20070,02,015101,D367,http://www.comuni-italiani.it/015/101/,base.state_it_mi,base.it,4
1815,Gaggiano,20083,02,015103,D845,http://www.comuni-italiani.it/015/103/,base.state_it_mi,base.it,4
1816,Garbagnate Milanese,20024,02,015105,D912,http://www.comuni-italiani.it/015/105/,base.state_it_mi,base.it,4
1817,Gessate,20060,02,015106,D995,http://www.comuni-italiani.it/015/106/,base.state_it_mi,base.it,4
1819,Gorgonzola,20064,02,015108,E094,http://www.comuni-italiani.it/015/108/,base.state_it_mi,base.it,4
1820,Grezzago,20056,02,015110,E170,http://www.comuni-italiani.it/015/110/,base.state_it_mi,base.it,4
1821,Gudo Visconti,20088,02,015112,E258,http://www.comuni-italiani.it/015/112/,base.state_it_mi,base.it,4
1822,Inveruno,20010,02,015113,E313,http://www.comuni-italiani.it/015/113/,base.state_it_mi,base.it,4
1823,Inzago,20065,02,015114,E317,http://www.comuni-italiani.it/015/114/,base.state_it_mi,base.it,4
1824,Lacchiarella,20084,02,015115,E395,http://www.comuni-italiani.it/015/115/,base.state_it_mi,base.it,4
1825,Lainate,20020,02,015116,E415,http://www.comuni-italiani.it/015/116/,base.state_it_mi,base.it,4
1827,Legnano,20025,0331,015118,E514,http://www.comuni-italiani.it/015/118/,base.state_it_mi,base.it,4
1831,Liscate,20060,02,015122,E610,http://www.comuni-italiani.it/015/122/,base.state_it_mi,base.it,4
1833,Locate di Triulzi,20085,02,015125,E639,http://www.comuni-italiani.it/015/125/,base.state_it_mi,base.it,4
1835,Magenta,20013,02,015130,E801,http://www.comuni-italiani.it/015/130/,base.state_it_mi,base.it,4
1836,Magnago,20020,0331,015131,E819,http://www.comuni-italiani.it/015/131/,base.state_it_mi,base.it,4
1837,Marcallo con Casone,20010,02,015134,E921,http://www.comuni-italiani.it/015/134/,base.state_it_mi,base.it,4
1838,Masate,20060,02,015136,F003,http://www.comuni-italiani.it/015/136/,base.state_it_mi,base.it,4
1840,Mediglia,20060,02,015139,F084,http://www.comuni-italiani.it/015/139/,base.state_it_mi,base.it,4
1841,Melegnano,20077,02,015140,F100,http://www.comuni-italiani.it/015/140/,base.state_it_mi,base.it,4
1842,Melzo,20066,02,015142,F119,http://www.comuni-italiani.it/015/142/,base.state_it_mi,base.it,4
1843,Mesero,20010,02,015144,F155,http://www.comuni-italiani.it/015/144/,base.state_it_mi,base.it,4
1845,Milano,201%%,02,015146,F205,http://www.comuni-italiani.it/015/146/,base.state_it_mi,base.it,4
1848,Morimondo,20081,02,015150,D033,http://www.comuni-italiani.it/015/150/,base.state_it_mi,base.it,4
1849,Motta Visconti,20086,02,015151,F783,http://www.comuni-italiani.it/015/151/,base.state_it_mi,base.it,4
1851,Nerviano,20014,0331,015154,F874,http://www.comuni-italiani.it/015/154/,base.state_it_mi,base.it,4
1852,Nosate,20020,0331,015155,F939,http://www.comuni-italiani.it/015/155/,base.state_it_mi,base.it,4
1854,Novate Milanese,20026,02,015157,F955,http://www.comuni-italiani.it/015/157/,base.state_it_mi,base.it,4
1855,Noviglio,20082,02,015158,F968,http://www.comuni-italiani.it/015/158/,base.state_it_mi,base.it,4
1856,Opera,20090,02,015159,G078,http://www.comuni-italiani.it/015/159/,base.state_it_mi,base.it,4
1858,Ossona,20010,02,015164,G181,http://www.comuni-italiani.it/015/164/,base.state_it_mi,base.it,4
1859,Ozzero,20080,02,015165,G206,http://www.comuni-italiani.it/015/165/,base.state_it_mi,base.it,4
1860,Paderno Dugnano,20037,02,015166,G220,http://www.comuni-italiani.it/015/166/,base.state_it_mi,base.it,4
1861,Pantigliate,20090,02,015167,G316,http://www.comuni-italiani.it/015/167/,base.state_it_mi,base.it,4
1862,Parabiago,20015,0331,015168,G324,http://www.comuni-italiani.it/015/168/,base.state_it_mi,base.it,4
1863,Paullo,20067,02,015169,G385,http://www.comuni-italiani.it/015/169/,base.state_it_mi,base.it,4
1864,Pero,20016,02,015170,C013,http://www.comuni-italiani.it/015/170/,base.state_it_mi,base.it,4
1865,Peschiera Borromeo,20068,02,015171,G488,http://www.comuni-italiani.it/015/171/,base.state_it_mi,base.it,4
1866,Pessano con Bornago,20060,02,015172,G502,http://www.comuni-italiani.it/015/172/,base.state_it_mi,base.it,4
1867,Pieve Emanuele,20090,02,015173,G634,http://www.comuni-italiani.it/015/173/,base.state_it_mi,base.it,4
1868,Pioltello,20096,02,015175,G686,http://www.comuni-italiani.it/015/175/,base.state_it_mi,base.it,4
1869,Pogliano Milanese,20010,02,015176,G772,http://www.comuni-italiani.it/015/176/,base.state_it_mi,base.it,4
1870,Pozzo d'Adda,20060,02,015177,G955,http://www.comuni-italiani.it/015/177/,base.state_it_mi,base.it,4
1871,Pozzuolo Martesana,20060,02,015178,G965,http://www.comuni-italiani.it/015/178/,base.state_it_mi,base.it,4
1872,Pregnana Milanese,20010,02,015179,H026,http://www.comuni-italiani.it/015/179/,base.state_it_mi,base.it,4
1874,Rescaldina,20027,0331,015181,H240,http://www.comuni-italiani.it/015/181/,base.state_it_mi,base.it,4
1875,Rho,20017,02,015182,H264,http://www.comuni-italiani.it/015/182/,base.state_it_mi,base.it,4
1876,Robecchetto con Induno,20020,0331,015183,H371,http://www.comuni-italiani.it/015/183/,base.state_it_mi,base.it,4
1877,Robecco sul Naviglio,20087,02,015184,H373,http://www.comuni-italiani.it/015/184/,base.state_it_mi,base.it,4
1878,Rodano,20090,02,015185,H470,http://www.comuni-italiani.it/015/185/,base.state_it_mi,base.it,4
1881,Rosate,20088,02,015188,H560,http://www.comuni-italiani.it/015/188/,base.state_it_mi,base.it,4
1882,Rozzano,20089,02,015189,H623,http://www.comuni-italiani.it/015/189/,base.state_it_mi,base.it,4
1883,San Colombano al Lambro,20078,0371,015191,H803,http://www.comuni-italiani.it/015/191/,base.state_it_mi,base.it,4
1884,San Donato Milanese,20097,02,015192,H827,http://www.comuni-italiani.it/015/192/,base.state_it_mi,base.it,4
1885,San Giorgio su Legnano,20010,0331,015194,H884,http://www.comuni-italiani.it/015/194/,base.state_it_mi,base.it,4
1886,San Giuliano Milanese,20098,02,015195,H930,http://www.comuni-italiani.it/015/195/,base.state_it_mi,base.it,4
1887,Santo Stefano Ticino,20010,02,015200,I361,http://www.comuni-italiani.it/015/200/,base.state_it_mi,base.it,4
1888,San Vittore Olona,20028,0331,015201,I409,http://www.comuni-italiani.it/015/201/,base.state_it_mi,base.it,4
1889,San Zenone al Lambro,20070,02,015202,I415,http://www.comuni-italiani.it/015/202/,base.state_it_mi,base.it,4
1890,Sedriano,20018,02,015204,I566,http://www.comuni-italiani.it/015/204/,base.state_it_mi,base.it,4
1891,Segrate,20090,02,015205,I577,http://www.comuni-italiani.it/015/205/,base.state_it_mi,base.it,4
1892,Senago,20030,02,015206,I602,http://www.comuni-italiani.it/015/206/,base.state_it_mi,base.it,4
1894,Sesto San Giovanni,20099,02,015209,I690,http://www.comuni-italiani.it/015/209/,base.state_it_mi,base.it,4
1895,Settala,20090,02,015210,I696,http://www.comuni-italiani.it/015/210/,base.state_it_mi,base.it,4
1896,Settimo Milanese,20019,02,015211,I700,http://www.comuni-italiani.it/015/211/,base.state_it_mi,base.it,4
1898,Solaro,20020,02,015213,I786,http://www.comuni-italiani.it/015/213/,base.state_it_mi,base.it,4
1901,Trezzano Rosa,20060,02,015219,L408,http://www.comuni-italiani.it/015/219/,base.state_it_mi,base.it,4
1902,Trezzano sul Naviglio,20090,02,015220,L409,http://www.comuni-italiani.it/015/220/,base.state_it_mi,base.it,4
1903,Trezzo sull'Adda,20056,02,015221,L411,http://www.comuni-italiani.it/015/221/,base.state_it_mi,base.it,4
1904,Tribiano,20067,02,015222,L415,http://www.comuni-italiani.it/015/222/,base.state_it_mi,base.it,4
1906,Truccazzano,20060,02,015224,L454,http://www.comuni-italiani.it/015/224/,base.state_it_mi,base.it,4
1907,Turbigo,20029,0331,015226,L471,http://www.comuni-italiani.it/015/226/,base.state_it_mi,base.it,4
1909,Vanzago,20010,02,015229,L665,http://www.comuni-italiani.it/015/229/,base.state_it_mi,base.it,4
1910,Vaprio d'Adda,20069,02,015230,L667,http://www.comuni-italiani.it/015/230/,base.state_it_mi,base.it,4
1915,Vermezzo,20080,02,015235,L768,http://www.comuni-italiani.it/015/235/,base.state_it_mi,base.it,4
1916,Vernate,20080,02,015236,L773,http://www.comuni-italiani.it/015/236/,base.state_it_mi,base.it,4
1917,Vignate,20060,02,015237,L883,http://www.comuni-italiani.it/015/237/,base.state_it_mi,base.it,4
1920,Vimodrone,20090,02,015242,M053,http://www.comuni-italiani.it/015/242/,base.state_it_mi,base.it,4
1921,Vittuone,20010,02,015243,M091,http://www.comuni-italiani.it/015/243/,base.state_it_mi,base.it,4
1922,Vizzolo Predabissi,20070,02,015244,M102,http://www.comuni-italiani.it/015/244/,base.state_it_mi,base.it,4
1923,Zelo Surrigone,20080,02,015246,M160,http://www.comuni-italiani.it/015/246/,base.state_it_mi,base.it,4
1924,Zibido San Giacomo,20080,02,015247,M176,http://www.comuni-italiani.it/015/247/,base.state_it_mi,base.it,4
1925,Villa Cortese,20020,0331,015248,L928,http://www.comuni-italiani.it/015/248/,base.state_it_mi,base.it,4
1926,Vanzaghello,20020,0331,015249,L664,http://www.comuni-italiani.it/015/249/,base.state_it_mi,base.it,4
1927,Baranzate,20021,02,015250,A618,http://www.comuni-italiani.it/015/250/,base.state_it_mi,base.it,4
1928,Adrara San Martino,24060,035,016001,A057,http://www.comuni-italiani.it/016/001/,base.state_it_bg,base.it,4
1929,Adrara San Rocco,24060,035,016002,A058,http://www.comuni-italiani.it/016/002/,base.state_it_bg,base.it,4
1930,Albano Sant'Alessandro,24061,035,016003,A129,http://www.comuni-italiani.it/016/003/,base.state_it_bg,base.it,4
1931,Albino,24021,035,016004,A163,http://www.comuni-italiani.it/016/004/,base.state_it_bg,base.it,4
1932,Almè,24011,035,016005,A214,http://www.comuni-italiani.it/016/005/,base.state_it_bg,base.it,4
1933,Almenno San Bartolomeo,24030,035,016006,A216,http://www.comuni-italiani.it/016/006/,base.state_it_bg,base.it,4
1934,Almenno San Salvatore,24031,035,016007,A217,http://www.comuni-italiani.it/016/007/,base.state_it_bg,base.it,4
1935,Alzano Lombardo,24022,035,016008,A246,http://www.comuni-italiani.it/016/008/,base.state_it_bg,base.it,4
1936,Ambivere,24030,035,016009,A259,http://www.comuni-italiani.it/016/009/,base.state_it_bg,base.it,4
1937,Antegnate,24051,0363,016010,A304,http://www.comuni-italiani.it/016/010/,base.state_it_bg,base.it,4
1938,Arcene,24040,035,016011,A365,http://www.comuni-italiani.it/016/011/,base.state_it_bg,base.it,4
1939,Ardesio,24020,0346,016012,A383,http://www.comuni-italiani.it/016/012/,base.state_it_bg,base.it,4
1940,Arzago d'Adda,24040,0363,016013,A440,http://www.comuni-italiani.it/016/013/,base.state_it_bg,base.it,4
1941,Averara,24010,0345,016014,A511,http://www.comuni-italiani.it/016/014/,base.state_it_bg,base.it,4
1942,Aviatico,24020,035,016015,A517,http://www.comuni-italiani.it/016/015/,base.state_it_bg,base.it,4
1943,Azzano San Paolo,24052,035,016016,A528,http://www.comuni-italiani.it/016/016/,base.state_it_bg,base.it,4
1944,Azzone,24020,0346,016017,A533,http://www.comuni-italiani.it/016/017/,base.state_it_bg,base.it,4
1945,Bagnatica,24060,035,016018,A557,http://www.comuni-italiani.it/016/018/,base.state_it_bg,base.it,4
1946,Barbata,24040,0363,016019,A631,http://www.comuni-italiani.it/016/019/,base.state_it_bg,base.it,4
1947,Bariano,24050,0363,016020,A664,http://www.comuni-italiani.it/016/020/,base.state_it_bg,base.it,4
1948,Barzana,24030,035,016021,A684,http://www.comuni-italiani.it/016/021/,base.state_it_bg,base.it,4
1949,Bedulita,24030,035,016022,A732,http://www.comuni-italiani.it/016/022/,base.state_it_bg,base.it,4
1950,Berbenno,24030,035,016023,A786,http://www.comuni-italiani.it/016/023/,base.state_it_bg,base.it,4
1951,Bergamo,241%%,035,016024,A794,http://www.comuni-italiani.it/016/024/,base.state_it_bg,base.it,4
1952,Berzo San Fermo,24060,035,016025,A815,http://www.comuni-italiani.it/016/025/,base.state_it_bg,base.it,4
1953,Bianzano,24060,035,016026,A846,http://www.comuni-italiani.it/016/026/,base.state_it_bg,base.it,4
1954,Blello,24010,0345,016027,A903,http://www.comuni-italiani.it/016/027/,base.state_it_bg,base.it,4
1955,Bolgare,24060,035,016028,A937,http://www.comuni-italiani.it/016/028/,base.state_it_bg,base.it,4
1956,Boltiere,24040,035,016029,A950,http://www.comuni-italiani.it/016/029/,base.state_it_bg,base.it,4
1957,Bonate Sopra,24040,035,016030,A963,http://www.comuni-italiani.it/016/030/,base.state_it_bg,base.it,4
1958,Bonate Sotto,24040,035,016031,A962,http://www.comuni-italiani.it/016/031/,base.state_it_bg,base.it,4
1959,Borgo di Terzo,24060,035,016032,B010,http://www.comuni-italiani.it/016/032/,base.state_it_bg,base.it,4
1960,Bossico,24060,035,016033,B083,http://www.comuni-italiani.it/016/033/,base.state_it_bg,base.it,4
1961,Bottanuco,24040,035,016034,B088,http://www.comuni-italiani.it/016/034/,base.state_it_bg,base.it,4
1962,Bracca,24010,0345,016035,B112,http://www.comuni-italiani.it/016/035/,base.state_it_bg,base.it,4
1963,Branzi,24010,0345,016036,B123,http://www.comuni-italiani.it/016/036/,base.state_it_bg,base.it,4
1964,Brembate,24041,035,016037,B137,http://www.comuni-italiani.it/016/037/,base.state_it_bg,base.it,4
1965,Brembate di Sopra,24030,035,016038,B138,http://www.comuni-italiani.it/016/038/,base.state_it_bg,base.it,4
1966,Brembilla (ora Val Brembilla) ,24012,0345,016039,B140,http://www.comuni-italiani.it/016/039/,base.state_it_bg,base.it,9
1967,Brignano Gera d'Adda,24053,0363,016040,B178,http://www.comuni-italiani.it/016/040/,base.state_it_bg,base.it,4
1968,Brumano,24037,035,016041,B217,http://www.comuni-italiani.it/016/041/,base.state_it_bg,base.it,4
1969,Brusaporto,24060,035,016042,B223,http://www.comuni-italiani.it/016/042/,base.state_it_bg,base.it,4
1970,Calcinate,24050,035,016043,B393,http://www.comuni-italiani.it/016/043/,base.state_it_bg,base.it,4
1971,Calcio,24054,0363,016044,B395,http://www.comuni-italiani.it/016/044/,base.state_it_bg,base.it,4
1972,Calusco d'Adda,24033,035,016046,B434,http://www.comuni-italiani.it/016/046/,base.state_it_bg,base.it,4
1973,Calvenzano,24040,0363,016047,B442,http://www.comuni-italiani.it/016/047/,base.state_it_bg,base.it,4
1974,Camerata Cornello,24010,0345,016048,B471,http://www.comuni-italiani.it/016/048/,base.state_it_bg,base.it,4
1975,Canonica d'Adda,24040,02,016049,B618,http://www.comuni-italiani.it/016/049/,base.state_it_bg,base.it,4
1976,Capizzone,24030,035,016050,B661,http://www.comuni-italiani.it/016/050/,base.state_it_bg,base.it,4
1977,Capriate San Gervasio,24042,02,016051,B703,http://www.comuni-italiani.it/016/051/,base.state_it_bg,base.it,4
1978,Caprino Bergamasco,24030,035,016052,B710,http://www.comuni-italiani.it/016/052/,base.state_it_bg,base.it,4
1979,Caravaggio,24043,0363,016053,B731,http://www.comuni-italiani.it/016/053/,base.state_it_bg,base.it,4
1980,Carobbio degli Angeli,24060,035,016055,B801,http://www.comuni-italiani.it/016/055/,base.state_it_bg,base.it,4
1981,Carona,24010,0345,016056,B803,http://www.comuni-italiani.it/016/056/,base.state_it_bg,base.it,4
1982,Carvico,24030,035,016057,B854,http://www.comuni-italiani.it/016/057/,base.state_it_bg,base.it,4
1983,Casazza,24060,035,016058,B947,http://www.comuni-italiani.it/016/058/,base.state_it_bg,base.it,4
1984,Casirate d'Adda,24040,0363,016059,B971,http://www.comuni-italiani.it/016/059/,base.state_it_bg,base.it,4
1985,Casnigo,24020,035,016060,B978,http://www.comuni-italiani.it/016/060/,base.state_it_bg,base.it,4
1986,Cassiglio,24010,0345,016061,C007,http://www.comuni-italiani.it/016/061/,base.state_it_bg,base.it,4
1987,Castelli Calepio,24060,035,016062,C079,http://www.comuni-italiani.it/016/062/,base.state_it_bg,base.it,4
1988,Castel Rozzone,24040,0363,016063,C255,http://www.comuni-italiani.it/016/063/,base.state_it_bg,base.it,4
1989,Castione della Presolana,24020,0346,016064,C324,http://www.comuni-italiani.it/016/064/,base.state_it_bg,base.it,4
1990,Castro,24063,035,016065,C337,http://www.comuni-italiani.it/016/065/,base.state_it_bg,base.it,4
1991,Cavernago,24050,035,016066,C396,http://www.comuni-italiani.it/016/066/,base.state_it_bg,base.it,4
1992,Cazzano Sant'Andrea,24026,035,016067,C410,http://www.comuni-italiani.it/016/067/,base.state_it_bg,base.it,4
1993,Cenate Sopra,24060,035,016068,C456,http://www.comuni-italiani.it/016/068/,base.state_it_bg,base.it,4
1994,Cenate Sotto,24069,035,016069,C457,http://www.comuni-italiani.it/016/069/,base.state_it_bg,base.it,4
1995,Cene,24020,035,016070,C459,http://www.comuni-italiani.it/016/070/,base.state_it_bg,base.it,4
1996,Cerete,24020,0346,016071,C506,http://www.comuni-italiani.it/016/071/,base.state_it_bg,base.it,4
1997,Chignolo d'Isola,24040,035,016072,C635,http://www.comuni-italiani.it/016/072/,base.state_it_bg,base.it,4
1998,Chiuduno,24060,035,016073,C649,http://www.comuni-italiani.it/016/073/,base.state_it_bg,base.it,4
1999,Cisano Bergamasco,24034,035,016074,C728,http://www.comuni-italiani.it/016/074/,base.state_it_bg,base.it,4
2000,Ciserano,24040,035,016075,C730,http://www.comuni-italiani.it/016/075/,base.state_it_bg,base.it,4
2001,Cividate al Piano,24050,0363,016076,C759,http://www.comuni-italiani.it/016/076/,base.state_it_bg,base.it,4
2002,Clusone,24023,0346,016077,C800,http://www.comuni-italiani.it/016/077/,base.state_it_bg,base.it,4
2003,Colere,24020,0346,016078,C835,http://www.comuni-italiani.it/016/078/,base.state_it_bg,base.it,4
2004,Cologno al Serio,24055,035,016079,C894,http://www.comuni-italiani.it/016/079/,base.state_it_bg,base.it,4
2005,Colzate,24020,035,016080,C910,http://www.comuni-italiani.it/016/080/,base.state_it_bg,base.it,4
2006,Comun Nuovo,24040,035,016081,C937,http://www.comuni-italiani.it/016/081/,base.state_it_bg,base.it,4
2007,Corna Imagna,24030,035,016082,D015,http://www.comuni-italiani.it/016/082/,base.state_it_bg,base.it,4
2008,Cortenuova,24050,0363,016083,D066,http://www.comuni-italiani.it/016/083/,base.state_it_bg,base.it,4
2009,Costa di Mezzate,24060,035,016084,D110,http://www.comuni-italiani.it/016/084/,base.state_it_bg,base.it,4
2010,Costa Valle Imagna,24030,035,016085,D103,http://www.comuni-italiani.it/016/085/,base.state_it_bg,base.it,4
2011,Costa Volpino,24062,035,016086,D117,http://www.comuni-italiani.it/016/086/,base.state_it_bg,base.it,4
2012,Covo,24050,0363,016087,D126,http://www.comuni-italiani.it/016/087/,base.state_it_bg,base.it,4
2013,Credaro,24060,035,016088,D139,http://www.comuni-italiani.it/016/088/,base.state_it_bg,base.it,4
2014,Curno,24035,035,016089,D221,http://www.comuni-italiani.it/016/089/,base.state_it_bg,base.it,4
2015,Cusio,24010,0345,016090,D233,http://www.comuni-italiani.it/016/090/,base.state_it_bg,base.it,4
2016,Dalmine,24044,035,016091,D245,http://www.comuni-italiani.it/016/091/,base.state_it_bg,base.it,4
2017,Dossena,24010,0345,016092,D352,http://www.comuni-italiani.it/016/092/,base.state_it_bg,base.it,4
2018,Endine Gaiano,24060,035,016093,D406,http://www.comuni-italiani.it/016/093/,base.state_it_bg,base.it,4
2019,Entratico,24060,035,016094,D411,http://www.comuni-italiani.it/016/094/,base.state_it_bg,base.it,4
2020,Fara Gera d'Adda,24045,0363,016096,D490,http://www.comuni-italiani.it/016/096/,base.state_it_bg,base.it,4
2021,Fara Olivana con Sola,24058,0363,016097,D491,http://www.comuni-italiani.it/016/097/,base.state_it_bg,base.it,4
2022,Filago,24040,035,016098,D588,http://www.comuni-italiani.it/016/098/,base.state_it_bg,base.it,4
2023,Fino del Monte,24020,0346,016099,D604,http://www.comuni-italiani.it/016/099/,base.state_it_bg,base.it,4
2024,Fiorano al Serio,24020,035,016100,D606,http://www.comuni-italiani.it/016/100/,base.state_it_bg,base.it,4
2025,Fontanella,24056,0363,016101,D672,http://www.comuni-italiani.it/016/101/,base.state_it_bg,base.it,4
2026,Fonteno,24060,035,016102,D684,http://www.comuni-italiani.it/016/102/,base.state_it_bg,base.it,4
2027,Foppolo,24010,0345,016103,D688,http://www.comuni-italiani.it/016/103/,base.state_it_bg,base.it,4
2028,Foresto Sparso,24060,035,016104,D697,http://www.comuni-italiani.it/016/104/,base.state_it_bg,base.it,4
2029,Fornovo San Giovanni,24040,0363,016105,D727,http://www.comuni-italiani.it/016/105/,base.state_it_bg,base.it,4
2030,Fuipiano Valle Imagna,24030,035,016106,D817,http://www.comuni-italiani.it/016/106/,base.state_it_bg,base.it,4
2031,Gandellino,24020,0346,016107,D903,http://www.comuni-italiani.it/016/107/,base.state_it_bg,base.it,4
2032,Gandino,24024,035,016108,D905,http://www.comuni-italiani.it/016/108/,base.state_it_bg,base.it,4
2033,Gandosso,24060,035,016109,D906,http://www.comuni-italiani.it/016/109/,base.state_it_bg,base.it,4
2034,Gaverina Terme,24060,035,016110,D943,http://www.comuni-italiani.it/016/110/,base.state_it_bg,base.it,4
2035,Gazzaniga,24025,035,016111,D952,http://www.comuni-italiani.it/016/111/,base.state_it_bg,base.it,4
2036,Gerosa (ora Val Brembilla) ,24010,0345,016112,D991,http://www.comuni-italiani.it/016/112/,base.state_it_bg,base.it,9
2037,Ghisalba,24050,0363,016113,E006,http://www.comuni-italiani.it/016/113/,base.state_it_bg,base.it,4
2038,Gorlago,24060,035,016114,E100,http://www.comuni-italiani.it/016/114/,base.state_it_bg,base.it,4
2039,Gorle,24020,035,016115,E103,http://www.comuni-italiani.it/016/115/,base.state_it_bg,base.it,4
2040,Gorno,24020,035,016116,E106,http://www.comuni-italiani.it/016/116/,base.state_it_bg,base.it,4
2041,Grassobbio,24050,035,016117,E148,http://www.comuni-italiani.it/016/117/,base.state_it_bg,base.it,4
2042,Gromo,24020,0346,016118,E189,http://www.comuni-italiani.it/016/118/,base.state_it_bg,base.it,4
2043,Grone,24060,035,016119,E192,http://www.comuni-italiani.it/016/119/,base.state_it_bg,base.it,4
2044,Grumello del Monte,24064,035,016120,E219,http://www.comuni-italiani.it/016/120/,base.state_it_bg,base.it,4
2045,Isola di Fondra,24010,0345,016121,E353,http://www.comuni-italiani.it/016/121/,base.state_it_bg,base.it,4
2046,Isso,24040,0363,016122,E370,http://www.comuni-italiani.it/016/122/,base.state_it_bg,base.it,4
2047,Lallio,24040,035,016123,E422,http://www.comuni-italiani.it/016/123/,base.state_it_bg,base.it,4
2048,Leffe,24026,035,016124,E509,http://www.comuni-italiani.it/016/124/,base.state_it_bg,base.it,4
2049,Lenna,24010,0345,016125,E524,http://www.comuni-italiani.it/016/125/,base.state_it_bg,base.it,4
2050,Levate,24040,035,016126,E562,http://www.comuni-italiani.it/016/126/,base.state_it_bg,base.it,4
2051,Locatello,24030,035,016127,E640,http://www.comuni-italiani.it/016/127/,base.state_it_bg,base.it,4
2052,Lovere,24065,035,016128,E704,http://www.comuni-italiani.it/016/128/,base.state_it_bg,base.it,4
2053,Lurano,24050,035,016129,E751,http://www.comuni-italiani.it/016/129/,base.state_it_bg,base.it,4
2054,Luzzana,24069,035,016130,E770,http://www.comuni-italiani.it/016/130/,base.state_it_bg,base.it,4
2055,Madone,24040,035,016131,E794,http://www.comuni-italiani.it/016/131/,base.state_it_bg,base.it,4
2056,Mapello,24030,035,016132,E901,http://www.comuni-italiani.it/016/132/,base.state_it_bg,base.it,4
2057,Martinengo,24057,0363,016133,E987,http://www.comuni-italiani.it/016/133/,base.state_it_bg,base.it,4
2058,Mezzoldo,24010,0345,016134,F186,http://www.comuni-italiani.it/016/134/,base.state_it_bg,base.it,4
2059,Misano di Gera d'Adda,24040,0363,016135,F243,http://www.comuni-italiani.it/016/135/,base.state_it_bg,base.it,4
2060,Moio de' Calvi,24010,0345,016136,F276,http://www.comuni-italiani.it/016/136/,base.state_it_bg,base.it,4
2061,Monasterolo del Castello,24060,035,016137,F328,http://www.comuni-italiani.it/016/137/,base.state_it_bg,base.it,4
2062,Montello,24060,035,016139,F547,http://www.comuni-italiani.it/016/139/,base.state_it_bg,base.it,4
2063,Morengo,24050,0363,016140,F720,http://www.comuni-italiani.it/016/140/,base.state_it_bg,base.it,4
2064,Mornico al Serio,24050,035,016141,F738,http://www.comuni-italiani.it/016/141/,base.state_it_bg,base.it,4
2065,Mozzanica,24050,0363,016142,F786,http://www.comuni-italiani.it/016/142/,base.state_it_bg,base.it,4
2066,Mozzo,24030,035,016143,F791,http://www.comuni-italiani.it/016/143/,base.state_it_bg,base.it,4
2067,Nembro,24027,035,016144,F864,http://www.comuni-italiani.it/016/144/,base.state_it_bg,base.it,4
2068,Olmo al Brembo,24010,0345,016145,G049,http://www.comuni-italiani.it/016/145/,base.state_it_bg,base.it,4
2069,Oltre il Colle,24013,0345,016146,G050,http://www.comuni-italiani.it/016/146/,base.state_it_bg,base.it,4
2070,Oltressenda Alta,24020,0346,016147,G054,http://www.comuni-italiani.it/016/147/,base.state_it_bg,base.it,4
2071,Oneta,24020,035,016148,G068,http://www.comuni-italiani.it/016/148/,base.state_it_bg,base.it,4
2072,Onore,24020,0346,016149,G075,http://www.comuni-italiani.it/016/149/,base.state_it_bg,base.it,4
2073,Orio al Serio,24050,035,016150,G108,http://www.comuni-italiani.it/016/150/,base.state_it_bg,base.it,4
2074,Ornica,24010,0345,016151,G118,http://www.comuni-italiani.it/016/151/,base.state_it_bg,base.it,4
2075,Osio Sopra,24040,035,016152,G159,http://www.comuni-italiani.it/016/152/,base.state_it_bg,base.it,4
2076,Osio Sotto,24046,035,016153,G160,http://www.comuni-italiani.it/016/153/,base.state_it_bg,base.it,4
2077,Pagazzano,24040,0363,016154,G233,http://www.comuni-italiani.it/016/154/,base.state_it_bg,base.it,4
2078,Paladina,24030,035,016155,G249,http://www.comuni-italiani.it/016/155/,base.state_it_bg,base.it,4
2079,Palazzago,24030,035,016156,G259,http://www.comuni-italiani.it/016/156/,base.state_it_bg,base.it,4
2080,Palosco,24050,035,016157,G295,http://www.comuni-italiani.it/016/157/,base.state_it_bg,base.it,4
2081,Parre,24020,035,016158,G346,http://www.comuni-italiani.it/016/158/,base.state_it_bg,base.it,4
2082,Parzanica,24060,035,016159,G350,http://www.comuni-italiani.it/016/159/,base.state_it_bg,base.it,4
2083,Pedrengo,24066,035,016160,G412,http://www.comuni-italiani.it/016/160/,base.state_it_bg,base.it,4
2084,Peia,24020,035,016161,G418,http://www.comuni-italiani.it/016/161/,base.state_it_bg,base.it,4
2085,Pianico,24060,035,016162,G564,http://www.comuni-italiani.it/016/162/,base.state_it_bg,base.it,4
2086,Piario,24020,0346,016163,G574,http://www.comuni-italiani.it/016/163/,base.state_it_bg,base.it,4
2087,Piazza Brembana,24014,0345,016164,G579,http://www.comuni-italiani.it/016/164/,base.state_it_bg,base.it,4
2088,Piazzatorre,24010,0345,016165,G583,http://www.comuni-italiani.it/016/165/,base.state_it_bg,base.it,4
2089,Piazzolo,24010,0345,016166,G588,http://www.comuni-italiani.it/016/166/,base.state_it_bg,base.it,4
2090,Pognano,24040,035,016167,G774,http://www.comuni-italiani.it/016/167/,base.state_it_bg,base.it,4
2091,Ponte Nossa,24028,035,016168,F941,http://www.comuni-italiani.it/016/168/,base.state_it_bg,base.it,4
2092,Ponteranica,24010,035,016169,G853,http://www.comuni-italiani.it/016/169/,base.state_it_bg,base.it,4
2093,Ponte San Pietro,24036,035,016170,G856,http://www.comuni-italiani.it/016/170/,base.state_it_bg,base.it,4
2094,Pontida,24030,035,016171,G864,http://www.comuni-italiani.it/016/171/,base.state_it_bg,base.it,4
2095,Pontirolo Nuovo,24040,0363,016172,G867,http://www.comuni-italiani.it/016/172/,base.state_it_bg,base.it,4
2096,Pradalunga,24020,035,016173,G968,http://www.comuni-italiani.it/016/173/,base.state_it_bg,base.it,4
2097,Predore,24060,035,016174,H020,http://www.comuni-italiani.it/016/174/,base.state_it_bg,base.it,4
2098,Premolo,24020,035,016175,H036,http://www.comuni-italiani.it/016/175/,base.state_it_bg,base.it,4
2099,Presezzo,24030,035,016176,H046,http://www.comuni-italiani.it/016/176/,base.state_it_bg,base.it,4
2100,Pumenengo,24050,0363,016177,H091,http://www.comuni-italiani.it/016/177/,base.state_it_bg,base.it,4
2101,Ranica,24020,035,016178,H176,http://www.comuni-italiani.it/016/178/,base.state_it_bg,base.it,4
2102,Ranzanico,24060,035,016179,H177,http://www.comuni-italiani.it/016/179/,base.state_it_bg,base.it,4
2103,Riva di Solto,24060,035,016180,H331,http://www.comuni-italiani.it/016/180/,base.state_it_bg,base.it,4
2104,Rogno,24060,035,016182,H492,http://www.comuni-italiani.it/016/182/,base.state_it_bg,base.it,4
2105,Romano di Lombardia,24058,0363,016183,H509,http://www.comuni-italiani.it/016/183/,base.state_it_bg,base.it,4
2106,Roncobello,24010,0345,016184,H535,http://www.comuni-italiani.it/016/184/,base.state_it_bg,base.it,4
2107,Roncola,24030,035,016185,H544,http://www.comuni-italiani.it/016/185/,base.state_it_bg,base.it,4
2108,Rota d'Imagna,24037,035,016186,H584,http://www.comuni-italiani.it/016/186/,base.state_it_bg,base.it,4
2109,Rovetta,24020,0346,016187,H615,http://www.comuni-italiani.it/016/187/,base.state_it_bg,base.it,4
2110,San Giovanni Bianco,24015,0345,016188,H910,http://www.comuni-italiani.it/016/188/,base.state_it_bg,base.it,4
2111,San Paolo d'Argon,24060,035,016189,B310,http://www.comuni-italiani.it/016/189/,base.state_it_bg,base.it,4
2112,San Pellegrino Terme,24016,0345,016190,I079,http://www.comuni-italiani.it/016/190/,base.state_it_bg,base.it,4
2113,Santa Brigida,24010,0345,016191,I168,http://www.comuni-italiani.it/016/191/,base.state_it_bg,base.it,4
2114,Sant'Omobono Terme (denominazione non più valida),24038,035,016192,I349,http://www.comuni-italiani.it/016/192/,base.state_it_bg,base.it,9
2115,Sarnico,24067,035,016193,I437,http://www.comuni-italiani.it/016/193/,base.state_it_bg,base.it,4
2116,Scanzorosciate,24020,035,016194,I506,http://www.comuni-italiani.it/016/194/,base.state_it_bg,base.it,4
2117,Schilpario,24020,0346,016195,I530,http://www.comuni-italiani.it/016/195/,base.state_it_bg,base.it,4
2118,Sedrina,24010,0345,016196,I567,http://www.comuni-italiani.it/016/196/,base.state_it_bg,base.it,4
2119,Selvino,24020,035,016197,I597,http://www.comuni-italiani.it/016/197/,base.state_it_bg,base.it,4
2120,Seriate,24068,035,016198,I628,http://www.comuni-italiani.it/016/198/,base.state_it_bg,base.it,4
2121,Serina,24017,0345,016199,I629,http://www.comuni-italiani.it/016/199/,base.state_it_bg,base.it,4
2122,Solto Collina,24060,035,016200,I812,http://www.comuni-italiani.it/016/200/,base.state_it_bg,base.it,4
2123,Songavazzo,24020,0346,016201,I830,http://www.comuni-italiani.it/016/201/,base.state_it_bg,base.it,4
2124,Sorisole,24010,035,016202,I858,http://www.comuni-italiani.it/016/202/,base.state_it_bg,base.it,4
2125,Sotto il Monte Giovanni XXIII,24039,035,016203,I869,http://www.comuni-italiani.it/016/203/,base.state_it_bg,base.it,4
2126,Sovere,24060,035,016204,I873,http://www.comuni-italiani.it/016/204/,base.state_it_bg,base.it,4
2127,Spinone al Lago,24060,035,016205,I916,http://www.comuni-italiani.it/016/205/,base.state_it_bg,base.it,4
2128,Spirano,24050,035,016206,I919,http://www.comuni-italiani.it/016/206/,base.state_it_bg,base.it,4
2129,Stezzano,24040,035,016207,I951,http://www.comuni-italiani.it/016/207/,base.state_it_bg,base.it,4
2130,Strozza,24030,035,016208,I986,http://www.comuni-italiani.it/016/208/,base.state_it_bg,base.it,4
2131,Suisio,24040,035,016209,I997,http://www.comuni-italiani.it/016/209/,base.state_it_bg,base.it,4
2132,Taleggio,24010,0345,016210,L037,http://www.comuni-italiani.it/016/210/,base.state_it_bg,base.it,4
2133,Tavernola Bergamasca,24060,035,016211,L073,http://www.comuni-italiani.it/016/211/,base.state_it_bg,base.it,4
2134,Telgate,24060,035,016212,L087,http://www.comuni-italiani.it/016/212/,base.state_it_bg,base.it,4
2135,Terno d'Isola,24030,035,016213,L118,http://www.comuni-italiani.it/016/213/,base.state_it_bg,base.it,4
2136,Torre Boldone,24020,035,016214,L251,http://www.comuni-italiani.it/016/214/,base.state_it_bg,base.it,4
2137,Torre de' Roveri,24060,035,016216,L265,http://www.comuni-italiani.it/016/216/,base.state_it_bg,base.it,4
2138,Torre Pallavicina,24050,0363,016217,L276,http://www.comuni-italiani.it/016/217/,base.state_it_bg,base.it,4
2139,Trescore Balneario,24069,035,016218,L388,http://www.comuni-italiani.it/016/218/,base.state_it_bg,base.it,4
2140,Treviglio,24047,0363,016219,L400,http://www.comuni-italiani.it/016/219/,base.state_it_bg,base.it,4
2141,Treviolo,24048,035,016220,L404,http://www.comuni-italiani.it/016/220/,base.state_it_bg,base.it,4
2142,Ubiale Clanezzo,24010,0345,016221,C789,http://www.comuni-italiani.it/016/221/,base.state_it_bg,base.it,4
2143,Urgnano,24059,035,016222,L502,http://www.comuni-italiani.it/016/222/,base.state_it_bg,base.it,4
2144,Valbondione,24020,0346,016223,L544,http://www.comuni-italiani.it/016/223/,base.state_it_bg,base.it,4
2145,Valbrembo,24030,035,016224,L545,http://www.comuni-italiani.it/016/224/,base.state_it_bg,base.it,4
2146,Valgoglio,24020,0346,016225,L579,http://www.comuni-italiani.it/016/225/,base.state_it_bg,base.it,4
2147,Valleve,24010,0345,016226,L623,http://www.comuni-italiani.it/016/226/,base.state_it_bg,base.it,4
2148,Valnegra,24010,0345,016227,L642,http://www.comuni-italiani.it/016/227/,base.state_it_bg,base.it,4
2149,Valsecca (ora Sant'Omobono Terme),24030,035,016228,L649,http://www.comuni-italiani.it/016/228/,base.state_it_bg,base.it,9
2150,Valtorta,24010,0345,016229,L655,http://www.comuni-italiani.it/016/229/,base.state_it_bg,base.it,4
2151,Vedeseta,24010,0345,016230,L707,http://www.comuni-italiani.it/016/230/,base.state_it_bg,base.it,4
2152,Verdellino,24040,035,016232,L752,http://www.comuni-italiani.it/016/232/,base.state_it_bg,base.it,4
2153,Verdello,24049,035,016233,L753,http://www.comuni-italiani.it/016/233/,base.state_it_bg,base.it,4
2154,Vertova,24029,035,016234,L795,http://www.comuni-italiani.it/016/234/,base.state_it_bg,base.it,4
2155,Viadanica,24060,035,016235,L827,http://www.comuni-italiani.it/016/235/,base.state_it_bg,base.it,4
2156,Vigano San Martino,24060,035,016236,L865,http://www.comuni-italiani.it/016/236/,base.state_it_bg,base.it,4
2157,Vigolo,24060,035,016237,L894,http://www.comuni-italiani.it/016/237/,base.state_it_bg,base.it,4
2158,Villa d'Adda,24030,035,016238,L929,http://www.comuni-italiani.it/016/238/,base.state_it_bg,base.it,4
2159,Villa d'Almè,24018,035,016239,A215,http://www.comuni-italiani.it/016/239/,base.state_it_bg,base.it,4
2160,Villa di Serio,24020,035,016240,L936,http://www.comuni-italiani.it/016/240/,base.state_it_bg,base.it,4
2161,Villa d'Ogna,24020,0346,016241,L938,http://www.comuni-italiani.it/016/241/,base.state_it_bg,base.it,4
2162,Villongo,24060,035,016242,M045,http://www.comuni-italiani.it/016/242/,base.state_it_bg,base.it,4
2163,Vilminore di Scalve,24020,0346,016243,M050,http://www.comuni-italiani.it/016/243/,base.state_it_bg,base.it,4
2164,Zandobbio,24060,035,016244,M144,http://www.comuni-italiani.it/016/244/,base.state_it_bg,base.it,4
2165,Zanica,24050,035,016245,M147,http://www.comuni-italiani.it/016/245/,base.state_it_bg,base.it,4
2166,Zogno,24019,0345,016246,M184,http://www.comuni-italiani.it/016/246/,base.state_it_bg,base.it,4
2167,Costa Serina,24010,0345,016247,D111,http://www.comuni-italiani.it/016/247/,base.state_it_bg,base.it,4
2168,Algua,24010,0345,016248,A193,http://www.comuni-italiani.it/016/248/,base.state_it_bg,base.it,4
2169,Cornalba,24017,0345,016249,D016,http://www.comuni-italiani.it/016/249/,base.state_it_bg,base.it,4
2170,Medolago,24030,035,016250,F085,http://www.comuni-italiani.it/016/250/,base.state_it_bg,base.it,4
2171,Solza,24030,035,016251,I813,http://www.comuni-italiani.it/016/251/,base.state_it_bg,base.it,4
8112,Sant'Omobono Terme,24038,035,016252,M333,http://www.comuni-italiani.it/016/252/,base.state_it_bg,base.it,4
8113,Val Brembilla,24012,0345,016253,M334,http://www.comuni-italiani.it/016/253/,base.state_it_bg,base.it,4
2172,Acquafredda,25010,030,017001,A034,http://www.comuni-italiani.it/017/001/,base.state_it_bs,base.it,4
2173,Adro,25030,030,017002,A060,http://www.comuni-italiani.it/017/002/,base.state_it_bs,base.it,4
2174,Agnosine,25071,0365,017003,A082,http://www.comuni-italiani.it/017/003/,base.state_it_bs,base.it,4
2175,Alfianello,25020,030,017004,A188,http://www.comuni-italiani.it/017/004/,base.state_it_bs,base.it,4
2176,Anfo,25070,0365,017005,A288,http://www.comuni-italiani.it/017/005/,base.state_it_bs,base.it,4
2177,Angolo Terme,25040,0364,017006,A293,http://www.comuni-italiani.it/017/006/,base.state_it_bs,base.it,4
2178,Artogne,25040,0364,017007,A451,http://www.comuni-italiani.it/017/007/,base.state_it_bs,base.it,4
2179,Azzano Mella,25020,030,017008,A529,http://www.comuni-italiani.it/017/008/,base.state_it_bs,base.it,4
2180,Bagnolo Mella,25021,030,017009,A569,http://www.comuni-italiani.it/017/009/,base.state_it_bs,base.it,4
2181,Bagolino,25072,0365,017010,A578,http://www.comuni-italiani.it/017/010/,base.state_it_bs,base.it,4
2182,Barbariga,25030,030,017011,A630,http://www.comuni-italiani.it/017/011/,base.state_it_bs,base.it,4
2183,Barghe,25070,0365,017012,A661,http://www.comuni-italiani.it/017/012/,base.state_it_bs,base.it,4
2184,Bassano Bresciano,25020,030,017013,A702,http://www.comuni-italiani.it/017/013/,base.state_it_bs,base.it,4
2185,Bedizzole,25081,030,017014,A729,http://www.comuni-italiani.it/017/014/,base.state_it_bs,base.it,4
2186,Berlingo,25030,030,017015,A799,http://www.comuni-italiani.it/017/015/,base.state_it_bs,base.it,4
2187,Berzo Demo,25040,0364,017016,A816,http://www.comuni-italiani.it/017/016/,base.state_it_bs,base.it,4
2188,Berzo Inferiore,25040,0364,017017,A817,http://www.comuni-italiani.it/017/017/,base.state_it_bs,base.it,4
2189,Bienno,25040,0364,017018,A861,http://www.comuni-italiani.it/017/018/,base.state_it_bs,base.it,4
2190,Bione,25070,0365,017019,A878,http://www.comuni-italiani.it/017/019/,base.state_it_bs,base.it,4
2191,Borgo San Giacomo,25022,030,017020,B035,http://www.comuni-italiani.it/017/020/,base.state_it_bs,base.it,4
2192,Borgosatollo,25010,030,017021,B040,http://www.comuni-italiani.it/017/021/,base.state_it_bs,base.it,4
2193,Borno,25042,0364,017022,B054,http://www.comuni-italiani.it/017/022/,base.state_it_bs,base.it,4
2194,Botticino,25082,030,017023,B091,http://www.comuni-italiani.it/017/023/,base.state_it_bs,base.it,4
2195,Bovegno,25061,030,017024,B100,http://www.comuni-italiani.it/017/024/,base.state_it_bs,base.it,4
2196,Bovezzo,25073,030,017025,B102,http://www.comuni-italiani.it/017/025/,base.state_it_bs,base.it,4
2197,Brandico,25030,030,017026,B120,http://www.comuni-italiani.it/017/026/,base.state_it_bs,base.it,4
2198,Braone,25040,0364,017027,B124,http://www.comuni-italiani.it/017/027/,base.state_it_bs,base.it,4
2199,Breno,25043,0364,017028,B149,http://www.comuni-italiani.it/017/028/,base.state_it_bs,base.it,4
2200,Brescia,251%%,030,017029,B157,http://www.comuni-italiani.it/017/029/,base.state_it_bs,base.it,4
2201,Brione,25060,030,017030,B184,http://www.comuni-italiani.it/017/030/,base.state_it_bs,base.it,4
2202,Caino,25070,030,017031,B365,http://www.comuni-italiani.it/017/031/,base.state_it_bs,base.it,4
2203,Calcinato,25011,030,017032,B394,http://www.comuni-italiani.it/017/032/,base.state_it_bs,base.it,4
2204,Calvagese della Riviera,25080,030,017033,B436,http://www.comuni-italiani.it/017/033/,base.state_it_bs,base.it,4
2205,Calvisano,25012,030,017034,B450,http://www.comuni-italiani.it/017/034/,base.state_it_bs,base.it,4
2206,Capo di Ponte,25044,0364,017035,B664,http://www.comuni-italiani.it/017/035/,base.state_it_bs,base.it,4
2207,Capovalle,25070,0365,017036,B676,http://www.comuni-italiani.it/017/036/,base.state_it_bs,base.it,4
2208,Capriano del Colle,25020,030,017037,B698,http://www.comuni-italiani.it/017/037/,base.state_it_bs,base.it,4
2209,Capriolo,25031,030,017038,B711,http://www.comuni-italiani.it/017/038/,base.state_it_bs,base.it,4
2210,Carpenedolo,25013,030,017039,B817,http://www.comuni-italiani.it/017/039/,base.state_it_bs,base.it,4
2211,Castegnato,25045,030,017040,C055,http://www.comuni-italiani.it/017/040/,base.state_it_bs,base.it,4
2212,Castelcovati,25030,030,017041,C072,http://www.comuni-italiani.it/017/041/,base.state_it_bs,base.it,4
2213,Castel Mella,25030,030,017042,C208,http://www.comuni-italiani.it/017/042/,base.state_it_bs,base.it,4
2214,Castenedolo,25014,030,017043,C293,http://www.comuni-italiani.it/017/043/,base.state_it_bs,base.it,4
2215,Casto,25070,0365,017044,C330,http://www.comuni-italiani.it/017/044/,base.state_it_bs,base.it,4
2216,Castrezzato,25030,030,017045,C332,http://www.comuni-italiani.it/017/045/,base.state_it_bs,base.it,4
2217,Cazzago San Martino,25046,030,017046,C408,http://www.comuni-italiani.it/017/046/,base.state_it_bs,base.it,4
2218,Cedegolo,25051,0364,017047,C417,http://www.comuni-italiani.it/017/047/,base.state_it_bs,base.it,4
2219,Cellatica,25060,030,017048,C439,http://www.comuni-italiani.it/017/048/,base.state_it_bs,base.it,4
2220,Cerveno,25040,0364,017049,C549,http://www.comuni-italiani.it/017/049/,base.state_it_bs,base.it,4
2221,Ceto,25040,0364,017050,C585,http://www.comuni-italiani.it/017/050/,base.state_it_bs,base.it,4
2222,Cevo,25040,0364,017051,C591,http://www.comuni-italiani.it/017/051/,base.state_it_bs,base.it,4
2223,Chiari,25032,030,017052,C618,http://www.comuni-italiani.it/017/052/,base.state_it_bs,base.it,4
2224,Cigole,25020,030,017053,C685,http://www.comuni-italiani.it/017/053/,base.state_it_bs,base.it,4
2225,Cimbergo,25050,0364,017054,C691,http://www.comuni-italiani.it/017/054/,base.state_it_bs,base.it,4
2226,Cividate Camuno,25040,0364,017055,C760,http://www.comuni-italiani.it/017/055/,base.state_it_bs,base.it,4
2227,Coccaglio,25030,030,017056,C806,http://www.comuni-italiani.it/017/056/,base.state_it_bs,base.it,4
2228,Collebeato,25060,030,017057,C850,http://www.comuni-italiani.it/017/057/,base.state_it_bs,base.it,4
2229,Collio,25060,030,017058,C883,http://www.comuni-italiani.it/017/058/,base.state_it_bs,base.it,4
2230,Cologne,25033,030,017059,C893,http://www.comuni-italiani.it/017/059/,base.state_it_bs,base.it,4
2231,Comezzano-Cizzago,25030,030,017060,C925,http://www.comuni-italiani.it/017/060/,base.state_it_bs,base.it,4
2232,Concesio,25062,030,017061,C948,http://www.comuni-italiani.it/017/061/,base.state_it_bs,base.it,4
2233,Corte Franca,25040,030,017062,D058,http://www.comuni-italiani.it/017/062/,base.state_it_bs,base.it,4
2234,Corteno Golgi,25040,0364,017063,D064,http://www.comuni-italiani.it/017/063/,base.state_it_bs,base.it,4
2235,Corzano,25030,030,017064,D082,http://www.comuni-italiani.it/017/064/,base.state_it_bs,base.it,4
2236,Darfo Boario Terme,25047,0364,017065,D251,http://www.comuni-italiani.it/017/065/,base.state_it_bs,base.it,4
2237,Dello,25020,030,017066,D270,http://www.comuni-italiani.it/017/066/,base.state_it_bs,base.it,4
2238,Desenzano del Garda,25015,030,017067,D284,http://www.comuni-italiani.it/017/067/,base.state_it_bs,base.it,4
2239,Edolo,25048,0364,017068,D391,http://www.comuni-italiani.it/017/068/,base.state_it_bs,base.it,4
2240,Erbusco,25030,030,017069,D421,http://www.comuni-italiani.it/017/069/,base.state_it_bs,base.it,4
2241,Esine,25040,0364,017070,D434,http://www.comuni-italiani.it/017/070/,base.state_it_bs,base.it,4
2242,Fiesse,25020,030,017071,D576,http://www.comuni-italiani.it/017/071/,base.state_it_bs,base.it,4
2243,Flero,25020,030,017072,D634,http://www.comuni-italiani.it/017/072/,base.state_it_bs,base.it,4
2244,Gambara,25020,030,017073,D891,http://www.comuni-italiani.it/017/073/,base.state_it_bs,base.it,4
2245,Gardone Riviera,25083,0365,017074,D917,http://www.comuni-italiani.it/017/074/,base.state_it_bs,base.it,4
2246,Gardone Val Trompia,25063,030,017075,D918,http://www.comuni-italiani.it/017/075/,base.state_it_bs,base.it,4
2247,Gargnano,25084,0365,017076,D924,http://www.comuni-italiani.it/017/076/,base.state_it_bs,base.it,4
2248,Gavardo,25085,0365,017077,D940,http://www.comuni-italiani.it/017/077/,base.state_it_bs,base.it,4
2249,Ghedi,25016,030,017078,D999,http://www.comuni-italiani.it/017/078/,base.state_it_bs,base.it,4
2250,Gianico,25040,0364,017079,E010,http://www.comuni-italiani.it/017/079/,base.state_it_bs,base.it,4
2251,Gottolengo,25023,030,017080,E116,http://www.comuni-italiani.it/017/080/,base.state_it_bs,base.it,4
2252,Gussago,25064,030,017081,E271,http://www.comuni-italiani.it/017/081/,base.state_it_bs,base.it,4
2253,Idro,25074,0365,017082,E280,http://www.comuni-italiani.it/017/082/,base.state_it_bs,base.it,4
2254,Incudine,25040,0364,017083,E297,http://www.comuni-italiani.it/017/083/,base.state_it_bs,base.it,4
2255,Irma,25061,030,017084,E325,http://www.comuni-italiani.it/017/084/,base.state_it_bs,base.it,4
2256,Iseo,25049,030,017085,E333,http://www.comuni-italiani.it/017/085/,base.state_it_bs,base.it,4
2257,Isorella,25010,030,017086,E364,http://www.comuni-italiani.it/017/086/,base.state_it_bs,base.it,4
2258,Lavenone,25074,0365,017087,E497,http://www.comuni-italiani.it/017/087/,base.state_it_bs,base.it,4
2259,Leno,25024,030,017088,E526,http://www.comuni-italiani.it/017/088/,base.state_it_bs,base.it,4
2260,Limone sul Garda,25010,0365,017089,E596,http://www.comuni-italiani.it/017/089/,base.state_it_bs,base.it,4
2261,Lodrino,25060,030,017090,E652,http://www.comuni-italiani.it/017/090/,base.state_it_bs,base.it,4
2262,Lograto,25030,030,017091,E654,http://www.comuni-italiani.it/017/091/,base.state_it_bs,base.it,4
2263,Lonato del Garda,25017,030,017092,M312,http://www.comuni-italiani.it/017/092/,base.state_it_bs,base.it,4
2264,Longhena,25030,030,017093,E673,http://www.comuni-italiani.it/017/093/,base.state_it_bs,base.it,4
2265,Losine,25050,0364,017094,E698,http://www.comuni-italiani.it/017/094/,base.state_it_bs,base.it,4
2266,Lozio,25040,0364,017095,E706,http://www.comuni-italiani.it/017/095/,base.state_it_bs,base.it,4
2267,Lumezzane,25065,030,017096,E738,http://www.comuni-italiani.it/017/096/,base.state_it_bs,base.it,4
2268,Maclodio,25030,030,017097,E787,http://www.comuni-italiani.it/017/097/,base.state_it_bs,base.it,4
2269,Magasa,25080,0365,017098,E800,http://www.comuni-italiani.it/017/098/,base.state_it_bs,base.it,4
2270,Mairano,25030,030,017099,E841,http://www.comuni-italiani.it/017/099/,base.state_it_bs,base.it,4
2271,Malegno,25053,0364,017100,E851,http://www.comuni-italiani.it/017/100/,base.state_it_bs,base.it,4
2272,Malonno,25040,0364,017101,E865,http://www.comuni-italiani.it/017/101/,base.state_it_bs,base.it,4
2273,Manerba del Garda,25080,0365,017102,E883,http://www.comuni-italiani.it/017/102/,base.state_it_bs,base.it,4
2274,Manerbio,25025,030,017103,E884,http://www.comuni-italiani.it/017/103/,base.state_it_bs,base.it,4
2275,Marcheno,25060,030,017104,E928,http://www.comuni-italiani.it/017/104/,base.state_it_bs,base.it,4
2276,Marmentino,25060,030,017105,E961,http://www.comuni-italiani.it/017/105/,base.state_it_bs,base.it,4
2277,Marone,25054,030,017106,E967,http://www.comuni-italiani.it/017/106/,base.state_it_bs,base.it,4
2278,Mazzano,25080,030,017107,F063,http://www.comuni-italiani.it/017/107/,base.state_it_bs,base.it,4
2279,Milzano,25020,030,017108,F216,http://www.comuni-italiani.it/017/108/,base.state_it_bs,base.it,4
2280,Moniga del Garda,25080,0365,017109,F373,http://www.comuni-italiani.it/017/109/,base.state_it_bs,base.it,4
2281,Monno,25040,0364,017110,F375,http://www.comuni-italiani.it/017/110/,base.state_it_bs,base.it,4
2282,Monte Isola,25050,030,017111,F532,http://www.comuni-italiani.it/017/111/,base.state_it_bs,base.it,4
2283,Monticelli Brusati,25040,030,017112,F672,http://www.comuni-italiani.it/017/112/,base.state_it_bs,base.it,4
2284,Montichiari,25018,030,017113,F471,http://www.comuni-italiani.it/017/113/,base.state_it_bs,base.it,4
2285,Montirone,25010,030,017114,F680,http://www.comuni-italiani.it/017/114/,base.state_it_bs,base.it,4
2286,Mura,25070,0365,017115,F806,http://www.comuni-italiani.it/017/115/,base.state_it_bs,base.it,4
2287,Muscoline,25080,0365,017116,F820,http://www.comuni-italiani.it/017/116/,base.state_it_bs,base.it,4
2288,Nave,25075,030,017117,F851,http://www.comuni-italiani.it/017/117/,base.state_it_bs,base.it,4
2289,Niardo,25050,0364,017118,F884,http://www.comuni-italiani.it/017/118/,base.state_it_bs,base.it,4
2290,Nuvolento,25080,030,017119,F989,http://www.comuni-italiani.it/017/119/,base.state_it_bs,base.it,4
2291,Nuvolera,25080,030,017120,F990,http://www.comuni-italiani.it/017/120/,base.state_it_bs,base.it,4
2292,Odolo,25076,0365,017121,G001,http://www.comuni-italiani.it/017/121/,base.state_it_bs,base.it,4
2293,Offlaga,25020,030,017122,G006,http://www.comuni-italiani.it/017/122/,base.state_it_bs,base.it,4
2294,Ome,25050,030,017123,G061,http://www.comuni-italiani.it/017/123/,base.state_it_bs,base.it,4
2295,Ono San Pietro,25040,0364,017124,G074,http://www.comuni-italiani.it/017/124/,base.state_it_bs,base.it,4
2296,Orzinuovi,25034,030,017125,G149,http://www.comuni-italiani.it/017/125/,base.state_it_bs,base.it,4
2297,Orzivecchi,25030,030,017126,G150,http://www.comuni-italiani.it/017/126/,base.state_it_bs,base.it,4
2298,Ospitaletto,25035,030,017127,G170,http://www.comuni-italiani.it/017/127/,base.state_it_bs,base.it,4
2299,Ossimo,25050,0364,017128,G179,http://www.comuni-italiani.it/017/128/,base.state_it_bs,base.it,4
2300,Padenghe sul Garda,25080,030,017129,G213,http://www.comuni-italiani.it/017/129/,base.state_it_bs,base.it,4
2301,Paderno Franciacorta,25050,030,017130,G217,http://www.comuni-italiani.it/017/130/,base.state_it_bs,base.it,4
2302,Paisco Loveno,25050,0364,017131,G247,http://www.comuni-italiani.it/017/131/,base.state_it_bs,base.it,4
2303,Paitone,25080,030,017132,G248,http://www.comuni-italiani.it/017/132/,base.state_it_bs,base.it,4
2304,Palazzolo sull'Oglio,25036,030,017133,G264,http://www.comuni-italiani.it/017/133/,base.state_it_bs,base.it,4
2305,Paratico,25030,035,017134,G327,http://www.comuni-italiani.it/017/134/,base.state_it_bs,base.it,4
2306,Paspardo,25050,0364,017135,G354,http://www.comuni-italiani.it/017/135/,base.state_it_bs,base.it,4
2307,Passirano,25050,030,017136,G361,http://www.comuni-italiani.it/017/136/,base.state_it_bs,base.it,4
2308,Pavone del Mella,25020,030,017137,G391,http://www.comuni-italiani.it/017/137/,base.state_it_bs,base.it,4
2309,San Paolo,25020,030,017138,G407,http://www.comuni-italiani.it/017/138/,base.state_it_bs,base.it,4
2310,Pertica Alta,25070,0365,017139,G474,http://www.comuni-italiani.it/017/139/,base.state_it_bs,base.it,4
2311,Pertica Bassa,25078,0365,017140,G475,http://www.comuni-italiani.it/017/140/,base.state_it_bs,base.it,4
2312,Pezzaze,25060,030,017141,G529,http://www.comuni-italiani.it/017/141/,base.state_it_bs,base.it,4
2313,Pian Camuno,25050,0364,017142,G546,http://www.comuni-italiani.it/017/142/,base.state_it_bs,base.it,4
2314,Pisogne,25055,0364,017143,G710,http://www.comuni-italiani.it/017/143/,base.state_it_bs,base.it,4
2315,Polaveno,25060,030,017144,G779,http://www.comuni-italiani.it/017/144/,base.state_it_bs,base.it,4
2316,Polpenazze del Garda,25080,0365,017145,G801,http://www.comuni-italiani.it/017/145/,base.state_it_bs,base.it,4
2317,Pompiano,25030,030,017146,G815,http://www.comuni-italiani.it/017/146/,base.state_it_bs,base.it,4
2318,Poncarale,25020,030,017147,G818,http://www.comuni-italiani.it/017/147/,base.state_it_bs,base.it,4
2319,Ponte di Legno,25056,0364,017148,G844,http://www.comuni-italiani.it/017/148/,base.state_it_bs,base.it,4
2320,Pontevico,25026,030,017149,G859,http://www.comuni-italiani.it/017/149/,base.state_it_bs,base.it,4
2321,Pontoglio,25037,030,017150,G869,http://www.comuni-italiani.it/017/150/,base.state_it_bs,base.it,4
2322,Pozzolengo,25010,030,017151,G959,http://www.comuni-italiani.it/017/151/,base.state_it_bs,base.it,4
2323,Pralboino,25020,030,017152,G977,http://www.comuni-italiani.it/017/152/,base.state_it_bs,base.it,4
2324,Preseglie,25070,0365,017153,H043,http://www.comuni-italiani.it/017/153/,base.state_it_bs,base.it,4
2325,Prestine,25040,0364,017154,H050,http://www.comuni-italiani.it/017/154/,base.state_it_bs,base.it,4
2326,Prevalle,25080,030,017155,H055,http://www.comuni-italiani.it/017/155/,base.state_it_bs,base.it,4
2327,Provaglio d'Iseo,25050,030,017156,H078,http://www.comuni-italiani.it/017/156/,base.state_it_bs,base.it,4
2328,Provaglio Val Sabbia,25070,0365,017157,H077,http://www.comuni-italiani.it/017/157/,base.state_it_bs,base.it,4
2329,Puegnago sul Garda,25080,0365,017158,H086,http://www.comuni-italiani.it/017/158/,base.state_it_bs,base.it,4
2330,Quinzano d'Oglio,25027,030,017159,H140,http://www.comuni-italiani.it/017/159/,base.state_it_bs,base.it,4
2331,Remedello,25010,030,017160,H230,http://www.comuni-italiani.it/017/160/,base.state_it_bs,base.it,4
2332,Rezzato,25086,030,017161,H256,http://www.comuni-italiani.it/017/161/,base.state_it_bs,base.it,4
2333,Roccafranca,25030,030,017162,H410,http://www.comuni-italiani.it/017/162/,base.state_it_bs,base.it,4
2334,Rodengo Saiano,25050,030,017163,H477,http://www.comuni-italiani.it/017/163/,base.state_it_bs,base.it,4
2335,Roè Volciano,25077,0365,017164,H484,http://www.comuni-italiani.it/017/164/,base.state_it_bs,base.it,4
2336,Roncadelle,25030,030,017165,H525,http://www.comuni-italiani.it/017/165/,base.state_it_bs,base.it,4
2337,Rovato,25038,030,017166,H598,http://www.comuni-italiani.it/017/166/,base.state_it_bs,base.it,4
2338,Rudiano,25030,030,017167,H630,http://www.comuni-italiani.it/017/167/,base.state_it_bs,base.it,4
2339,Sabbio Chiese,25070,0365,017168,H650,http://www.comuni-italiani.it/017/168/,base.state_it_bs,base.it,4
2340,Sale Marasino,25057,030,017169,H699,http://www.comuni-italiani.it/017/169/,base.state_it_bs,base.it,4
2341,Salò,25087,0365,017170,H717,http://www.comuni-italiani.it/017/170/,base.state_it_bs,base.it,4
2342,San Felice del Benaco,25010,0365,017171,H838,http://www.comuni-italiani.it/017/171/,base.state_it_bs,base.it,4
2343,San Gervasio Bresciano,25020,030,017172,H865,http://www.comuni-italiani.it/017/172/,base.state_it_bs,base.it,4
2344,San Zeno Naviglio,25010,030,017173,I412,http://www.comuni-italiani.it/017/173/,base.state_it_bs,base.it,4
2345,Sarezzo,25068,030,017174,I433,http://www.comuni-italiani.it/017/174/,base.state_it_bs,base.it,4
2346,Saviore dell'Adamello,25040,0364,017175,I476,http://www.comuni-italiani.it/017/175/,base.state_it_bs,base.it,4
2347,Sellero,25050,0364,017176,I588,http://www.comuni-italiani.it/017/176/,base.state_it_bs,base.it,4
2348,Seniga,25020,030,017177,I607,http://www.comuni-italiani.it/017/177/,base.state_it_bs,base.it,4
2349,Serle,25080,030,017178,I631,http://www.comuni-italiani.it/017/178/,base.state_it_bs,base.it,4
2350,Sirmione,25019,030,017179,I633,http://www.comuni-italiani.it/017/179/,base.state_it_bs,base.it,4
2351,Soiano del Lago,25080,0365,017180,I782,http://www.comuni-italiani.it/017/180/,base.state_it_bs,base.it,4
2352,Sonico,25048,0364,017181,I831,http://www.comuni-italiani.it/017/181/,base.state_it_bs,base.it,4
2353,Sulzano,25058,030,017182,L002,http://www.comuni-italiani.it/017/182/,base.state_it_bs,base.it,4
2354,Tavernole sul Mella,25060,030,017183,C698,http://www.comuni-italiani.it/017/183/,base.state_it_bs,base.it,4
2355,Temù,25050,0364,017184,L094,http://www.comuni-italiani.it/017/184/,base.state_it_bs,base.it,4
2356,Tignale,25080,0365,017185,L169,http://www.comuni-italiani.it/017/185/,base.state_it_bs,base.it,4
2357,Torbole Casaglia,25030,030,017186,L210,http://www.comuni-italiani.it/017/186/,base.state_it_bs,base.it,4
2358,Toscolano-Maderno,25088,0365,017187,L312,http://www.comuni-italiani.it/017/187/,base.state_it_bs,base.it,4
2359,Travagliato,25039,030,017188,L339,http://www.comuni-italiani.it/017/188/,base.state_it_bs,base.it,4
2360,Tremosine,25010,0365,017189,L372,http://www.comuni-italiani.it/017/189/,base.state_it_bs,base.it,4
2361,Trenzano,25030,030,017190,L380,http://www.comuni-italiani.it/017/190/,base.state_it_bs,base.it,4
2362,Treviso Bresciano,25070,0365,017191,L406,http://www.comuni-italiani.it/017/191/,base.state_it_bs,base.it,4
2363,Urago d'Oglio,25030,030,017192,L494,http://www.comuni-italiani.it/017/192/,base.state_it_bs,base.it,4
2364,Vallio Terme,25080,0365,017193,L626,http://www.comuni-italiani.it/017/193/,base.state_it_bs,base.it,4
2365,Valvestino,25080,0365,017194,L468,http://www.comuni-italiani.it/017/194/,base.state_it_bs,base.it,4
2366,Verolanuova,25028,030,017195,L777,http://www.comuni-italiani.it/017/195/,base.state_it_bs,base.it,4
2367,Verolavecchia,25029,030,017196,L778,http://www.comuni-italiani.it/017/196/,base.state_it_bs,base.it,4
2368,Vestone,25078,0365,017197,L812,http://www.comuni-italiani.it/017/197/,base.state_it_bs,base.it,4
2369,Vezza d'Oglio,25059,0364,017198,L816,http://www.comuni-italiani.it/017/198/,base.state_it_bs,base.it,4
2370,Villa Carcina,25069,030,017199,L919,http://www.comuni-italiani.it/017/199/,base.state_it_bs,base.it,4
2371,Villachiara,25030,030,017200,L923,http://www.comuni-italiani.it/017/200/,base.state_it_bs,base.it,4
2372,Villanuova sul Clisi,25089,0365,017201,L995,http://www.comuni-italiani.it/017/201/,base.state_it_bs,base.it,4
2373,Vione,25050,0364,017202,M065,http://www.comuni-italiani.it/017/202/,base.state_it_bs,base.it,4
2374,Visano,25010,030,017203,M070,http://www.comuni-italiani.it/017/203/,base.state_it_bs,base.it,4
2375,Vobarno,25079,0365,017204,M104,http://www.comuni-italiani.it/017/204/,base.state_it_bs,base.it,4
2376,Zone,25050,030,017205,M188,http://www.comuni-italiani.it/017/205/,base.state_it_bs,base.it,4
2377,Piancogno,25052,0364,017206,G549,http://www.comuni-italiani.it/017/206/,base.state_it_bs,base.it,4
2378,Alagna,27020,0382,018001,A118,http://www.comuni-italiani.it/018/001/,base.state_it_pv,base.it,4
2379,Albaredo Arnaboldi,27040,0385,018002,A134,http://www.comuni-italiani.it/018/002/,base.state_it_pv,base.it,4
2380,Albonese,27020,0384,018003,A171,http://www.comuni-italiani.it/018/003/,base.state_it_pv,base.it,4
2381,Albuzzano,27010,0382,018004,A175,http://www.comuni-italiani.it/018/004/,base.state_it_pv,base.it,4
2382,Arena Po,27040,0385,018005,A387,http://www.comuni-italiani.it/018/005/,base.state_it_pv,base.it,4
2383,Badia Pavese,27010,0382,018006,A538,http://www.comuni-italiani.it/018/006/,base.state_it_pv,base.it,4
2384,Bagnaria,27050,0383,018007,A550,http://www.comuni-italiani.it/018/007/,base.state_it_pv,base.it,4
2385,Barbianello,27041,0385,018008,A634,http://www.comuni-italiani.it/018/008/,base.state_it_pv,base.it,4
2386,Bascapè,27010,0382,018009,A690,http://www.comuni-italiani.it/018/009/,base.state_it_pv,base.it,4
2387,Bastida de' Dossi (ora Cornale e Bastida),27050,0383,018010,A711,http://www.comuni-italiani.it/018/010/,base.state_it_pv,base.it,9
2388,Bastida Pancarana,27050,0383,018011,A712,http://www.comuni-italiani.it/018/011/,base.state_it_pv,base.it,4
2389,Battuda,27020,0382,018012,A718,http://www.comuni-italiani.it/018/012/,base.state_it_pv,base.it,4
2390,Belgioioso,27011,0382,018013,A741,http://www.comuni-italiani.it/018/013/,base.state_it_pv,base.it,4
2391,Bereguardo,27021,0382,018014,A792,http://www.comuni-italiani.it/018/014/,base.state_it_pv,base.it,4
2392,Borgarello,27010,0382,018015,A989,http://www.comuni-italiani.it/018/015/,base.state_it_pv,base.it,4
2393,Borgo Priolo,27040,0383,018016,B028,http://www.comuni-italiani.it/018/016/,base.state_it_pv,base.it,4
2394,Borgoratto Mormorolo,27040,0383,018017,B030,http://www.comuni-italiani.it/018/017/,base.state_it_pv,base.it,4
2395,Borgo San Siro,27020,0382,018018,B038,http://www.comuni-italiani.it/018/018/,base.state_it_pv,base.it,4
2396,Bornasco,27010,0382,018019,B051,http://www.comuni-italiani.it/018/019/,base.state_it_pv,base.it,4
2397,Bosnasco,27040,0385,018020,B082,http://www.comuni-italiani.it/018/020/,base.state_it_pv,base.it,4
2398,Brallo di Pregola,27050,0383,018021,B117,http://www.comuni-italiani.it/018/021/,base.state_it_pv,base.it,4
2399,Breme,27020,0384,018022,B142,http://www.comuni-italiani.it/018/022/,base.state_it_pv,base.it,4
2400,Bressana Bottarone,27042,0383,018023,B159,http://www.comuni-italiani.it/018/023/,base.state_it_pv,base.it,4
2401,Broni,27043,0385,018024,B201,http://www.comuni-italiani.it/018/024/,base.state_it_pv,base.it,4
2402,Calvignano,27040,0383,018025,B447,http://www.comuni-italiani.it/018/025/,base.state_it_pv,base.it,4
2403,Campospinoso,27040,0385,018026,B567,http://www.comuni-italiani.it/018/026/,base.state_it_pv,base.it,4
2404,Candia Lomellina,27031,0384,018027,B587,http://www.comuni-italiani.it/018/027/,base.state_it_pv,base.it,4
2405,Canevino,27040,0385,018028,B599,http://www.comuni-italiani.it/018/028/,base.state_it_pv,base.it,4
2406,Canneto Pavese,27044,0385,018029,B613,http://www.comuni-italiani.it/018/029/,base.state_it_pv,base.it,4
2407,Carbonara al Ticino,27020,0382,018030,B741,http://www.comuni-italiani.it/018/030/,base.state_it_pv,base.it,4
2408,Casanova Lonati,27041,0385,018031,B929,http://www.comuni-italiani.it/018/031/,base.state_it_pv,base.it,4
2409,Casatisma,27040,0383,018032,B945,http://www.comuni-italiani.it/018/032/,base.state_it_pv,base.it,4
2410,Casei Gerola,27050,0383,018033,B954,http://www.comuni-italiani.it/018/033/,base.state_it_pv,base.it,4
2411,Casorate Primo,27022,02,018034,B988,http://www.comuni-italiani.it/018/034/,base.state_it_pv,base.it,4
2412,Cassolnovo,27023,0381,018035,C038,http://www.comuni-italiani.it/018/035/,base.state_it_pv,base.it,4
2413,Castana,27040,0385,018036,C050,http://www.comuni-italiani.it/018/036/,base.state_it_pv,base.it,4
2414,Casteggio,27045,0383,018037,C053,http://www.comuni-italiani.it/018/037/,base.state_it_pv,base.it,4
2415,Castelletto di Branduzzo,27040,0383,018038,C157,http://www.comuni-italiani.it/018/038/,base.state_it_pv,base.it,4
2416,Castello d'Agogna,27030,0384,018039,C184,http://www.comuni-italiani.it/018/039/,base.state_it_pv,base.it,4
2417,Castelnovetto,27030,0384,018040,C213,http://www.comuni-italiani.it/018/040/,base.state_it_pv,base.it,4
2418,Cava Manara,27051,0382,018041,C360,http://www.comuni-italiani.it/018/041/,base.state_it_pv,base.it,4
2419,Cecima,27050,0383,018042,C414,http://www.comuni-italiani.it/018/042/,base.state_it_pv,base.it,4
2420,Ceranova,27010,0382,018043,C484,http://www.comuni-italiani.it/018/043/,base.state_it_pv,base.it,4
2421,Ceretto Lomellina,27030,0384,018044,C508,http://www.comuni-italiani.it/018/044/,base.state_it_pv,base.it,4
2422,Cergnago,27020,0384,018045,C509,http://www.comuni-italiani.it/018/045/,base.state_it_pv,base.it,4
2423,Certosa di Pavia,27012,0382,018046,C541,http://www.comuni-italiani.it/018/046/,base.state_it_pv,base.it,4
2424,Cervesina,27050,0383,018047,C551,http://www.comuni-italiani.it/018/047/,base.state_it_pv,base.it,4
2425,Chignolo Po,27013,0382,018048,C637,http://www.comuni-italiani.it/018/048/,base.state_it_pv,base.it,4
2426,Cigognola,27040,0385,018049,C684,http://www.comuni-italiani.it/018/049/,base.state_it_pv,base.it,4
2427,Cilavegna,27024,0381,018050,C686,http://www.comuni-italiani.it/018/050/,base.state_it_pv,base.it,4
2428,Codevilla,27050,0383,018051,C813,http://www.comuni-italiani.it/018/051/,base.state_it_pv,base.it,4
2429,Confienza,27030,0384,018052,C958,http://www.comuni-italiani.it/018/052/,base.state_it_pv,base.it,4
2430,Copiano,27010,0382,018053,C979,http://www.comuni-italiani.it/018/053/,base.state_it_pv,base.it,4
2431,Corana,27050,0383,018054,C982,http://www.comuni-italiani.it/018/054/,base.state_it_pv,base.it,4
2432,Cornale (ora Cornale e Bastida),27050,0383,018055,D017,http://www.comuni-italiani.it/018/055/,base.state_it_pv,base.it,9
2433,Corteolona,27014,0382,018056,D067,http://www.comuni-italiani.it/018/056/,base.state_it_pv,base.it,4
2434,Corvino San Quirico,27050,0383,018057,D081,http://www.comuni-italiani.it/018/057/,base.state_it_pv,base.it,4
2435,Costa de' Nobili,27010,0382,018058,D109,http://www.comuni-italiani.it/018/058/,base.state_it_pv,base.it,4
2436,Cozzo,27030,0384,018059,D127,http://www.comuni-italiani.it/018/059/,base.state_it_pv,base.it,4
2437,Cura Carpignano,27010,0382,018060,B824,http://www.comuni-italiani.it/018/060/,base.state_it_pv,base.it,4
2438,Dorno,27020,0382,018061,D348,http://www.comuni-italiani.it/018/061/,base.state_it_pv,base.it,4
2439,Ferrera Erbognone,27032,0382,018062,D552,http://www.comuni-italiani.it/018/062/,base.state_it_pv,base.it,4
2440,Filighera,27010,0382,018063,D594,http://www.comuni-italiani.it/018/063/,base.state_it_pv,base.it,4
2441,Fortunago,27040,0383,018064,D732,http://www.comuni-italiani.it/018/064/,base.state_it_pv,base.it,4
2442,Frascarolo,27030,0384,018065,D771,http://www.comuni-italiani.it/018/065/,base.state_it_pv,base.it,4
2443,Galliavola,27034,0384,018066,D873,http://www.comuni-italiani.it/018/066/,base.state_it_pv,base.it,4
2444,Gambarana,27030,0384,018067,D892,http://www.comuni-italiani.it/018/067/,base.state_it_pv,base.it,4
2445,Gambolò,27025,0381,018068,D901,http://www.comuni-italiani.it/018/068/,base.state_it_pv,base.it,4
2446,Garlasco,27026,0382,018069,D925,http://www.comuni-italiani.it/018/069/,base.state_it_pv,base.it,4
2447,Genzone,27014,0382,018070,D973,http://www.comuni-italiani.it/018/070/,base.state_it_pv,base.it,4
2448,Gerenzago,27010,0382,018071,D980,http://www.comuni-italiani.it/018/071/,base.state_it_pv,base.it,4
2449,Giussago,27010,0382,018072,E062,http://www.comuni-italiani.it/018/072/,base.state_it_pv,base.it,4
2450,Godiasco,27052,0383,018073,E072,http://www.comuni-italiani.it/018/073/,base.state_it_pv,base.it,4
2451,Golferenzo,27047,0385,018074,E081,http://www.comuni-italiani.it/018/074/,base.state_it_pv,base.it,4
2452,Gravellona Lomellina,27020,0381,018075,E152,http://www.comuni-italiani.it/018/075/,base.state_it_pv,base.it,4
2453,Gropello Cairoli,27027,0382,018076,E195,http://www.comuni-italiani.it/018/076/,base.state_it_pv,base.it,4
2454,Inverno e Monteleone,27010,0382,018077,E310,http://www.comuni-italiani.it/018/077/,base.state_it_pv,base.it,4
2455,Landriano,27015,0382,018078,E437,http://www.comuni-italiani.it/018/078/,base.state_it_pv,base.it,4
2456,Langosco,27030,0384,018079,E439,http://www.comuni-italiani.it/018/079/,base.state_it_pv,base.it,4
2457,Lardirago,27016,0382,018080,E454,http://www.comuni-italiani.it/018/080/,base.state_it_pv,base.it,4
2458,Linarolo,27010,0382,018081,E600,http://www.comuni-italiani.it/018/081/,base.state_it_pv,base.it,4
2459,Lirio,27040,0385,018082,E608,http://www.comuni-italiani.it/018/082/,base.state_it_pv,base.it,4
2460,Lomello,27034,0384,018083,E662,http://www.comuni-italiani.it/018/083/,base.state_it_pv,base.it,4
2461,Lungavilla,27053,0383,018084,B387,http://www.comuni-italiani.it/018/084/,base.state_it_pv,base.it,4
2462,Magherno,27010,0382,018085,E804,http://www.comuni-italiani.it/018/085/,base.state_it_pv,base.it,4
2463,Marcignago,27020,0382,018086,E934,http://www.comuni-italiani.it/018/086/,base.state_it_pv,base.it,4
2464,Marzano,27010,0382,018087,E999,http://www.comuni-italiani.it/018/087/,base.state_it_pv,base.it,4
2465,Mede,27035,0384,018088,F080,http://www.comuni-italiani.it/018/088/,base.state_it_pv,base.it,4
2466,Menconico,27050,0383,018089,F122,http://www.comuni-italiani.it/018/089/,base.state_it_pv,base.it,4
2467,Mezzana Bigli,27030,0384,018090,F170,http://www.comuni-italiani.it/018/090/,base.state_it_pv,base.it,4
2468,Mezzana Rabattone,27030,0382,018091,F171,http://www.comuni-italiani.it/018/091/,base.state_it_pv,base.it,4
2469,Mezzanino,27040,0385,018092,F175,http://www.comuni-italiani.it/018/092/,base.state_it_pv,base.it,4
2470,Miradolo Terme,27010,0382,018093,F238,http://www.comuni-italiani.it/018/093/,base.state_it_pv,base.it,4
2471,Montalto Pavese,27040,0383,018094,F417,http://www.comuni-italiani.it/018/094/,base.state_it_pv,base.it,4
2472,Montebello della Battaglia,27054,0383,018095,F440,http://www.comuni-italiani.it/018/095/,base.state_it_pv,base.it,4
2473,Montecalvo Versiggia,27047,0385,018096,F449,http://www.comuni-italiani.it/018/096/,base.state_it_pv,base.it,4
2474,Montescano,27040,0385,018097,F638,http://www.comuni-italiani.it/018/097/,base.state_it_pv,base.it,4
2475,Montesegale,27052,0383,018098,F644,http://www.comuni-italiani.it/018/098/,base.state_it_pv,base.it,4
2476,Monticelli Pavese,27010,0382,018099,F670,http://www.comuni-italiani.it/018/099/,base.state_it_pv,base.it,4
2477,Montù Beccaria,27040,0385,018100,F701,http://www.comuni-italiani.it/018/100/,base.state_it_pv,base.it,4
2478,Mornico Losana,27040,0383,018101,F739,http://www.comuni-italiani.it/018/101/,base.state_it_pv,base.it,4
2479,Mortara,27036,0384,018102,F754,http://www.comuni-italiani.it/018/102/,base.state_it_pv,base.it,4
2480,Nicorvo,27020,0384,018103,F891,http://www.comuni-italiani.it/018/103/,base.state_it_pv,base.it,4
2481,Olevano di Lomellina,27020,0384,018104,G021,http://www.comuni-italiani.it/018/104/,base.state_it_pv,base.it,4
2482,Oliva Gessi,27050,0383,018105,G032,http://www.comuni-italiani.it/018/105/,base.state_it_pv,base.it,4
2483,Ottobiano,27030,0384,018106,G194,http://www.comuni-italiani.it/018/106/,base.state_it_pv,base.it,4
2484,Palestro,27030,0384,018107,G275,http://www.comuni-italiani.it/018/107/,base.state_it_pv,base.it,4
2485,Pancarana,27050,0383,018108,G304,http://www.comuni-italiani.it/018/108/,base.state_it_pv,base.it,4
2486,Parona,27020,0384,018109,G342,http://www.comuni-italiani.it/018/109/,base.state_it_pv,base.it,4
2487,Pavia,27100,0382,018110,G388,http://www.comuni-italiani.it/018/110/,base.state_it_pv,base.it,4
2488,Pietra de' Giorgi,27040,0385,018111,G612,http://www.comuni-italiani.it/018/111/,base.state_it_pv,base.it,4
2489,Pieve Albignola,27030,0382,018112,G635,http://www.comuni-italiani.it/018/112/,base.state_it_pv,base.it,4
2490,Pieve del Cairo,27037,0384,018113,G639,http://www.comuni-italiani.it/018/113/,base.state_it_pv,base.it,4
2491,Pieve Porto Morone,27017,0382,018114,G650,http://www.comuni-italiani.it/018/114/,base.state_it_pv,base.it,4
2492,Pinarolo Po,27040,0383,018115,G671,http://www.comuni-italiani.it/018/115/,base.state_it_pv,base.it,4
2493,Pizzale,27050,0383,018116,G720,http://www.comuni-italiani.it/018/116/,base.state_it_pv,base.it,4
2494,Ponte Nizza,27050,0383,018117,G851,http://www.comuni-italiani.it/018/117/,base.state_it_pv,base.it,4
2495,Portalbera,27040,0385,018118,G895,http://www.comuni-italiani.it/018/118/,base.state_it_pv,base.it,4
2496,Rea,27040,0385,018119,H204,http://www.comuni-italiani.it/018/119/,base.state_it_pv,base.it,4
2497,Redavalle,27050,0385,018120,H216,http://www.comuni-italiani.it/018/120/,base.state_it_pv,base.it,4
2498,Retorbido,27050,0383,018121,H246,http://www.comuni-italiani.it/018/121/,base.state_it_pv,base.it,4
2499,Rivanazzano Terme,27055,0383,018122,H336,http://www.comuni-italiani.it/018/122/,base.state_it_pv,base.it,4
2500,Robbio,27038,0384,018123,H369,http://www.comuni-italiani.it/018/123/,base.state_it_pv,base.it,4
2501,Robecco Pavese,27042,0383,018124,H375,http://www.comuni-italiani.it/018/124/,base.state_it_pv,base.it,4
2502,Rocca de' Giorgi,27040,0385,018125,H396,http://www.comuni-italiani.it/018/125/,base.state_it_pv,base.it,4
2503,Rocca Susella,27052,0383,018126,H450,http://www.comuni-italiani.it/018/126/,base.state_it_pv,base.it,4
2504,Rognano,27010,0382,018127,H491,http://www.comuni-italiani.it/018/127/,base.state_it_pv,base.it,4
2505,Romagnese,27050,0383,018128,H505,http://www.comuni-italiani.it/018/128/,base.state_it_pv,base.it,4
2506,Roncaro,27010,0382,018129,H527,http://www.comuni-italiani.it/018/129/,base.state_it_pv,base.it,4
2507,Rosasco,27030,0384,018130,H559,http://www.comuni-italiani.it/018/130/,base.state_it_pv,base.it,4
2508,Rovescala,27040,0385,018131,H614,http://www.comuni-italiani.it/018/131/,base.state_it_pv,base.it,4
2509,Ruino,27040,0385,018132,H637,http://www.comuni-italiani.it/018/132/,base.state_it_pv,base.it,4
2510,San Cipriano Po,27043,0385,018133,H799,http://www.comuni-italiani.it/018/133/,base.state_it_pv,base.it,4
2511,San Damiano al Colle,27040,0385,018134,H814,http://www.comuni-italiani.it/018/134/,base.state_it_pv,base.it,4
2512,San Genesio ed Uniti,27010,0382,018135,H859,http://www.comuni-italiani.it/018/135/,base.state_it_pv,base.it,4
2513,San Giorgio di Lomellina,27020,0384,018136,H885,http://www.comuni-italiani.it/018/136/,base.state_it_pv,base.it,4
2514,San Martino Siccomario,27028,0382,018137,I014,http://www.comuni-italiani.it/018/137/,base.state_it_pv,base.it,4
2515,Sannazzaro de' Burgondi,27039,0382,018138,I048,http://www.comuni-italiani.it/018/138/,base.state_it_pv,base.it,4
2516,Santa Cristina e Bissone,27010,0382,018139,I175,http://www.comuni-italiani.it/018/139/,base.state_it_pv,base.it,4
2517,Santa Giuletta,27046,0383,018140,I203,http://www.comuni-italiani.it/018/140/,base.state_it_pv,base.it,4
2518,Sant'Alessio con Vialone,27016,0382,018141,I213,http://www.comuni-italiani.it/018/141/,base.state_it_pv,base.it,4
2519,Santa Margherita di Staffora,27050,0383,018142,I230,http://www.comuni-italiani.it/018/142/,base.state_it_pv,base.it,4
2520,Santa Maria della Versa,27047,0385,018143,I237,http://www.comuni-italiani.it/018/143/,base.state_it_pv,base.it,4
2521,Sant'Angelo Lomellina,27030,0384,018144,I276,http://www.comuni-italiani.it/018/144/,base.state_it_pv,base.it,4
2522,San Zenone al Po,27010,0382,018145,I416,http://www.comuni-italiani.it/018/145/,base.state_it_pv,base.it,4
2523,Sartirana Lomellina,27020,0384,018146,I447,http://www.comuni-italiani.it/018/146/,base.state_it_pv,base.it,4
2524,Scaldasole,27020,0382,018147,I487,http://www.comuni-italiani.it/018/147/,base.state_it_pv,base.it,4
2525,Semiana,27020,0384,018148,I599,http://www.comuni-italiani.it/018/148/,base.state_it_pv,base.it,4
2526,Silvano Pietra,27050,0383,018149,I739,http://www.comuni-italiani.it/018/149/,base.state_it_pv,base.it,4
2527,Siziano,27010,0382,018150,E265,http://www.comuni-italiani.it/018/150/,base.state_it_pv,base.it,4
2528,Sommo,27048,0382,018151,I825,http://www.comuni-italiani.it/018/151/,base.state_it_pv,base.it,4
2529,Spessa,27010,0382,018152,I894,http://www.comuni-italiani.it/018/152/,base.state_it_pv,base.it,4
2530,Stradella,27049,0385,018153,I968,http://www.comuni-italiani.it/018/153/,base.state_it_pv,base.it,4
2531,Suardi,27030,0384,018154,B014,http://www.comuni-italiani.it/018/154/,base.state_it_pv,base.it,4
2532,Torrazza Coste,27050,0383,018155,L237,http://www.comuni-italiani.it/018/155/,base.state_it_pv,base.it,4
2533,Torre Beretti e Castellaro,27030,0384,018156,L250,http://www.comuni-italiani.it/018/156/,base.state_it_pv,base.it,4
2534,Torre d'Arese,27010,0382,018157,L256,http://www.comuni-italiani.it/018/157/,base.state_it_pv,base.it,4
2535,Torre de' Negri,27011,0382,018158,L262,http://www.comuni-italiani.it/018/158/,base.state_it_pv,base.it,4
2536,Torre d'Isola,27020,0382,018159,L269,http://www.comuni-italiani.it/018/159/,base.state_it_pv,base.it,4
2537,Torrevecchia Pia,27010,0382,018160,L285,http://www.comuni-italiani.it/018/160/,base.state_it_pv,base.it,4
2538,Torricella Verzate,27050,0383,018161,L292,http://www.comuni-italiani.it/018/161/,base.state_it_pv,base.it,4
2539,Travacò Siccomario,27020,0382,018162,I236,http://www.comuni-italiani.it/018/162/,base.state_it_pv,base.it,4
2540,Trivolzio,27020,0382,018163,L440,http://www.comuni-italiani.it/018/163/,base.state_it_pv,base.it,4
2541,Tromello,27020,0382,018164,L449,http://www.comuni-italiani.it/018/164/,base.state_it_pv,base.it,4
2542,Trovo,27020,0382,018165,L453,http://www.comuni-italiani.it/018/165/,base.state_it_pv,base.it,4
2543,Val di Nizza,27050,0383,018166,L562,http://www.comuni-italiani.it/018/166/,base.state_it_pv,base.it,4
2544,Valeggio,27020,0384,018167,L568,http://www.comuni-italiani.it/018/167/,base.state_it_pv,base.it,4
2545,Valle Lomellina,27020,0384,018168,L593,http://www.comuni-italiani.it/018/168/,base.state_it_pv,base.it,4
2546,Valle Salimbene,27010,0382,018169,L617,http://www.comuni-italiani.it/018/169/,base.state_it_pv,base.it,4
2547,Valverde,27050,0383,018170,L659,http://www.comuni-italiani.it/018/170/,base.state_it_pv,base.it,4
2548,Varzi,27057,0383,018171,L690,http://www.comuni-italiani.it/018/171/,base.state_it_pv,base.it,4
2549,Velezzo Lomellina,27020,0384,018172,L716,http://www.comuni-italiani.it/018/172/,base.state_it_pv,base.it,4
2550,Vellezzo Bellini,27010,0382,018173,L720,http://www.comuni-italiani.it/018/173/,base.state_it_pv,base.it,4
2551,Verretto,27053,0383,018174,L784,http://www.comuni-italiani.it/018/174/,base.state_it_pv,base.it,4
2552,Verrua Po,27040,0385,018175,L788,http://www.comuni-italiani.it/018/175/,base.state_it_pv,base.it,4
2553,Vidigulfo,27018,0382,018176,L854,http://www.comuni-italiani.it/018/176/,base.state_it_pv,base.it,4
2554,Vigevano,27029,0381,018177,L872,http://www.comuni-italiani.it/018/177/,base.state_it_pv,base.it,4
2555,Villa Biscossi,27035,0384,018178,L917,http://www.comuni-italiani.it/018/178/,base.state_it_pv,base.it,4
2556,Villanova d'Ardenghi,27030,0382,018179,L983,http://www.comuni-italiani.it/018/179/,base.state_it_pv,base.it,4
2557,Villanterio,27019,0382,018180,L994,http://www.comuni-italiani.it/018/180/,base.state_it_pv,base.it,4
2558,Vistarino,27010,0382,018181,M079,http://www.comuni-italiani.it/018/181/,base.state_it_pv,base.it,4
2559,Voghera,27058,0383,018182,M109,http://www.comuni-italiani.it/018/182/,base.state_it_pv,base.it,4
2560,Volpara,27047,0385,018183,M119,http://www.comuni-italiani.it/018/183/,base.state_it_pv,base.it,4
2561,Zavattarello,27059,0383,018184,M150,http://www.comuni-italiani.it/018/184/,base.state_it_pv,base.it,4
2562,Zeccone,27010,0382,018185,M152,http://www.comuni-italiani.it/018/185/,base.state_it_pv,base.it,4
2563,Zeme,27030,0384,018186,M161,http://www.comuni-italiani.it/018/186/,base.state_it_pv,base.it,4
2564,Zenevredo,27049,0385,018187,M162,http://www.comuni-italiani.it/018/187/,base.state_it_pv,base.it,4
2565,Zerbo,27017,0382,018188,M166,http://www.comuni-italiani.it/018/188/,base.state_it_pv,base.it,4
2566,Zerbolò,27020,0382,018189,M167,http://www.comuni-italiani.it/018/189/,base.state_it_pv,base.it,4
2567,Zinasco,27030,0382,018190,M180,http://www.comuni-italiani.it/018/190/,base.state_it_pv,base.it,4
8114,Cornale e Bastida,27050,0383,018191,M338,http://www.comuni-italiani.it/018/191/,base.state_it_pv,base.it,4
2568,Acquanegra Cremonese,26020,0372,019001,A039,http://www.comuni-italiani.it/019/001/,base.state_it_cr,base.it,4
2569,Agnadello,26020,0373,019002,A076,http://www.comuni-italiani.it/019/002/,base.state_it_cr,base.it,4
2570,Annicco,26021,0374,019003,A299,http://www.comuni-italiani.it/019/003/,base.state_it_cr,base.it,4
2571,Azzanello,26010,0374,019004,A526,http://www.comuni-italiani.it/019/004/,base.state_it_cr,base.it,4
2572,Bagnolo Cremasco,26010,0373,019005,A570,http://www.comuni-italiani.it/019/005/,base.state_it_cr,base.it,4
2573,Bonemerse,26040,0372,019006,A972,http://www.comuni-italiani.it/019/006/,base.state_it_cr,base.it,4
2574,Bordolano,26020,0372,019007,A986,http://www.comuni-italiani.it/019/007/,base.state_it_cr,base.it,4
2575,Ca' d'Andrea,26030,0375,019008,B320,http://www.comuni-italiani.it/019/008/,base.state_it_cr,base.it,4
2576,Calvatone,26030,0375,019009,B439,http://www.comuni-italiani.it/019/009/,base.state_it_cr,base.it,4
2577,Camisano,26010,0373,019010,B484,http://www.comuni-italiani.it/019/010/,base.state_it_cr,base.it,4
2578,Campagnola Cremasca,26010,0373,019011,B498,http://www.comuni-italiani.it/019/011/,base.state_it_cr,base.it,4
2579,Capergnanica,26010,0373,019012,B650,http://www.comuni-italiani.it/019/012/,base.state_it_cr,base.it,4
2580,Cappella Cantone,26020,0374,019013,B679,http://www.comuni-italiani.it/019/013/,base.state_it_cr,base.it,4
2581,Cappella de' Picenardi,26030,0372,019014,B680,http://www.comuni-italiani.it/019/014/,base.state_it_cr,base.it,4
2582,Capralba,26010,0373,019015,B686,http://www.comuni-italiani.it/019/015/,base.state_it_cr,base.it,4
2583,Casalbuttano ed Uniti,26011,0374,019016,B869,http://www.comuni-italiani.it/019/016/,base.state_it_cr,base.it,4
2584,Casale Cremasco-Vidolasco,26010,0373,019017,B881,http://www.comuni-italiani.it/019/017/,base.state_it_cr,base.it,4
2585,Casaletto Ceredano,26010,0373,019018,B889,http://www.comuni-italiani.it/019/018/,base.state_it_cr,base.it,4
2586,Casaletto di Sopra,26014,0373,019019,B890,http://www.comuni-italiani.it/019/019/,base.state_it_cr,base.it,4
2587,Casaletto Vaprio,26010,0373,019020,B891,http://www.comuni-italiani.it/019/020/,base.state_it_cr,base.it,4
2588,Casalmaggiore,26041,0375,019021,B898,http://www.comuni-italiani.it/019/021/,base.state_it_cr,base.it,4
2589,Casalmorano,26020,0374,019022,B900,http://www.comuni-italiani.it/019/022/,base.state_it_cr,base.it,4
2590,Casteldidone,26030,0375,019023,C089,http://www.comuni-italiani.it/019/023/,base.state_it_cr,base.it,4
2591,Castel Gabbiano,26010,0373,019024,C115,http://www.comuni-italiani.it/019/024/,base.state_it_cr,base.it,4
2592,Castelleone,26012,0374,019025,C153,http://www.comuni-italiani.it/019/025/,base.state_it_cr,base.it,4
2593,Castelverde,26022,0372,019026,B129,http://www.comuni-italiani.it/019/026/,base.state_it_cr,base.it,4
2594,Castelvisconti,26010,0374,019027,C290,http://www.comuni-italiani.it/019/027/,base.state_it_cr,base.it,4
2595,Cella Dati,26040,0372,019028,C435,http://www.comuni-italiani.it/019/028/,base.state_it_cr,base.it,4
2596,Chieve,26010,0373,019029,C634,http://www.comuni-italiani.it/019/029/,base.state_it_cr,base.it,4
2597,Cicognolo,26030,0372,019030,C678,http://www.comuni-italiani.it/019/030/,base.state_it_cr,base.it,4
2598,Cingia de' Botti,26042,0375,019031,C703,http://www.comuni-italiani.it/019/031/,base.state_it_cr,base.it,4
2599,Corte de' Cortesi con Cignone,26020,0372,019032,D056,http://www.comuni-italiani.it/019/032/,base.state_it_cr,base.it,4
2600,Corte de' Frati,26010,0372,019033,D057,http://www.comuni-italiani.it/019/033/,base.state_it_cr,base.it,4
2601,Credera Rubbiano,26010,0373,019034,D141,http://www.comuni-italiani.it/019/034/,base.state_it_cr,base.it,4
2602,Crema,26013,0373,019035,D142,http://www.comuni-italiani.it/019/035/,base.state_it_cr,base.it,4
2603,Cremona,26100,0372,019036,D150,http://www.comuni-italiani.it/019/036/,base.state_it_cr,base.it,4
2604,Cremosano,26010,0373,019037,D151,http://www.comuni-italiani.it/019/037/,base.state_it_cr,base.it,4
2605,Crotta d'Adda,26020,0372,019038,D186,http://www.comuni-italiani.it/019/038/,base.state_it_cr,base.it,4
2606,Cumignano sul Naviglio,26020,0374,019039,D203,http://www.comuni-italiani.it/019/039/,base.state_it_cr,base.it,4
2607,Derovere,26040,0372,019040,D278,http://www.comuni-italiani.it/019/040/,base.state_it_cr,base.it,4
2608,Dovera,26010,0373,019041,D358,http://www.comuni-italiani.it/019/041/,base.state_it_cr,base.it,4
2609,Drizzona,26034,0375,019042,D370,http://www.comuni-italiani.it/019/042/,base.state_it_cr,base.it,4
2610,Fiesco,26010,0374,019043,D574,http://www.comuni-italiani.it/019/043/,base.state_it_cr,base.it,4
2611,Formigara,26020,0374,019044,D710,http://www.comuni-italiani.it/019/044/,base.state_it_cr,base.it,4
2612,Gabbioneta-Binanuova,26030,0372,019045,D834,http://www.comuni-italiani.it/019/045/,base.state_it_cr,base.it,4
2613,Gadesco-Pieve Delmona,26030,0372,019046,D841,http://www.comuni-italiani.it/019/046/,base.state_it_cr,base.it,4
2614,Genivolta,26020,0374,019047,D966,http://www.comuni-italiani.it/019/047/,base.state_it_cr,base.it,4
2615,Gerre de' Caprioli,26040,0372,019048,D993,http://www.comuni-italiani.it/019/048/,base.state_it_cr,base.it,4
2616,Gombito,26020,0374,019049,E082,http://www.comuni-italiani.it/019/049/,base.state_it_cr,base.it,4
2617,Grontardo,26044,0372,019050,E193,http://www.comuni-italiani.it/019/050/,base.state_it_cr,base.it,4
2618,Grumello Cremonese ed Uniti,26023,0372,019051,E217,http://www.comuni-italiani.it/019/051/,base.state_it_cr,base.it,4
2619,Gussola,26040,0375,019052,E272,http://www.comuni-italiani.it/019/052/,base.state_it_cr,base.it,4
2620,Isola Dovarese,26031,0375,019053,E356,http://www.comuni-italiani.it/019/053/,base.state_it_cr,base.it,4
2621,Izano,26010,0373,019054,E380,http://www.comuni-italiani.it/019/054/,base.state_it_cr,base.it,4
2622,Madignano,26020,0373,019055,E793,http://www.comuni-italiani.it/019/055/,base.state_it_cr,base.it,4
2623,Malagnino,26030,0372,019056,E843,http://www.comuni-italiani.it/019/056/,base.state_it_cr,base.it,4
2624,Martignana di Po,26040,0375,019057,E983,http://www.comuni-italiani.it/019/057/,base.state_it_cr,base.it,4
2625,Monte Cremasco,26010,0373,019058,F434,http://www.comuni-italiani.it/019/058/,base.state_it_cr,base.it,4
2626,Montodine,26010,0373,019059,F681,http://www.comuni-italiani.it/019/059/,base.state_it_cr,base.it,4
2627,Moscazzano,26010,0373,019060,F761,http://www.comuni-italiani.it/019/060/,base.state_it_cr,base.it,4
2628,Motta Baluffi,26045,0375,019061,F771,http://www.comuni-italiani.it/019/061/,base.state_it_cr,base.it,4
2629,Offanengo,26010,0373,019062,G004,http://www.comuni-italiani.it/019/062/,base.state_it_cr,base.it,4
2630,Olmeneta,26010,0372,019063,G047,http://www.comuni-italiani.it/019/063/,base.state_it_cr,base.it,4
2631,Ostiano,26032,0372,019064,G185,http://www.comuni-italiani.it/019/064/,base.state_it_cr,base.it,4
2632,Paderno Ponchielli,26024,0374,019065,G222,http://www.comuni-italiani.it/019/065/,base.state_it_cr,base.it,4
2633,Palazzo Pignano,26020,0373,019066,G260,http://www.comuni-italiani.it/019/066/,base.state_it_cr,base.it,4
2634,Pandino,26025,0373,019067,G306,http://www.comuni-italiani.it/019/067/,base.state_it_cr,base.it,4
2635,Persico Dosimo,26043,0372,019068,G469,http://www.comuni-italiani.it/019/068/,base.state_it_cr,base.it,4
2636,Pescarolo ed Uniti,26033,0372,019069,G483,http://www.comuni-italiani.it/019/069/,base.state_it_cr,base.it,4
2637,Pessina Cremonese,26030,0372,019070,G504,http://www.comuni-italiani.it/019/070/,base.state_it_cr,base.it,4
2638,Piadena,26034,0375,019071,G536,http://www.comuni-italiani.it/019/071/,base.state_it_cr,base.it,4
2639,Pianengo,26010,0373,019072,G558,http://www.comuni-italiani.it/019/072/,base.state_it_cr,base.it,4
2640,Pieranica,26017,0373,019073,G603,http://www.comuni-italiani.it/019/073/,base.state_it_cr,base.it,4
2641,Pieve d'Olmi,26040,0372,019074,G647,http://www.comuni-italiani.it/019/074/,base.state_it_cr,base.it,4
2642,Pieve San Giacomo,26035,0372,019075,G651,http://www.comuni-italiani.it/019/075/,base.state_it_cr,base.it,4
2643,Pizzighettone,26026,0372,019076,G721,http://www.comuni-italiani.it/019/076/,base.state_it_cr,base.it,4
2644,Pozzaglio ed Uniti,26010,0372,019077,B914,http://www.comuni-italiani.it/019/077/,base.state_it_cr,base.it,4
2645,Quintano,26017,0373,019078,H130,http://www.comuni-italiani.it/019/078/,base.state_it_cr,base.it,4
2646,Ricengo,26010,0373,019079,H276,http://www.comuni-italiani.it/019/079/,base.state_it_cr,base.it,4
2647,Ripalta Arpina,26010,0373,019080,H314,http://www.comuni-italiani.it/019/080/,base.state_it_cr,base.it,4
2648,Ripalta Cremasca,26010,0373,019081,H315,http://www.comuni-italiani.it/019/081/,base.state_it_cr,base.it,4
2649,Ripalta Guerina,26010,0373,019082,H316,http://www.comuni-italiani.it/019/082/,base.state_it_cr,base.it,4
2650,Rivarolo del Re ed Uniti,26036,0375,019083,H341,http://www.comuni-italiani.it/019/083/,base.state_it_cr,base.it,4
2651,Rivolta d'Adda,26027,0363,019084,H357,http://www.comuni-italiani.it/019/084/,base.state_it_cr,base.it,4
2652,Robecco d'Oglio,26010,0372,019085,H372,http://www.comuni-italiani.it/019/085/,base.state_it_cr,base.it,4
2653,Romanengo,26014,0373,019086,H508,http://www.comuni-italiani.it/019/086/,base.state_it_cr,base.it,4
2654,Salvirola,26010,0373,019087,H731,http://www.comuni-italiani.it/019/087/,base.state_it_cr,base.it,4
2655,San Bassano,26020,0374,019088,H767,http://www.comuni-italiani.it/019/088/,base.state_it_cr,base.it,4
2656,San Daniele Po,26046,0372,019089,H815,http://www.comuni-italiani.it/019/089/,base.state_it_cr,base.it,4
2657,San Giovanni in Croce,26037,0375,019090,H918,http://www.comuni-italiani.it/019/090/,base.state_it_cr,base.it,4
2658,San Martino del Lago,26040,0375,019091,I007,http://www.comuni-italiani.it/019/091/,base.state_it_cr,base.it,4
2659,Scandolara Ravara,26040,0375,019092,I497,http://www.comuni-italiani.it/019/092/,base.state_it_cr,base.it,4
2660,Scandolara Ripa d'Oglio,26047,0372,019093,I498,http://www.comuni-italiani.it/019/093/,base.state_it_cr,base.it,4
2661,Sergnano,26010,0373,019094,I627,http://www.comuni-italiani.it/019/094/,base.state_it_cr,base.it,4
2662,Sesto ed Uniti,26028,0372,019095,I683,http://www.comuni-italiani.it/019/095/,base.state_it_cr,base.it,4
2663,Solarolo Rainerio,26030,0375,019096,I790,http://www.comuni-italiani.it/019/096/,base.state_it_cr,base.it,4
2664,Soncino,26029,0374,019097,I827,http://www.comuni-italiani.it/019/097/,base.state_it_cr,base.it,4
2665,Soresina,26015,0374,019098,I849,http://www.comuni-italiani.it/019/098/,base.state_it_cr,base.it,4
2666,Sospiro,26048,0372,019099,I865,http://www.comuni-italiani.it/019/099/,base.state_it_cr,base.it,4
2667,Spinadesco,26020,0372,019100,I906,http://www.comuni-italiani.it/019/100/,base.state_it_cr,base.it,4
2668,Spineda,26030,0376,019101,I909,http://www.comuni-italiani.it/019/101/,base.state_it_cr,base.it,4
2669,Spino d'Adda,26016,0373,019102,I914,http://www.comuni-italiani.it/019/102/,base.state_it_cr,base.it,4
2670,Stagno Lombardo,26049,0372,019103,I935,http://www.comuni-italiani.it/019/103/,base.state_it_cr,base.it,4
2671,Ticengo,26020,0374,019104,L164,http://www.comuni-italiani.it/019/104/,base.state_it_cr,base.it,4
2672,Torlino Vimercati,26017,0373,019105,L221,http://www.comuni-italiani.it/019/105/,base.state_it_cr,base.it,4
2673,Tornata,26030,0375,019106,L225,http://www.comuni-italiani.it/019/106/,base.state_it_cr,base.it,4
2674,Torre de' Picenardi,26038,0375,019107,L258,http://www.comuni-italiani.it/019/107/,base.state_it_cr,base.it,4
2675,Torricella del Pizzo,26040,0375,019108,L296,http://www.comuni-italiani.it/019/108/,base.state_it_cr,base.it,4
2676,Trescore Cremasco,26017,0373,019109,L389,http://www.comuni-italiani.it/019/109/,base.state_it_cr,base.it,4
2677,Trigolo,26018,0374,019110,L426,http://www.comuni-italiani.it/019/110/,base.state_it_cr,base.it,4
2678,Vaiano Cremasco,26010,0373,019111,L535,http://www.comuni-italiani.it/019/111/,base.state_it_cr,base.it,4
2679,Vailate,26019,0363,019112,L539,http://www.comuni-italiani.it/019/112/,base.state_it_cr,base.it,4
2680,Vescovato,26039,0372,019113,L806,http://www.comuni-italiani.it/019/113/,base.state_it_cr,base.it,4
2681,Volongo,26030,0372,019114,M116,http://www.comuni-italiani.it/019/114/,base.state_it_cr,base.it,4
2682,Voltido,26030,0375,019115,M127,http://www.comuni-italiani.it/019/115/,base.state_it_cr,base.it,4
2683,Acquanegra sul Chiese,46011,0376,020001,A038,http://www.comuni-italiani.it/020/001/,base.state_it_mn,base.it,4
2684,Asola,46041,0376,020002,A470,http://www.comuni-italiani.it/020/002/,base.state_it_mn,base.it,4
2685,Bagnolo San Vito,46031,0376,020003,A575,http://www.comuni-italiani.it/020/003/,base.state_it_mn,base.it,4
2686,Bigarello,46030,0376,020004,A866,http://www.comuni-italiani.it/020/004/,base.state_it_mn,base.it,4
2687,Borgoforte (ora Borgo Virgilio),46030,0376,020005,B011,http://www.comuni-italiani.it/020/005/,base.state_it_mn,base.it,9
2688,Borgofranco sul Po,46020,0386,020006,B013,http://www.comuni-italiani.it/020/006/,base.state_it_mn,base.it,4
2689,Bozzolo,46012,0376,020007,B110,http://www.comuni-italiani.it/020/007/,base.state_it_mn,base.it,4
2690,Canneto sull'Oglio,46013,0376,020008,B612,http://www.comuni-italiani.it/020/008/,base.state_it_mn,base.it,4
2691,Carbonara di Po,46020,0386,020009,B739,http://www.comuni-italiani.it/020/009/,base.state_it_mn,base.it,4
2692,Casalmoro,46040,0376,020010,B901,http://www.comuni-italiani.it/020/010/,base.state_it_mn,base.it,4
2693,Casaloldo,46040,0376,020011,B907,http://www.comuni-italiani.it/020/011/,base.state_it_mn,base.it,4
2694,Casalromano,46040,0376,020012,B911,http://www.comuni-italiani.it/020/012/,base.state_it_mn,base.it,4
2695,Castelbelforte,46032,0376,020013,C059,http://www.comuni-italiani.it/020/013/,base.state_it_mn,base.it,4
2696,Castel d'Ario,46033,0376,020014,C076,http://www.comuni-italiani.it/020/014/,base.state_it_mn,base.it,4
2697,Castel Goffredo,46042,0376,020015,C118,http://www.comuni-italiani.it/020/015/,base.state_it_mn,base.it,4
2698,Castellucchio,46014,0376,020016,C195,http://www.comuni-italiani.it/020/016/,base.state_it_mn,base.it,4
2699,Castiglione delle Stiviere,46043,0376,020017,C312,http://www.comuni-italiani.it/020/017/,base.state_it_mn,base.it,4
2700,Cavriana,46040,0376,020018,C406,http://www.comuni-italiani.it/020/018/,base.state_it_mn,base.it,4
2701,Ceresara,46040,0376,020019,C502,http://www.comuni-italiani.it/020/019/,base.state_it_mn,base.it,4
2702,Commessaggio,46010,0376,020020,C930,http://www.comuni-italiani.it/020/020/,base.state_it_mn,base.it,4
2703,Curtatone,46010,0376,020021,D227,http://www.comuni-italiani.it/020/021/,base.state_it_mn,base.it,4
2704,Dosolo,46030,0375,020022,D351,http://www.comuni-italiani.it/020/022/,base.state_it_mn,base.it,4
2705,Felonica,46022,0386,020023,D529,http://www.comuni-italiani.it/020/023/,base.state_it_mn,base.it,4
2706,Gazoldo degli Ippoliti,46040,0376,020024,D949,http://www.comuni-italiani.it/020/024/,base.state_it_mn,base.it,4
2707,Gazzuolo,46010,0376,020025,D959,http://www.comuni-italiani.it/020/025/,base.state_it_mn,base.it,4
2708,Goito,46044,0376,020026,E078,http://www.comuni-italiani.it/020/026/,base.state_it_mn,base.it,4
2709,Gonzaga,46023,0376,020027,E089,http://www.comuni-italiani.it/020/027/,base.state_it_mn,base.it,4
2710,Guidizzolo,46040,0376,020028,E261,http://www.comuni-italiani.it/020/028/,base.state_it_mn,base.it,4
2711,Magnacavallo,46020,0386,020029,E818,http://www.comuni-italiani.it/020/029/,base.state_it_mn,base.it,4
2712,Mantova,46100,0376,020030,E897,http://www.comuni-italiani.it/020/030/,base.state_it_mn,base.it,4
2713,Marcaria,46010,0376,020031,E922,http://www.comuni-italiani.it/020/031/,base.state_it_mn,base.it,4
2714,Mariana Mantovana,46010,0376,020032,E949,http://www.comuni-italiani.it/020/032/,base.state_it_mn,base.it,4
2715,Marmirolo,46045,0376,020033,E962,http://www.comuni-italiani.it/020/033/,base.state_it_mn,base.it,4
2716,Medole,46046,0376,020034,F086,http://www.comuni-italiani.it/020/034/,base.state_it_mn,base.it,4
2717,Moglia,46024,0376,020035,F267,http://www.comuni-italiani.it/020/035/,base.state_it_mn,base.it,4
2718,Monzambano,46040,0376,020036,F705,http://www.comuni-italiani.it/020/036/,base.state_it_mn,base.it,4
2719,Motteggiana,46020,0376,020037,B012,http://www.comuni-italiani.it/020/037/,base.state_it_mn,base.it,4
2720,Ostiglia,46035,0386,020038,G186,http://www.comuni-italiani.it/020/038/,base.state_it_mn,base.it,4
2721,Pegognaga,46020,0376,020039,G417,http://www.comuni-italiani.it/020/039/,base.state_it_mn,base.it,4
2722,Pieve di Coriano,46020,0386,020040,G633,http://www.comuni-italiani.it/020/040/,base.state_it_mn,base.it,4
2723,Piubega,46040,0376,020041,G717,http://www.comuni-italiani.it/020/041/,base.state_it_mn,base.it,4
2724,Poggio Rusco,46025,0386,020042,G753,http://www.comuni-italiani.it/020/042/,base.state_it_mn,base.it,4
2725,Pomponesco,46030,0375,020043,G816,http://www.comuni-italiani.it/020/043/,base.state_it_mn,base.it,4
2726,Ponti sul Mincio,46040,0376,020044,G862,http://www.comuni-italiani.it/020/044/,base.state_it_mn,base.it,4
2727,Porto Mantovano,46047,0376,020045,G917,http://www.comuni-italiani.it/020/045/,base.state_it_mn,base.it,4
2728,Quingentole,46020,0386,020046,H129,http://www.comuni-italiani.it/020/046/,base.state_it_mn,base.it,4
2729,Quistello,46026,0376,020047,H143,http://www.comuni-italiani.it/020/047/,base.state_it_mn,base.it,4
2730,Redondesco,46010,0376,020048,H218,http://www.comuni-italiani.it/020/048/,base.state_it_mn,base.it,4
2731,Revere,46036,0386,020049,H248,http://www.comuni-italiani.it/020/049/,base.state_it_mn,base.it,4
2732,Rivarolo Mantovano,46017,0376,020050,H342,http://www.comuni-italiani.it/020/050/,base.state_it_mn,base.it,4
2733,Rodigo,46040,0376,020051,H481,http://www.comuni-italiani.it/020/051/,base.state_it_mn,base.it,4
2734,Roncoferraro,46037,0376,020052,H541,http://www.comuni-italiani.it/020/052/,base.state_it_mn,base.it,4
2735,Roverbella,46048,0376,020053,H604,http://www.comuni-italiani.it/020/053/,base.state_it_mn,base.it,4
2736,Sabbioneta,46018,0375,020054,H652,http://www.comuni-italiani.it/020/054/,base.state_it_mn,base.it,4
2737,San Benedetto Po,46027,0376,020055,H771,http://www.comuni-italiani.it/020/055/,base.state_it_mn,base.it,4
2738,San Giacomo delle Segnate,46020,0376,020056,H870,http://www.comuni-italiani.it/020/056/,base.state_it_mn,base.it,4
2739,San Giorgio di Mantova,46030,0376,020057,H883,http://www.comuni-italiani.it/020/057/,base.state_it_mn,base.it,4
2740,San Giovanni del Dosso,46020,0386,020058,H912,http://www.comuni-italiani.it/020/058/,base.state_it_mn,base.it,4
2741,San Martino dall'Argine,46010,0376,020059,I005,http://www.comuni-italiani.it/020/059/,base.state_it_mn,base.it,4
2742,Schivenoglia,46020,0386,020060,I532,http://www.comuni-italiani.it/020/060/,base.state_it_mn,base.it,4
2743,Sermide,46028,0386,020061,I632,http://www.comuni-italiani.it/020/061/,base.state_it_mn,base.it,4
2744,Serravalle a Po,46030,0386,020062,I662,http://www.comuni-italiani.it/020/062/,base.state_it_mn,base.it,4
2745,Solferino,46040,0376,020063,I801,http://www.comuni-italiani.it/020/063/,base.state_it_mn,base.it,4
2746,Sustinente,46030,0386,020064,L015,http://www.comuni-italiani.it/020/064/,base.state_it_mn,base.it,4
2747,Suzzara,46029,0376,020065,L020,http://www.comuni-italiani.it/020/065/,base.state_it_mn,base.it,4
2748,Viadana,46019,0375,020066,L826,http://www.comuni-italiani.it/020/066/,base.state_it_mn,base.it,4
2749,Villa Poma,46020,0386,020067,F804,http://www.comuni-italiani.it/020/067/,base.state_it_mn,base.it,4
2750,Villimpenta,46039,0376,020068,M044,http://www.comuni-italiani.it/020/068/,base.state_it_mn,base.it,4
2751,Virgilio (ora Borgo Virgilio),46030,0376,020069,H123,http://www.comuni-italiani.it/020/069/,base.state_it_mn,base.it,9
2752,Volta Mantovana,46049,0376,020070,M125,http://www.comuni-italiani.it/020/070/,base.state_it_mn,base.it,4
8115,Borgo Virgilio,46030,0376,020071,M340,http://www.comuni-italiani.it/020/069/,base.state_it_mn,base.it,4
2753,Aldino/Aldein,39040,0471,021001,A179,http://www.comuni-italiani.it/021/001/,base.state_it_bz,base.it,4
2754,Andriano/Andrian,39010,0471,021002,A286,http://www.comuni-italiani.it/021/002/,base.state_it_bz,base.it,4
2755,Anterivo/Altrei,39040,0471,021003,A306,http://www.comuni-italiani.it/021/003/,base.state_it_bz,base.it,4
2756,Appiano sulla strada del vino/Eppan an der Weinstrasse,39057,0471,021004,A332,http://www.comuni-italiani.it/021/004/,base.state_it_bz,base.it,4
2757,Avelengo/Hafling,39010,0473,021005,A507,http://www.comuni-italiani.it/021/005/,base.state_it_bz,base.it,4
2758,Badia/Abtei,39036,0471,021006,A537,http://www.comuni-italiani.it/021/006/,base.state_it_bz,base.it,4
2759,Barbiano/Barbian,39040,0471,021007,A635,http://www.comuni-italiani.it/021/007/,base.state_it_bz,base.it,4
2760,Bolzano/Bozen,39100,0471,021008,A952,http://www.comuni-italiani.it/021/008/,base.state_it_bz,base.it,4
2761,Braies/Prags,39030,0474,021009,B116,http://www.comuni-italiani.it/021/009/,base.state_it_bz,base.it,4
2762,Brennero/Brenner,39041,0472,021010,B145,http://www.comuni-italiani.it/021/010/,base.state_it_bz,base.it,4
2763,Bressanone/Brixen,39042,0472,021011,B160,http://www.comuni-italiani.it/021/011/,base.state_it_bz,base.it,4
2764,Bronzolo/Branzoll,39051,0471,021012,B203,http://www.comuni-italiani.it/021/012/,base.state_it_bz,base.it,4
2765,Brunico/Bruneck,39031,0474,021013,B220,http://www.comuni-italiani.it/021/013/,base.state_it_bz,base.it,4
2766,Caines/Kuens,39010,0473,021014,B364,http://www.comuni-italiani.it/021/014/,base.state_it_bz,base.it,4
2767,Caldaro sulla strada del vino/Kaltern an der Weinstrasse,39052,0471,021015,B397,http://www.comuni-italiani.it/021/015/,base.state_it_bz,base.it,4
2768,Campo di Trens/Freienfeld,39040,0472,021016,B529,http://www.comuni-italiani.it/021/016/,base.state_it_bz,base.it,4
2769,Campo Tures/Sand in Taufers,39032,0474,021017,B570,http://www.comuni-italiani.it/021/017/,base.state_it_bz,base.it,4
2770,Castelbello-Ciardes / Kastelbell-Tschars,39020,0473,021018,C062,http://www.comuni-italiani.it/021/018/,base.state_it_bz,base.it,4
2771,Castelrotto/Kastelruth,39040,0471,021019,C254,http://www.comuni-italiani.it/021/019/,base.state_it_bz,base.it,4
2772,Cermes/Tscherms,39010,0473,021020,A022,http://www.comuni-italiani.it/021/020/,base.state_it_bz,base.it,4
2773,Chienes/Kiens,39030,0474,021021,C625,http://www.comuni-italiani.it/021/021/,base.state_it_bz,base.it,4
2774,Chiusa/Klausen,39043,0472,021022,C652,http://www.comuni-italiani.it/021/022/,base.state_it_bz,base.it,4
2775,Cornedo all'Isarco/Karneid,39053,0471,021023,B799,http://www.comuni-italiani.it/021/023/,base.state_it_bz,base.it,4
2776,Cortaccia sulla strada del vino/Kurtatsch an der Weinstrasse,39040,0471,021024,D048,http://www.comuni-italiani.it/021/024/,base.state_it_bz,base.it,4
2777,Cortina sulla strada del vino/Kurtinig an der Weinstrasse,39040,0471,021025,D075,http://www.comuni-italiani.it/021/025/,base.state_it_bz,base.it,4
2778,Corvara in Badia/Corvara,39033,0471,021026,D079,http://www.comuni-italiani.it/021/026/,base.state_it_bz,base.it,4
2779,Curon Venosta/Graun im Vinschgau,39027,0473,021027,D222,http://www.comuni-italiani.it/021/027/,base.state_it_bz,base.it,4
2780,Dobbiaco/Toblach,39034,0474,021028,D311,http://www.comuni-italiani.it/021/028/,base.state_it_bz,base.it,4
2781,Egna/Neumarkt,39044,0471,021029,D392,http://www.comuni-italiani.it/021/029/,base.state_it_bz,base.it,4
2782,Falzes/Pfalzen,39030,0474,021030,D484,http://www.comuni-italiani.it/021/030/,base.state_it_bz,base.it,4
2783,Fiè allo Sciliar/Voels am Schlern,39050,0471,021031,D571,http://www.comuni-italiani.it/021/031/,base.state_it_bz,base.it,4
2784,Fortezza/Franzensfeste,39045,0472,021032,D731,http://www.comuni-italiani.it/021/032/,base.state_it_bz,base.it,4
2785,Funes/Villnoess,39040,0472,021033,D821,http://www.comuni-italiani.it/021/033/,base.state_it_bz,base.it,4
2786,Gais/Gais,39030,0474,021034,D860,http://www.comuni-italiani.it/021/034/,base.state_it_bz,base.it,4
2787,Gargazzone/Gargazon,39010,0473,021035,D923,http://www.comuni-italiani.it/021/035/,base.state_it_bz,base.it,4
2788,Glorenza/Glurns,39020,0473,021036,E069,http://www.comuni-italiani.it/021/036/,base.state_it_bz,base.it,4
2789,Laces/Latsch,39021,0473,021037,E398,http://www.comuni-italiani.it/021/037/,base.state_it_bz,base.it,4
2790,Lagundo/Algund,39022,0473,021038,E412,http://www.comuni-italiani.it/021/038/,base.state_it_bz,base.it,4
2791,Laion/Lajen,39040,0471,021039,E420,http://www.comuni-italiani.it/021/039/,base.state_it_bz,base.it,4
2792,Laives/Leifers,39055,0471,021040,E421,http://www.comuni-italiani.it/021/040/,base.state_it_bz,base.it,4
2793,Lana/Lana,39011,0473,021041,E434,http://www.comuni-italiani.it/021/041/,base.state_it_bz,base.it,4
2794,Lasa/Laas,39023,0473,021042,E457,http://www.comuni-italiani.it/021/042/,base.state_it_bz,base.it,4
2795,Lauregno/Laurein,39040,0463,021043,E481,http://www.comuni-italiani.it/021/043/,base.state_it_bz,base.it,4
2796,Luson/Luesen,39040,0472,021044,E764,http://www.comuni-italiani.it/021/044/,base.state_it_bz,base.it,4
2797,Magrè sulla strada del vino/Margreid an der Weinstrasse,39040,0471,021045,E829,http://www.comuni-italiani.it/021/045/,base.state_it_bz,base.it,4
2798,Malles Venosta/Mals,39024,0473,021046,E862,http://www.comuni-italiani.it/021/046/,base.state_it_bz,base.it,4
2799,Marebbe/Enneberg,39030,0474,021047,E938,http://www.comuni-italiani.it/021/047/,base.state_it_bz,base.it,4
2800,Marlengo/Marling,39020,0473,021048,E959,http://www.comuni-italiani.it/021/048/,base.state_it_bz,base.it,4
2801,Martello/Martell,39020,0473,021049,E981,http://www.comuni-italiani.it/021/049/,base.state_it_bz,base.it,4
2802,Meltina/Moelten,39010,0471,021050,F118,http://www.comuni-italiani.it/021/050/,base.state_it_bz,base.it,4
2803,Merano/Meran,39012,0473,021051,F132,http://www.comuni-italiani.it/021/051/,base.state_it_bz,base.it,4
2804,Monguelfo-Tesido/Welsberg-Taisten,39035,0474,021052,F371,http://www.comuni-italiani.it/021/052/,base.state_it_bz,base.it,4
2805,Montagna/Montan,39040,0471,021053,F392,http://www.comuni-italiani.it/021/053/,base.state_it_bz,base.it,4
2806,Moso in Passiria/Moos in Passeier,39013,0473,021054,F766,http://www.comuni-italiani.it/021/054/,base.state_it_bz,base.it,4
2807,Nalles/Nals,39010,0471,021055,F836,http://www.comuni-italiani.it/021/055/,base.state_it_bz,base.it,4
2808,Naturno/Naturns,39025,0473,021056,F849,http://www.comuni-italiani.it/021/056/,base.state_it_bz,base.it,4
2809,Naz-Sciaves/Natz-Schabs,39040,0472,021057,F856,http://www.comuni-italiani.it/021/057/,base.state_it_bz,base.it,4
2810,Nova Levante/Welschnofen,39056,0471,021058,F949,http://www.comuni-italiani.it/021/058/,base.state_it_bz,base.it,4
2811,Nova Ponente/Deutschnofen,39050,0471,021059,F950,http://www.comuni-italiani.it/021/059/,base.state_it_bz,base.it,4
2812,Ora/Auer,39040,0471,021060,G083,http://www.comuni-italiani.it/021/060/,base.state_it_bz,base.it,4
2813,Ortisei/St. Ulrich,39046,0471,021061,G140,http://www.comuni-italiani.it/021/061/,base.state_it_bz,base.it,4
2814,Parcines/Partschins,39020,0473,021062,G328,http://www.comuni-italiani.it/021/062/,base.state_it_bz,base.it,4
2815,Perca/Percha,39030,0474,021063,G443,http://www.comuni-italiani.it/021/063/,base.state_it_bz,base.it,4
2816,Plaus/Plaus,39025,0473,021064,G299,http://www.comuni-italiani.it/021/064/,base.state_it_bz,base.it,4
2817,Ponte Gardena/Waidbruck,39040,0471,021065,G830,http://www.comuni-italiani.it/021/065/,base.state_it_bz,base.it,4
2818,Postal/Burgstall,39014,0473,021066,G936,http://www.comuni-italiani.it/021/066/,base.state_it_bz,base.it,4
2819,Prato allo Stelvio/Prad am Stilfser Joch,39026,0473,021067,H004,http://www.comuni-italiani.it/021/067/,base.state_it_bz,base.it,4
2820,Predoi/Prettau,39030,0474,021068,H019,http://www.comuni-italiani.it/021/068/,base.state_it_bz,base.it,4
2821,Proves/Proveis,39040,0463,021069,H081,http://www.comuni-italiani.it/021/069/,base.state_it_bz,base.it,4
2822,Racines/Ratschings,39040,0472,021070,H152,http://www.comuni-italiani.it/021/070/,base.state_it_bz,base.it,4
2823,Rasun Anterselva/Rasen-Antholz,39030,0474,021071,H189,http://www.comuni-italiani.it/021/071/,base.state_it_bz,base.it,4
2824,Renon/Ritten,39054,0471,021072,H236,http://www.comuni-italiani.it/021/072/,base.state_it_bz,base.it,4
2825,Rifiano/Riffian,39010,0473,021073,H284,http://www.comuni-italiani.it/021/073/,base.state_it_bz,base.it,4
2826,Rio di Pusteria/Muehlbach,39037,0472,021074,H299,http://www.comuni-italiani.it/021/074/,base.state_it_bz,base.it,4
2827,Rodengo/Rodeneck,39037,0472,021075,H475,http://www.comuni-italiani.it/021/075/,base.state_it_bz,base.it,4
2828,Salorno/Salurn,39040,0471,021076,H719,http://www.comuni-italiani.it/021/076/,base.state_it_bz,base.it,4
2829,San Candido/Innichen,39038,0474,021077,H786,http://www.comuni-italiani.it/021/077/,base.state_it_bz,base.it,4
2830,San Genesio Atesino/Jenesien,39050,0471,021079,H858,http://www.comuni-italiani.it/021/079/,base.state_it_bz,base.it,4
2831,San Leonardo in Passiria/St. Leonhard in Passeier,39015,0473,021080,H952,http://www.comuni-italiani.it/021/080/,base.state_it_bz,base.it,4
2832,San Lorenzo di Sebato/St. Lorenzen,39030,0474,021081,H956,http://www.comuni-italiani.it/021/081/,base.state_it_bz,base.it,4
2833,San Martino in Badia/St. Martin in Thurn,39030,0474,021082,H988,http://www.comuni-italiani.it/021/082/,base.state_it_bz,base.it,4
2834,San Martino in Passiria/St. Martin in Passeier,39010,0473,021083,H989,http://www.comuni-italiani.it/021/083/,base.state_it_bz,base.it,4
2835,San Pancrazio/St. Pankraz,39010,0473,021084,I065,http://www.comuni-italiani.it/021/084/,base.state_it_bz,base.it,4
2836,Santa Cristina Valgardena/St. Christina in Groeden,39047,0471,021085,I173,http://www.comuni-italiani.it/021/085/,base.state_it_bz,base.it,4
2837,Sarentino/Sarntal,39058,0471,021086,I431,http://www.comuni-italiani.it/021/086/,base.state_it_bz,base.it,4
2838,Scena/Schenna,39017,0473,021087,I519,http://www.comuni-italiani.it/021/087/,base.state_it_bz,base.it,4
2839,Selva dei Molini/Muehlwald,39030,0474,021088,I593,http://www.comuni-italiani.it/021/088/,base.state_it_bz,base.it,4
2840,Selva di Val Gardena/Wolkenstein in Groeden,39048,0471,021089,I591,http://www.comuni-italiani.it/021/089/,base.state_it_bz,base.it,4
2841,Senales/Schnals,39020,0473,021091,I604,http://www.comuni-italiani.it/021/091/,base.state_it_bz,base.it,4
2842,Sesto/Sexten,39030,0474,021092,I687,http://www.comuni-italiani.it/021/092/,base.state_it_bz,base.it,4
2843,Silandro/Schlanders,39028,0473,021093,I729,http://www.comuni-italiani.it/021/093/,base.state_it_bz,base.it,4
2844,Sluderno/Schluderns,39020,0473,021094,I771,http://www.comuni-italiani.it/021/094/,base.state_it_bz,base.it,4
2845,Stelvio/Stilfs,39029,0473,021095,I948,http://www.comuni-italiani.it/021/095/,base.state_it_bz,base.it,4
2846,Terento/Terenten,39030,0472,021096,L106,http://www.comuni-italiani.it/021/096/,base.state_it_bz,base.it,4
2847,Terlano/Terlan,39018,0471,021097,L108,http://www.comuni-italiani.it/021/097/,base.state_it_bz,base.it,4
2848,Termeno sulla strada del vino/Tramin an der Weinstrasse,39040,0471,021098,L111,http://www.comuni-italiani.it/021/098/,base.state_it_bz,base.it,4
2849,Tesimo/Tisens,39010,0473,021099,L149,http://www.comuni-italiani.it/021/099/,base.state_it_bz,base.it,4
2850,Tires/Tiers,39050,0471,021100,L176,http://www.comuni-italiani.it/021/100/,base.state_it_bz,base.it,4
2851,Tirolo/Tirol,39019,0473,021101,L178,http://www.comuni-italiani.it/021/101/,base.state_it_bz,base.it,4
2852,Trodena nel parco naturale/Truden im Naturpark,39040,0471,021102,L444,http://www.comuni-italiani.it/021/102/,base.state_it_bz,base.it,4
2853,Tubre/Taufers im Muenstertal,39020,0473,021103,L455,http://www.comuni-italiani.it/021/103/,base.state_it_bz,base.it,4
2854,Ultimo/Ulten,39016,0473,021104,L490,http://www.comuni-italiani.it/021/104/,base.state_it_bz,base.it,4
2855,Vadena/Pfatten,39051,0471,021105,L527,http://www.comuni-italiani.it/021/105/,base.state_it_bz,base.it,4
2856,Valdaora/Olang,39030,0474,021106,L552,http://www.comuni-italiani.it/021/106/,base.state_it_bz,base.it,4
2857,Val di Vizze/Pfitsch,39049,0472,021107,L564,http://www.comuni-italiani.it/021/107/,base.state_it_bz,base.it,4
2858,Valle Aurina/Ahrntal,39030,0474,021108,L595,http://www.comuni-italiani.it/021/108/,base.state_it_bz,base.it,4
2859,Valle di Casies/Gsies,39030,0474,021109,L601,http://www.comuni-italiani.it/021/109/,base.state_it_bz,base.it,4
2860,Vandoies/Vintl,39030,0472,021110,L660,http://www.comuni-italiani.it/021/110/,base.state_it_bz,base.it,4
2861,Varna/Vahrn,39040,0472,021111,L687,http://www.comuni-italiani.it/021/111/,base.state_it_bz,base.it,4
2862,Villabassa/Niederdorf,39010,0473,021112,L745,http://www.comuni-italiani.it/021/112/,base.state_it_bz,base.it,4
2863,Villandro/Villanders,39039,0474,021113,L915,http://www.comuni-italiani.it/021/113/,base.state_it_bz,base.it,4
2864,Vipiteno/Sterzing,39040,0472,021114,L971,http://www.comuni-italiani.it/021/114/,base.state_it_bz,base.it,4
2865,Velturno/Feldthurns,39049,0472,021115,M067,http://www.comuni-italiani.it/021/115/,base.state_it_bz,base.it,4
2866,La Valle/Wengen,39040,0472,021116,L724,http://www.comuni-italiani.it/021/116/,base.state_it_bz,base.it,4
2867,Senale-San Felice/Unsere Liebe Frau im Walde-St. Felix,39030,0471,021117,E491,http://www.comuni-italiani.it/021/117/,base.state_it_bz,base.it,4
2868,Varna/Vahrn,39010,0463,021118,I603,http://www.comuni-italiani.it/021/118/,base.state_it_bz,base.it,4
2869,Ala,38061,0464,022001,A116,http://www.comuni-italiani.it/022/001/,base.state_it_tn,base.it,4
2870,Albiano,38041,0461,022002,A158,http://www.comuni-italiani.it/022/002/,base.state_it_tn,base.it,4
2871,Aldeno,38060,0461,022003,A178,http://www.comuni-italiani.it/022/003/,base.state_it_tn,base.it,4
2872,Amblar,38011,0463,022004,A260,http://www.comuni-italiani.it/022/004/,base.state_it_tn,base.it,4
2873,Andalo,38010,0461,022005,A274,http://www.comuni-italiani.it/022/005/,base.state_it_tn,base.it,4
2874,Arco,38062,0464,022006,A372,http://www.comuni-italiani.it/022/006/,base.state_it_tn,base.it,4
2875,Avio,38063,0464,022007,A520,http://www.comuni-italiani.it/022/007/,base.state_it_tn,base.it,4
2876,Baselga di Pinè,38042,0461,022009,A694,http://www.comuni-italiani.it/022/009/,base.state_it_tn,base.it,4
2877,Bedollo,38043,0461,022011,A730,http://www.comuni-italiani.it/022/011/,base.state_it_tn,base.it,4
2878,Bersone,38085,0465,022012,A808,http://www.comuni-italiani.it/022/012/,base.state_it_tn,base.it,4
2879,Besenello,38060,0464,022013,A821,http://www.comuni-italiani.it/022/013/,base.state_it_tn,base.it,4
2880,Bezzecca (ora Ledro),38060,0464,022014,A839,http://www.comuni-italiani.it/022/014/,base.state_it_tn,base.it,9
2881,Bieno,38050,0461,022015,A863,http://www.comuni-italiani.it/022/015/,base.state_it_tn,base.it,4
2882,Bleggio Inferiore (ora Comano Terme),38071,0465,022017,A901,http://www.comuni-italiani.it/022/016/,base.state_it_tn,base.it,9
2883,Bleggio Superiore,38071,0465,022017,A902,http://www.comuni-italiani.it/022/017/,base.state_it_tn,base.it,4
2884,Bocenago,38080,0465,022018,A916,http://www.comuni-italiani.it/022/018/,base.state_it_tn,base.it,4
2885,Bolbeno,38079,0465,022019,A933,http://www.comuni-italiani.it/022/019/,base.state_it_tn,base.it,4
2886,Bondo,38081,0465,022020,A967,http://www.comuni-italiani.it/022/020/,base.state_it_tn,base.it,4
2887,Bondone,38080,0465,022021,A968,http://www.comuni-italiani.it/022/021/,base.state_it_tn,base.it,4
2888,Borgo Valsugana,38051,0461,022022,B006,http://www.comuni-italiani.it/022/022/,base.state_it_tn,base.it,4
2889,Bosentino,38049,0461,022023,B078,http://www.comuni-italiani.it/022/023/,base.state_it_tn,base.it,4
2890,Breguzzo,38081,0465,022024,B135,http://www.comuni-italiani.it/022/024/,base.state_it_tn,base.it,4
2891,Brentonico,38060,0464,022025,B153,http://www.comuni-italiani.it/022/025/,base.state_it_tn,base.it,4
2892,Bresimo,38020,0463,022026,B158,http://www.comuni-italiani.it/022/026/,base.state_it_tn,base.it,4
2893,Brez,38021,0463,022027,B165,http://www.comuni-italiani.it/022/027/,base.state_it_tn,base.it,4
2894,Brione,38083,0465,022028,B185,http://www.comuni-italiani.it/022/028/,base.state_it_tn,base.it,4
2895,Caderzone Terme,38080,0465,022029,B335,http://www.comuni-italiani.it/022/029/,base.state_it_tn,base.it,4
2896,Cagnò,38028,0463,022030,B360,http://www.comuni-italiani.it/022/030/,base.state_it_tn,base.it,4
2897,Calavino,38072,0461,022031,B386,http://www.comuni-italiani.it/022/031/,base.state_it_tn,base.it,4
2898,Calceranica al Lago,38050,0461,022032,B389,http://www.comuni-italiani.it/022/032/,base.state_it_tn,base.it,4
2899,Caldes,38022,0463,022033,B400,http://www.comuni-italiani.it/022/033/,base.state_it_tn,base.it,4
2900,Caldonazzo,38052,0461,022034,B404,http://www.comuni-italiani.it/022/034/,base.state_it_tn,base.it,4
2901,Calliano,38060,0464,022035,B419,http://www.comuni-italiani.it/022/035/,base.state_it_tn,base.it,4
2902,Campitello di Fassa,38031,0462,022036,B514,http://www.comuni-italiani.it/022/036/,base.state_it_tn,base.it,4
2903,Campodenno,38010,0461,022037,B525,http://www.comuni-italiani.it/022/037/,base.state_it_tn,base.it,4
2904,Canal San Bovo,38050,0439,022038,B577,http://www.comuni-italiani.it/022/038/,base.state_it_tn,base.it,4
2905,Canazei,38032,0462,022039,B579,http://www.comuni-italiani.it/022/039/,base.state_it_tn,base.it,4
2906,Capriana,38030,0462,022040,B697,http://www.comuni-italiani.it/022/040/,base.state_it_tn,base.it,4
2907,Carano,38033,0462,022041,B723,http://www.comuni-italiani.it/022/041/,base.state_it_tn,base.it,4
2908,Carisolo,38080,0465,022042,B783,http://www.comuni-italiani.it/022/042/,base.state_it_tn,base.it,4
2909,Carzano,38050,0461,022043,B856,http://www.comuni-italiani.it/022/043/,base.state_it_tn,base.it,4
2910,Castel Condino,38082,0465,022045,C183,http://www.comuni-italiani.it/022/045/,base.state_it_tn,base.it,4
2911,Castelfondo,38020,0463,022046,C103,http://www.comuni-italiani.it/022/046/,base.state_it_tn,base.it,4
2912,Castello-Molina di Fiemme,38030,0462,022047,C189,http://www.comuni-italiani.it/022/047/,base.state_it_tn,base.it,4
2913,Castello Tesino,38053,0461,022048,C194,http://www.comuni-italiani.it/022/048/,base.state_it_tn,base.it,4
2914,Castelnuovo,38050,0461,022049,C216,http://www.comuni-italiani.it/022/049/,base.state_it_tn,base.it,4
2915,Cavalese,38033,0462,022050,C372,http://www.comuni-italiani.it/022/050/,base.state_it_tn,base.it,4
2916,Cavareno,38011,0463,022051,C380,http://www.comuni-italiani.it/022/051/,base.state_it_tn,base.it,4
2917,Cavedago,38010,0461,022052,C392,http://www.comuni-italiani.it/022/052/,base.state_it_tn,base.it,4
2918,Cavedine,38073,0461,022053,C393,http://www.comuni-italiani.it/022/053/,base.state_it_tn,base.it,4
2919,Cavizzana,38022,0463,022054,C400,http://www.comuni-italiani.it/022/054/,base.state_it_tn,base.it,4
2920,Cembra,38034,0461,022055,C452,http://www.comuni-italiani.it/022/055/,base.state_it_tn,base.it,4
2921,Centa San Nicolò,38040,0461,022056,C467,http://www.comuni-italiani.it/022/056/,base.state_it_tn,base.it,4
2922,Cimego,38082,0465,022057,C694,http://www.comuni-italiani.it/022/057/,base.state_it_tn,base.it,4
2923,Cimone,38060,0461,022058,C700,http://www.comuni-italiani.it/022/058/,base.state_it_tn,base.it,4
2924,Cinte Tesino,38050,0461,022059,C712,http://www.comuni-italiani.it/022/059/,base.state_it_tn,base.it,4
2925,Cis,38020,0463,022060,C727,http://www.comuni-italiani.it/022/060/,base.state_it_tn,base.it,4
2926,Civezzano,38045,0461,022061,C756,http://www.comuni-italiani.it/022/061/,base.state_it_tn,base.it,4
2927,Cles,38023,0463,022062,C794,http://www.comuni-italiani.it/022/062/,base.state_it_tn,base.it,4
2928,Cloz,38020,0463,022063,C797,http://www.comuni-italiani.it/022/063/,base.state_it_tn,base.it,4
2929,Commezzadura,38020,0463,022064,C931,http://www.comuni-italiani.it/022/064/,base.state_it_tn,base.it,4
2931,Condino,38083,0465,022066,C953,http://www.comuni-italiani.it/022/066/,base.state_it_tn,base.it,4
2932,Coredo,38010,0463,022067,C994,http://www.comuni-italiani.it/022/067/,base.state_it_tn,base.it,4
2933,Croviana,38027,0463,022068,D188,http://www.comuni-italiani.it/022/068/,base.state_it_tn,base.it,4
2934,Cunevo,38010,0461,022069,D206,http://www.comuni-italiani.it/022/069/,base.state_it_tn,base.it,4
2935,Daiano,38030,0462,022070,D243,http://www.comuni-italiani.it/022/070/,base.state_it_tn,base.it,4
2936,Dambel,38010,0463,022071,D246,http://www.comuni-italiani.it/022/071/,base.state_it_tn,base.it,4
2937,Daone,38080,0465,022072,D248,http://www.comuni-italiani.it/022/072/,base.state_it_tn,base.it,4
2938,Darè,38080,0465,022073,D250,http://www.comuni-italiani.it/022/073/,base.state_it_tn,base.it,4
2939,Denno,38010,0461,022074,D273,http://www.comuni-italiani.it/022/074/,base.state_it_tn,base.it,4
2940,Dimaro,38025,0463,022075,D302,http://www.comuni-italiani.it/022/075/,base.state_it_tn,base.it,4
2941,Don,38011,0463,022076,D336,http://www.comuni-italiani.it/022/076/,base.state_it_tn,base.it,4
2942,Dorsino,38070,0465,022077,D349,http://www.comuni-italiani.it/022/077/,base.state_it_tn,base.it,4
2943,Drena,38074,0464,022078,D365,http://www.comuni-italiani.it/022/078/,base.state_it_tn,base.it,4
2944,Dro,38074,0464,022079,D371,http://www.comuni-italiani.it/022/079/,base.state_it_tn,base.it,4
2945,Faedo,38010,0461,022080,D457,http://www.comuni-italiani.it/022/080/,base.state_it_tn,base.it,4
2946,Fai della Paganella,38010,0461,022081,D468,http://www.comuni-italiani.it/022/081/,base.state_it_tn,base.it,4
2947,Faver,38030,0461,022082,D516,http://www.comuni-italiani.it/022/082/,base.state_it_tn,base.it,4
2948,Fiavè,38075,0465,022083,D565,http://www.comuni-italiani.it/022/083/,base.state_it_tn,base.it,4
2949,Fiera di Primiero,38054,0439,022084,D572,http://www.comuni-italiani.it/022/084/,base.state_it_tn,base.it,4
2950,Fierozzo,38050,0461,022085,D573,http://www.comuni-italiani.it/022/085/,base.state_it_tn,base.it,4
2951,Flavon,38010,0461,022086,D631,http://www.comuni-italiani.it/022/086/,base.state_it_tn,base.it,4
2952,Folgaria,38064,0464,022087,D651,http://www.comuni-italiani.it/022/087/,base.state_it_tn,base.it,4
2953,Fondo,38013,0463,022088,D663,http://www.comuni-italiani.it/022/088/,base.state_it_tn,base.it,4
2954,Fornace,38040,0461,022089,D714,http://www.comuni-italiani.it/022/089/,base.state_it_tn,base.it,4
2955,Frassilongo,38050,0461,022090,D775,http://www.comuni-italiani.it/022/090/,base.state_it_tn,base.it,4
2956,Garniga Terme,38060,0461,022091,D928,http://www.comuni-italiani.it/022/091/,base.state_it_tn,base.it,4
2957,Giovo,38030,0461,022092,E048,http://www.comuni-italiani.it/022/092/,base.state_it_tn,base.it,4
2958,Giustino,38086,0465,022093,E065,http://www.comuni-italiani.it/022/093/,base.state_it_tn,base.it,4
2959,Grauno,38030,0461,022094,E150,http://www.comuni-italiani.it/022/094/,base.state_it_tn,base.it,4
2960,Grigno,38055,0461,022095,E178,http://www.comuni-italiani.it/022/095/,base.state_it_tn,base.it,4
2961,Grumes,38030,0461,022096,E222,http://www.comuni-italiani.it/022/096/,base.state_it_tn,base.it,4
2962,Imer,38050,0439,022097,E288,http://www.comuni-italiani.it/022/097/,base.state_it_tn,base.it,4
2963,Isera,38060,0464,022098,E334,http://www.comuni-italiani.it/022/098/,base.state_it_tn,base.it,4
2964,Ivano-Fracena,38059,0461,022099,E378,http://www.comuni-italiani.it/022/099/,base.state_it_tn,base.it,4
2965,Lardaro,38087,0465,022100,E452,http://www.comuni-italiani.it/022/100/,base.state_it_tn,base.it,4
2966,Lasino,38076,0461,022101,E461,http://www.comuni-italiani.it/022/101/,base.state_it_tn,base.it,4
2967,Lavarone,38046,0464,022102,E492,http://www.comuni-italiani.it/022/102/,base.state_it_tn,base.it,4
2968,Lavis,38015,0461,022103,E500,http://www.comuni-italiani.it/022/103/,base.state_it_tn,base.it,4
2969,Levico Terme,38056,0461,022104,E565,http://www.comuni-italiani.it/022/104/,base.state_it_tn,base.it,4
2970,Lisignago,38030,0461,022105,E614,http://www.comuni-italiani.it/022/105/,base.state_it_tn,base.it,4
2971,Livo,38020,0463,022106,E624,http://www.comuni-italiani.it/022/106/,base.state_it_tn,base.it,4
2972,Lomaso (ora Comano Terme),38070,0465,022107,E658,http://www.comuni-italiani.it/022/107/,base.state_it_tn,base.it,9
2973,Lona-Lases,38040,0461,022108,E664,http://www.comuni-italiani.it/022/108/,base.state_it_tn,base.it,4
2974,Luserna,38040,0464,022109,E757,http://www.comuni-italiani.it/022/109/,base.state_it_tn,base.it,4
2975,Malè,38027,0463,022110,E850,http://www.comuni-italiani.it/022/110/,base.state_it_tn,base.it,4
2976,Malosco,38013,0463,022111,E866,http://www.comuni-italiani.it/022/111/,base.state_it_tn,base.it,4
2977,Massimeno,38086,0465,022112,F045,http://www.comuni-italiani.it/022/112/,base.state_it_tn,base.it,4
2978,Mazzin,38030,0462,022113,F068,http://www.comuni-italiani.it/022/113/,base.state_it_tn,base.it,4
2979,Mezzana,38020,0463,022114,F168,http://www.comuni-italiani.it/022/114/,base.state_it_tn,base.it,4
2980,Mezzano,38050,0439,022115,F176,http://www.comuni-italiani.it/022/115/,base.state_it_tn,base.it,4
2981,Mezzocorona,38016,0461,022116,F183,http://www.comuni-italiani.it/022/116/,base.state_it_tn,base.it,4
2982,Mezzolombardo,38017,0461,022117,F187,http://www.comuni-italiani.it/022/117/,base.state_it_tn,base.it,4
2983,Moena,38035,0462,022118,F263,http://www.comuni-italiani.it/022/118/,base.state_it_tn,base.it,4
2984,Molina di Ledro (ora Ledro),38060,0464,022119,F286,http://www.comuni-italiani.it/022/119/,base.state_it_tn,base.it,9
2985,Molveno,38018,0461,022120,F307,http://www.comuni-italiani.it/022/120/,base.state_it_tn,base.it,4
2986,Monclassico,38020,0463,022121,F341,http://www.comuni-italiani.it/022/121/,base.state_it_tn,base.it,4
2987,Montagne,38070,0465,022122,F396,http://www.comuni-italiani.it/022/122/,base.state_it_tn,base.it,4
2988,Mori,38065,0464,022123,F728,http://www.comuni-italiani.it/022/123/,base.state_it_tn,base.it,4
2989,Nago-Torbole,38069,0464,022124,F835,http://www.comuni-italiani.it/022/124/,base.state_it_tn,base.it,4
2990,Nanno,38010,0463,022125,F837,http://www.comuni-italiani.it/022/125/,base.state_it_tn,base.it,4
2991,Nave San Rocco,38010,0461,022126,F853,http://www.comuni-italiani.it/022/126/,base.state_it_tn,base.it,4
2992,Nogaredo,38060,0464,022127,F920,http://www.comuni-italiani.it/022/127/,base.state_it_tn,base.it,4
2993,Nomi,38060,0464,022128,F929,http://www.comuni-italiani.it/022/128/,base.state_it_tn,base.it,4
2994,Novaledo,38050,0461,022129,F947,http://www.comuni-italiani.it/022/129/,base.state_it_tn,base.it,4
2995,Ospedaletto,38050,0461,022130,G168,http://www.comuni-italiani.it/022/130/,base.state_it_tn,base.it,4
2996,Ossana,38026,0463,022131,G173,http://www.comuni-italiani.it/022/131/,base.state_it_tn,base.it,4
2997,Padergnone,38070,0461,022132,G214,http://www.comuni-italiani.it/022/132/,base.state_it_tn,base.it,4
2998,Palù del Fersina,38050,0461,022133,G296,http://www.comuni-italiani.it/022/133/,base.state_it_tn,base.it,4
2999,Panchià,38030,0462,022134,G305,http://www.comuni-italiani.it/022/134/,base.state_it_tn,base.it,4
3000,Ronzo-Chienis,38060,0464,022135,M303,http://www.comuni-italiani.it/022/135/,base.state_it_tn,base.it,4
3001,Peio,38024,0463,022136,G419,http://www.comuni-italiani.it/022/136/,base.state_it_tn,base.it,4
3002,Pellizzano,38020,0463,022137,G428,http://www.comuni-italiani.it/022/137/,base.state_it_tn,base.it,4
3003,Pelugo,38079,0465,022138,G429,http://www.comuni-italiani.it/022/138/,base.state_it_tn,base.it,4
3004,Pergine Valsugana,38057,0461,022139,G452,http://www.comuni-italiani.it/022/139/,base.state_it_tn,base.it,4
3005,Pieve di Bono,38085,0465,022140,G641,http://www.comuni-italiani.it/022/140/,base.state_it_tn,base.it,4
3006,Pieve di Ledro (ora Ledro),38060,0464,022141,G644,http://www.comuni-italiani.it/022/141/,base.state_it_tn,base.it,9
3007,Pieve Tesino,38050,0461,022142,G656,http://www.comuni-italiani.it/022/142/,base.state_it_tn,base.it,4
3008,Pinzolo,38086,0465,022143,G681,http://www.comuni-italiani.it/022/143/,base.state_it_tn,base.it,4
3009,Pomarolo,38060,0464,022144,G808,http://www.comuni-italiani.it/022/144/,base.state_it_tn,base.it,4
3010,Pozza di Fassa,38036,0462,022145,G950,http://www.comuni-italiani.it/022/145/,base.state_it_tn,base.it,4
3011,Praso,38080,0465,022146,G989,http://www.comuni-italiani.it/022/146/,base.state_it_tn,base.it,4
3012,Predazzo,38037,0462,022147,H018,http://www.comuni-italiani.it/022/147/,base.state_it_tn,base.it,4
3013,Preore,38070,0465,022148,H039,http://www.comuni-italiani.it/022/148/,base.state_it_tn,base.it,4
3014,Prezzo,38085,0465,022149,H057,http://www.comuni-italiani.it/022/149/,base.state_it_tn,base.it,4
3015,Rabbi,38020,0463,022150,H146,http://www.comuni-italiani.it/022/150/,base.state_it_tn,base.it,4
3016,Ragoli,38070,0465,022151,H162,http://www.comuni-italiani.it/022/151/,base.state_it_tn,base.it,4
3017,Revò,38028,0463,022152,H254,http://www.comuni-italiani.it/022/152/,base.state_it_tn,base.it,4
3018,Riva del Garda,38066,0464,022153,H330,http://www.comuni-italiani.it/022/153/,base.state_it_tn,base.it,4
3019,Romallo,38028,0463,022154,H506,http://www.comuni-italiani.it/022/154/,base.state_it_tn,base.it,4
3020,Romeno,38010,0463,022155,H517,http://www.comuni-italiani.it/022/155/,base.state_it_tn,base.it,4
3021,Roncegno Terme,38050,0461,022156,H528,http://www.comuni-italiani.it/022/156/,base.state_it_tn,base.it,4
3022,Ronchi Valsugana,38050,0461,022157,H532,http://www.comuni-italiani.it/022/157/,base.state_it_tn,base.it,4
3023,Roncone,38087,0465,022158,H545,http://www.comuni-italiani.it/022/158/,base.state_it_tn,base.it,4
3024,Ronzone,38010,0463,022159,H552,http://www.comuni-italiani.it/022/159/,base.state_it_tn,base.it,4
3025,Roverè della Luna,38030,0461,022160,H607,http://www.comuni-italiani.it/022/160/,base.state_it_tn,base.it,4
3026,Rovereto,38068,0464,022161,H612,http://www.comuni-italiani.it/022/161/,base.state_it_tn,base.it,4
3027,Ruffrè-Mendola,38010,0463,022162,H634,http://www.comuni-italiani.it/022/162/,base.state_it_tn,base.it,4
3028,Rumo,38020,0463,022163,H639,http://www.comuni-italiani.it/022/163/,base.state_it_tn,base.it,4
3029,Sagron Mis,38050,0439,022164,H666,http://www.comuni-italiani.it/022/164/,base.state_it_tn,base.it,4
3030,Samone,38059,0461,022165,H754,http://www.comuni-italiani.it/022/165/,base.state_it_tn,base.it,4
3031,San Lorenzo in Banale,38078,0465,022166,H966,http://www.comuni-italiani.it/022/166/,base.state_it_tn,base.it,4
3032,San Michele all'Adige,38010,0461,022167,I042,http://www.comuni-italiani.it/022/167/,base.state_it_tn,base.it,4
3033,Sant'Orsola Terme,38050,0461,022168,I354,http://www.comuni-italiani.it/022/168/,base.state_it_tn,base.it,4
3034,Sanzeno,38010,0463,022169,I411,http://www.comuni-italiani.it/022/169/,base.state_it_tn,base.it,4
3035,Sarnonico,38011,0463,022170,I439,http://www.comuni-italiani.it/022/170/,base.state_it_tn,base.it,4
3036,Scurelle,38050,0461,022171,I554,http://www.comuni-italiani.it/022/171/,base.state_it_tn,base.it,4
3037,Segonzano,38047,0461,022172,I576,http://www.comuni-italiani.it/022/172/,base.state_it_tn,base.it,4
3038,Sfruz,38010,0463,022173,I714,http://www.comuni-italiani.it/022/173/,base.state_it_tn,base.it,4
3039,Siror,38054,0439,022174,I760,http://www.comuni-italiani.it/022/174/,base.state_it_tn,base.it,4
3040,Smarano,38010,0463,022175,I772,http://www.comuni-italiani.it/022/175/,base.state_it_tn,base.it,4
3041,Soraga,38030,0462,022176,I839,http://www.comuni-italiani.it/022/176/,base.state_it_tn,base.it,4
3042,Sover,38048,0461,022177,I871,http://www.comuni-italiani.it/022/177/,base.state_it_tn,base.it,4
3043,Spera,38059,0461,022178,I889,http://www.comuni-italiani.it/022/178/,base.state_it_tn,base.it,4
3044,Spiazzo,38088,0465,022179,I899,http://www.comuni-italiani.it/022/179/,base.state_it_tn,base.it,4
3045,Spormaggiore,38010,0461,022180,I924,http://www.comuni-italiani.it/022/180/,base.state_it_tn,base.it,4
3046,Sporminore,38010,0461,022181,I925,http://www.comuni-italiani.it/022/181/,base.state_it_tn,base.it,4
3047,Stenico,38070,0465,022182,I949,http://www.comuni-italiani.it/022/182/,base.state_it_tn,base.it,4
3048,Storo,38089,0465,022183,I964,http://www.comuni-italiani.it/022/183/,base.state_it_tn,base.it,4
3049,Strembo,38080,0465,022184,I975,http://www.comuni-italiani.it/022/184/,base.state_it_tn,base.it,4
3050,Strigno,38059,0461,022185,I979,http://www.comuni-italiani.it/022/185/,base.state_it_tn,base.it,4
3051,Taio,38012,0463,022186,L033,http://www.comuni-italiani.it/022/186/,base.state_it_tn,base.it,4
3052,Tassullo,38010,0463,022187,L060,http://www.comuni-italiani.it/022/187/,base.state_it_tn,base.it,4
3053,Telve,38050,0461,022188,L089,http://www.comuni-italiani.it/022/188/,base.state_it_tn,base.it,4
3054,Telve di Sopra,38050,0461,022189,L090,http://www.comuni-italiani.it/022/189/,base.state_it_tn,base.it,4
3055,Tenna,38050,0461,022190,L096,http://www.comuni-italiani.it/022/190/,base.state_it_tn,base.it,4
3056,Tenno,38060,0464,022191,L097,http://www.comuni-italiani.it/022/191/,base.state_it_tn,base.it,4
3057,Terlago,38070,0461,022192,L107,http://www.comuni-italiani.it/022/192/,base.state_it_tn,base.it,4
3058,Terragnolo,38060,0464,022193,L121,http://www.comuni-italiani.it/022/193/,base.state_it_tn,base.it,4
3059,Terres,38010,0461,022194,L137,http://www.comuni-italiani.it/022/194/,base.state_it_tn,base.it,4
3060,Terzolas,38027,0463,022195,L145,http://www.comuni-italiani.it/022/195/,base.state_it_tn,base.it,4
3061,Tesero,38038,0462,022196,L147,http://www.comuni-italiani.it/022/196/,base.state_it_tn,base.it,4
3062,Tiarno di Sopra (ora Ledro),38060,0464,022197,L162,http://www.comuni-italiani.it/022/197/,base.state_it_tn,base.it,9
3063,Tiarno di Sotto (ora Ledro),38060,0464,022198,L163,http://www.comuni-italiani.it/022/198/,base.state_it_tn,base.it,9
3064,Tione di Trento,38079,0465,022199,L174,http://www.comuni-italiani.it/022/199/,base.state_it_tn,base.it,4
3065,Ton,38010,0461,022200,L200,http://www.comuni-italiani.it/022/200/,base.state_it_tn,base.it,4
3066,Tonadico,38054,0439,022201,L201,http://www.comuni-italiani.it/022/201/,base.state_it_tn,base.it,4
3067,Torcegno,38050,0461,022202,L211,http://www.comuni-italiani.it/022/202/,base.state_it_tn,base.it,4
3068,Trambileno,38068,0464,022203,L322,http://www.comuni-italiani.it/022/203/,base.state_it_tn,base.it,4
3069,Transacqua,38054,0439,022204,L329,http://www.comuni-italiani.it/022/204/,base.state_it_tn,base.it,4
3070,Trento,3812%,0461,022205,L378,http://www.comuni-italiani.it/022/205/,base.state_it_tn,base.it,4
3071,Tres,38010,0463,022206,L385,http://www.comuni-italiani.it/022/206/,base.state_it_tn,base.it,4
3072,Tuenno,38019,0463,022207,L457,http://www.comuni-italiani.it/022/207/,base.state_it_tn,base.it,4
3073,Valda,38030,0461,022208,L550,http://www.comuni-italiani.it/022/208/,base.state_it_tn,base.it,4
3074,Valfloriana,38040,0462,022209,L575,http://www.comuni-italiani.it/022/209/,base.state_it_tn,base.it,4
3075,Vallarsa,38060,0464,022210,L588,http://www.comuni-italiani.it/022/210/,base.state_it_tn,base.it,4
3076,Varena,38030,0462,022211,L678,http://www.comuni-italiani.it/022/211/,base.state_it_tn,base.it,4
3077,Vattaro,38049,0461,022212,L697,http://www.comuni-italiani.it/022/212/,base.state_it_tn,base.it,4
3078,Vermiglio,38029,0463,022213,L769,http://www.comuni-italiani.it/022/213/,base.state_it_tn,base.it,4
3079,Vervò,38010,0463,022214,L800,http://www.comuni-italiani.it/022/214/,base.state_it_tn,base.it,4
3080,Vezzano,38070,0461,022215,L821,http://www.comuni-italiani.it/022/215/,base.state_it_tn,base.it,4
3081,Vignola-Falesina,38057,0461,022216,L886,http://www.comuni-italiani.it/022/216/,base.state_it_tn,base.it,4
3082,Vigo di Fassa,38039,0462,022217,L893,http://www.comuni-italiani.it/022/217/,base.state_it_tn,base.it,4
3083,Vigolo Vattaro,38049,0461,022219,L896,http://www.comuni-italiani.it/022/219/,base.state_it_tn,base.it,4
3084,Vigo Rendena,38080,0465,022220,L903,http://www.comuni-italiani.it/022/220/,base.state_it_tn,base.it,4
3085,Villa Agnedo,38059,0461,022221,L910,http://www.comuni-italiani.it/022/221/,base.state_it_tn,base.it,4
3086,Villa Lagarina,38060,0464,022222,L957,http://www.comuni-italiani.it/022/222/,base.state_it_tn,base.it,4
3087,Villa Rendena,38080,0465,022223,M006,http://www.comuni-italiani.it/022/223/,base.state_it_tn,base.it,4
3088,Volano,38060,0464,022224,M113,http://www.comuni-italiani.it/022/224/,base.state_it_tn,base.it,4
3089,Zambana,38010,0461,022225,M142,http://www.comuni-italiani.it/022/225/,base.state_it_tn,base.it,4
3090,Ziano di Fiemme,38030,0462,022226,M173,http://www.comuni-italiani.it/022/226/,base.state_it_tn,base.it,4
3091,Zuclo,38079,0465,022227,M198,http://www.comuni-italiani.it/022/227/,base.state_it_tn,base.it,4
8116,Comano Terme,38077,0465,022228,M314,http://www.comuni-italiani.it/022/228/,base.state_it_tn,base.it,4
8104,Ledro,38067,0464,022229,M313,http://www.comuni-italiani.it/022/229/,base.state_it_tn,base.it,4
3092,Affi,37010,045,023001,A061,http://www.comuni-italiani.it/023/001/,base.state_it_vr,base.it,4
3093,Albaredo d'Adige,37041,045,023002,A137,http://www.comuni-italiani.it/023/002/,base.state_it_vr,base.it,4
3094,Angiari,37050,0442,023003,A292,http://www.comuni-italiani.it/023/003/,base.state_it_vr,base.it,4
3095,Arcole,37040,045,023004,A374,http://www.comuni-italiani.it/023/004/,base.state_it_vr,base.it,4
3096,Badia Calavena,37030,045,023005,A540,http://www.comuni-italiani.it/023/005/,base.state_it_vr,base.it,4
3097,Bardolino,37011,045,023006,A650,http://www.comuni-italiani.it/023/006/,base.state_it_vr,base.it,4
3098,Belfiore,37050,045,023007,A737,http://www.comuni-italiani.it/023/007/,base.state_it_vr,base.it,4
3099,Bevilacqua,37040,0442,023008,A837,http://www.comuni-italiani.it/023/008/,base.state_it_vr,base.it,4
3100,Bonavigo,37040,0442,023009,A964,http://www.comuni-italiani.it/023/009/,base.state_it_vr,base.it,4
3101,Boschi Sant'Anna,37040,0442,023010,B070,http://www.comuni-italiani.it/023/010/,base.state_it_vr,base.it,4
3102,Bosco Chiesanuova,37021,045,023011,B073,http://www.comuni-italiani.it/023/011/,base.state_it_vr,base.it,4
3103,Bovolone,37051,045,023012,B107,http://www.comuni-italiani.it/023/012/,base.state_it_vr,base.it,4
3104,Brentino Belluno,37020,045,023013,B152,http://www.comuni-italiani.it/023/013/,base.state_it_vr,base.it,4
3105,Brenzone,37010,045,023014,B154,http://www.comuni-italiani.it/023/014/,base.state_it_vr,base.it,4
3106,Bussolengo,37012,045,023015,B296,http://www.comuni-italiani.it/023/015/,base.state_it_vr,base.it,4
3107,Buttapietra,37060,045,023016,B304,http://www.comuni-italiani.it/023/016/,base.state_it_vr,base.it,4
3108,Caldiero,37042,045,023017,B402,http://www.comuni-italiani.it/023/017/,base.state_it_vr,base.it,4
3109,Caprino Veronese,37013,045,023018,B709,http://www.comuni-italiani.it/023/018/,base.state_it_vr,base.it,4
3110,Casaleone,37052,0442,023019,B886,http://www.comuni-italiani.it/023/019/,base.state_it_vr,base.it,4
3111,Castagnaro,37043,0442,023020,C041,http://www.comuni-italiani.it/023/020/,base.state_it_vr,base.it,4
3112,Castel d'Azzano,37060,045,023021,C078,http://www.comuni-italiani.it/023/021/,base.state_it_vr,base.it,4
3113,Castelnuovo del Garda,37014,045,023022,C225,http://www.comuni-italiani.it/023/022/,base.state_it_vr,base.it,4
3114,Cavaion Veronese,37010,045,023023,C370,http://www.comuni-italiani.it/023/023/,base.state_it_vr,base.it,4
3115,Cazzano di Tramigna,37030,045,023024,C412,http://www.comuni-italiani.it/023/024/,base.state_it_vr,base.it,4
3116,Cerea,37053,0442,023025,C498,http://www.comuni-italiani.it/023/025/,base.state_it_vr,base.it,4
3117,Cerro Veronese,37020,045,023026,C538,http://www.comuni-italiani.it/023/026/,base.state_it_vr,base.it,4
3118,Cologna Veneta,37044,0442,023027,C890,http://www.comuni-italiani.it/023/027/,base.state_it_vr,base.it,4
3119,Colognola ai Colli,37030,045,023028,C897,http://www.comuni-italiani.it/023/028/,base.state_it_vr,base.it,4
3120,Concamarise,37050,0442,023029,C943,http://www.comuni-italiani.it/023/029/,base.state_it_vr,base.it,4
3121,Costermano,37010,045,023030,D118,http://www.comuni-italiani.it/023/030/,base.state_it_vr,base.it,4
3122,Dolcè,37020,045,023031,D317,http://www.comuni-italiani.it/023/031/,base.state_it_vr,base.it,4
3123,Erbè,37060,045,023032,D419,http://www.comuni-italiani.it/023/032/,base.state_it_vr,base.it,4
3124,Erbezzo,37020,045,023033,D420,http://www.comuni-italiani.it/023/033/,base.state_it_vr,base.it,4
3125,Ferrara di Monte Baldo,37020,045,023034,D549,http://www.comuni-italiani.it/023/034/,base.state_it_vr,base.it,4
3126,Fumane,37022,045,023035,D818,http://www.comuni-italiani.it/023/035/,base.state_it_vr,base.it,4
3127,Garda,37016,045,023036,D915,http://www.comuni-italiani.it/023/036/,base.state_it_vr,base.it,4
3128,Gazzo Veronese,37060,0442,023037,D957,http://www.comuni-italiani.it/023/037/,base.state_it_vr,base.it,4
3129,Grezzana,37023,045,023038,E171,http://www.comuni-italiani.it/023/038/,base.state_it_vr,base.it,4
3130,Illasi,37031,045,023039,E284,http://www.comuni-italiani.it/023/039/,base.state_it_vr,base.it,4
3131,Isola della Scala,37063,045,023040,E349,http://www.comuni-italiani.it/023/040/,base.state_it_vr,base.it,4
3132,Isola Rizza,37050,045,023041,E358,http://www.comuni-italiani.it/023/041/,base.state_it_vr,base.it,4
3133,Lavagno,37030,045,023042,E489,http://www.comuni-italiani.it/023/042/,base.state_it_vr,base.it,4
3134,Lazise,37017,045,023043,E502,http://www.comuni-italiani.it/023/043/,base.state_it_vr,base.it,4
3135,Legnago,37045,0442,023044,E512,http://www.comuni-italiani.it/023/044/,base.state_it_vr,base.it,4
3136,Malcesine,37018,045,023045,E848,http://www.comuni-italiani.it/023/045/,base.state_it_vr,base.it,4
3137,Marano di Valpolicella,37020,045,023046,E911,http://www.comuni-italiani.it/023/046/,base.state_it_vr,base.it,4
3138,Mezzane di Sotto,37030,045,023047,F172,http://www.comuni-italiani.it/023/047/,base.state_it_vr,base.it,4
3139,Minerbe,37046,0442,023048,F218,http://www.comuni-italiani.it/023/048/,base.state_it_vr,base.it,4
3140,Montecchia di Crosara,37030,045,023049,F461,http://www.comuni-italiani.it/023/049/,base.state_it_vr,base.it,4
3141,Monteforte d'Alpone,37032,045,023050,F508,http://www.comuni-italiani.it/023/050/,base.state_it_vr,base.it,4
3142,Mozzecane,37060,045,023051,F789,http://www.comuni-italiani.it/023/051/,base.state_it_vr,base.it,4
3143,Negrar,37024,045,023052,F861,http://www.comuni-italiani.it/023/052/,base.state_it_vr,base.it,4
3144,Nogara,37054,0442,023053,F918,http://www.comuni-italiani.it/023/053/,base.state_it_vr,base.it,4
3145,Nogarole Rocca,37060,045,023054,F921,http://www.comuni-italiani.it/023/054/,base.state_it_vr,base.it,4
3146,Oppeano,37050,045,023055,G080,http://www.comuni-italiani.it/023/055/,base.state_it_vr,base.it,4
3147,Palù,37050,045,023056,G297,http://www.comuni-italiani.it/023/056/,base.state_it_vr,base.it,4
3148,Pastrengo,37010,045,023057,G365,http://www.comuni-italiani.it/023/057/,base.state_it_vr,base.it,4
3149,Pescantina,37026,045,023058,G481,http://www.comuni-italiani.it/023/058/,base.state_it_vr,base.it,4
3150,Peschiera del Garda,37019,045,023059,G489,http://www.comuni-italiani.it/023/059/,base.state_it_vr,base.it,4
3151,Povegliano Veronese,37064,045,023060,G945,http://www.comuni-italiani.it/023/060/,base.state_it_vr,base.it,4
3152,Pressana,37040,0442,023061,H048,http://www.comuni-italiani.it/023/061/,base.state_it_vr,base.it,4
3153,Rivoli Veronese,37010,045,023062,H356,http://www.comuni-italiani.it/023/062/,base.state_it_vr,base.it,4
3154,Roncà,37030,045,023063,H522,http://www.comuni-italiani.it/023/063/,base.state_it_vr,base.it,4
3155,Ronco all'Adige,37055,045,023064,H540,http://www.comuni-italiani.it/023/064/,base.state_it_vr,base.it,4
3156,Roverchiara,37050,0442,023065,H606,http://www.comuni-italiani.it/023/065/,base.state_it_vr,base.it,4
3157,Roveredo di Guà,37040,0442,023066,H610,http://www.comuni-italiani.it/023/066/,base.state_it_vr,base.it,4
3158,Roverè Veronese,37028,045,023067,H608,http://www.comuni-italiani.it/023/067/,base.state_it_vr,base.it,4
3159,Salizzole,37056,045,023068,H714,http://www.comuni-italiani.it/023/068/,base.state_it_vr,base.it,4
3160,San Bonifacio,37047,045,023069,H783,http://www.comuni-italiani.it/023/069/,base.state_it_vr,base.it,4
3161,San Giovanni Ilarione,37035,045,023070,H916,http://www.comuni-italiani.it/023/070/,base.state_it_vr,base.it,4
3162,San Giovanni Lupatoto,37057,045,023071,H924,http://www.comuni-italiani.it/023/071/,base.state_it_vr,base.it,4
3163,Sanguinetto,37058,0442,023072,H944,http://www.comuni-italiani.it/023/072/,base.state_it_vr,base.it,4
3164,San Martino Buon Albergo,37036,045,023073,I003,http://www.comuni-italiani.it/023/073/,base.state_it_vr,base.it,4
3165,San Mauro di Saline,37030,045,023074,H712,http://www.comuni-italiani.it/023/074/,base.state_it_vr,base.it,4
3166,San Pietro di Morubio,37050,045,023075,I105,http://www.comuni-italiani.it/023/075/,base.state_it_vr,base.it,4
3167,San Pietro in Cariano,37029,045,023076,I109,http://www.comuni-italiani.it/023/076/,base.state_it_vr,base.it,4
3168,Sant'Ambrogio di Valpolicella,37015,045,023077,I259,http://www.comuni-italiani.it/023/077/,base.state_it_vr,base.it,4
3169,Sant'Anna d'Alfaedo,37020,045,023078,I292,http://www.comuni-italiani.it/023/078/,base.state_it_vr,base.it,4
3170,San Zeno di Montagna,37010,045,023079,I414,http://www.comuni-italiani.it/023/079/,base.state_it_vr,base.it,4
3171,Selva di Progno,37030,045,023080,I594,http://www.comuni-italiani.it/023/080/,base.state_it_vr,base.it,4
3172,Soave,37038,045,023081,I775,http://www.comuni-italiani.it/023/081/,base.state_it_vr,base.it,4
3173,Sommacampagna,37066,045,023082,I821,http://www.comuni-italiani.it/023/082/,base.state_it_vr,base.it,4
3174,Sona,37060,045,023083,I826,http://www.comuni-italiani.it/023/083/,base.state_it_vr,base.it,4
3175,Sorgà,37060,045,023084,I850,http://www.comuni-italiani.it/023/084/,base.state_it_vr,base.it,4
3176,Terrazzo,37040,0442,023085,L136,http://www.comuni-italiani.it/023/085/,base.state_it_vr,base.it,4
3177,Torri del Benaco,37010,045,023086,L287,http://www.comuni-italiani.it/023/086/,base.state_it_vr,base.it,4
3178,Tregnago,37039,045,023087,L364,http://www.comuni-italiani.it/023/087/,base.state_it_vr,base.it,4
3179,Trevenzuolo,37060,045,023088,L396,http://www.comuni-italiani.it/023/088/,base.state_it_vr,base.it,4
3180,Valeggio sul Mincio,37067,045,023089,L567,http://www.comuni-italiani.it/023/089/,base.state_it_vr,base.it,4
3181,Velo Veronese,37030,045,023090,L722,http://www.comuni-italiani.it/023/090/,base.state_it_vr,base.it,4
3182,Verona,371%%,045,023091,L781,http://www.comuni-italiani.it/023/091/,base.state_it_vr,base.it,4
3183,Veronella,37040,0442,023092,D193,http://www.comuni-italiani.it/023/092/,base.state_it_vr,base.it,4
3184,Vestenanova,37030,045,023093,L810,http://www.comuni-italiani.it/023/093/,base.state_it_vr,base.it,4
3185,Vigasio,37068,045,023094,L869,http://www.comuni-italiani.it/023/094/,base.state_it_vr,base.it,4
3186,Villa Bartolomea,37049,0442,023095,L912,http://www.comuni-italiani.it/023/095/,base.state_it_vr,base.it,4
3187,Villafranca di Verona,37069,045,023096,L949,http://www.comuni-italiani.it/023/096/,base.state_it_vr,base.it,4
3188,Zevio,37059,045,023097,M172,http://www.comuni-italiani.it/023/097/,base.state_it_vr,base.it,4
3189,Zimella,37040,0442,023098,M178,http://www.comuni-italiani.it/023/098/,base.state_it_vr,base.it,4
3190,Agugliaro,36020,0444,024001,A093,http://www.comuni-italiani.it/024/001/,base.state_it_vi,base.it,4
3191,Albettone,36020,0444,024002,A154,http://www.comuni-italiani.it/024/002/,base.state_it_vi,base.it,4
3192,Alonte,36045,0444,024003,A220,http://www.comuni-italiani.it/024/003/,base.state_it_vi,base.it,4
3193,Altavilla Vicentina,36077,0444,024004,A231,http://www.comuni-italiani.it/024/004/,base.state_it_vi,base.it,4
3194,Altissimo,36070,0444,024005,A236,http://www.comuni-italiani.it/024/005/,base.state_it_vi,base.it,4
3195,Arcugnano,36057,0444,024006,A377,http://www.comuni-italiani.it/024/006/,base.state_it_vi,base.it,4
3196,Arsiero,36011,0445,024007,A444,http://www.comuni-italiani.it/024/007/,base.state_it_vi,base.it,4
3197,Arzignano,36071,0444,024008,A459,http://www.comuni-italiani.it/024/008/,base.state_it_vi,base.it,4
3198,Asiago,36012,0424,024009,A465,http://www.comuni-italiani.it/024/009/,base.state_it_vi,base.it,4
3199,Asigliano Veneto,36020,0444,024010,A467,http://www.comuni-italiani.it/024/010/,base.state_it_vi,base.it,4
3200,Barbarano Vicentino,36021,0444,024011,A627,http://www.comuni-italiani.it/024/011/,base.state_it_vi,base.it,4
3201,Bassano del Grappa,36061,0424,024012,A703,http://www.comuni-italiani.it/024/012/,base.state_it_vi,base.it,4
3202,Bolzano Vicentino,36050,0444,024013,A954,http://www.comuni-italiani.it/024/013/,base.state_it_vi,base.it,4
3203,Breganze,36042,0445,024014,B132,http://www.comuni-italiani.it/024/014/,base.state_it_vi,base.it,4
3204,Brendola,36040,0444,024015,B143,http://www.comuni-italiani.it/024/015/,base.state_it_vi,base.it,4
3205,Bressanvido,36050,0444,024016,B161,http://www.comuni-italiani.it/024/016/,base.state_it_vi,base.it,4
3206,Brogliano,36070,0445,024017,B196,http://www.comuni-italiani.it/024/017/,base.state_it_vi,base.it,4
3207,Caldogno,36030,0444,024018,B403,http://www.comuni-italiani.it/024/018/,base.state_it_vi,base.it,4
3208,Caltrano,36030,0445,024019,B433,http://www.comuni-italiani.it/024/019/,base.state_it_vi,base.it,4
3209,Calvene,36030,0445,024020,B441,http://www.comuni-italiani.it/024/020/,base.state_it_vi,base.it,4
3210,Camisano Vicentino,36043,0444,024021,B485,http://www.comuni-italiani.it/024/021/,base.state_it_vi,base.it,4
3211,Campiglia dei Berici,36020,0444,024022,B511,http://www.comuni-italiani.it/024/022/,base.state_it_vi,base.it,4
3477,Campolongo sul Brenta,36020,0424,024023,B547,http://www.comuni-italiani.it/024/023/,base.state_it_vi,base.it,4
3213,Carrè,36010,0445,024024,B835,http://www.comuni-italiani.it/024/024/,base.state_it_vi,base.it,4
3214,Cartigliano,36050,0424,024025,B844,http://www.comuni-italiani.it/024/025/,base.state_it_vi,base.it,4
3215,Cassola,36022,0424,024026,C037,http://www.comuni-italiani.it/024/026/,base.state_it_vi,base.it,4
3216,Castegnero,36020,0444,024027,C056,http://www.comuni-italiani.it/024/027/,base.state_it_vi,base.it,4
3217,Castelgomberto,36070,0445,024028,C119,http://www.comuni-italiani.it/024/028/,base.state_it_vi,base.it,4
3218,Chiampo,36072,0444,024029,C605,http://www.comuni-italiani.it/024/029/,base.state_it_vi,base.it,4
3219,Chiuppano,36010,0445,024030,C650,http://www.comuni-italiani.it/024/030/,base.state_it_vi,base.it,4
3220,Cismon del Grappa,36020,0424,024031,C734,http://www.comuni-italiani.it/024/031/,base.state_it_vi,base.it,4
3221,Cogollo del Cengio,36010,0445,024032,C824,http://www.comuni-italiani.it/024/032/,base.state_it_vi,base.it,4
3222,Conco,36062,0424,024033,C949,http://www.comuni-italiani.it/024/033/,base.state_it_vi,base.it,4
3223,Cornedo Vicentino,36073,0445,024034,D020,http://www.comuni-italiani.it/024/034/,base.state_it_vi,base.it,4
3224,Costabissara,36030,0444,024035,D107,http://www.comuni-italiani.it/024/035/,base.state_it_vi,base.it,4
3225,Creazzo,36051,0444,024036,D136,http://www.comuni-italiani.it/024/036/,base.state_it_vi,base.it,4
3226,Crespadoro,36070,0444,024037,D156,http://www.comuni-italiani.it/024/037/,base.state_it_vi,base.it,4
3227,Dueville,36031,0444,024038,D379,http://www.comuni-italiani.it/024/038/,base.state_it_vi,base.it,4
3228,Enego,36052,0424,024039,D407,http://www.comuni-italiani.it/024/039/,base.state_it_vi,base.it,4
3229,Fara Vicentino,36030,0445,024040,D496,http://www.comuni-italiani.it/024/040/,base.state_it_vi,base.it,4
3230,Foza,36010,0424,024041,D750,http://www.comuni-italiani.it/024/041/,base.state_it_vi,base.it,4
3231,Gallio,36032,0424,024042,D882,http://www.comuni-italiani.it/024/042/,base.state_it_vi,base.it,4
3232,Gambellara,36053,0444,024043,D897,http://www.comuni-italiani.it/024/043/,base.state_it_vi,base.it,4
3233,Gambugliano,36050,0444,024044,D902,http://www.comuni-italiani.it/024/044/,base.state_it_vi,base.it,4
3234,Grancona,36040,0444,024045,E138,http://www.comuni-italiani.it/024/045/,base.state_it_vi,base.it,4
3235,Grisignano di Zocco,36040,0444,024046,E184,http://www.comuni-italiani.it/024/046/,base.state_it_vi,base.it,4
3236,Grumolo delle Abbadesse,36040,0444,024047,E226,http://www.comuni-italiani.it/024/047/,base.state_it_vi,base.it,4
3237,Isola Vicentina,36033,0444,024048,E354,http://www.comuni-italiani.it/024/048/,base.state_it_vi,base.it,4
3238,Laghi,36010,0445,024049,E403,http://www.comuni-italiani.it/024/049/,base.state_it_vi,base.it,4
3239,Lastebasse,36040,0445,024050,E465,http://www.comuni-italiani.it/024/050/,base.state_it_vi,base.it,4
3240,Longare,36023,0444,024051,E671,http://www.comuni-italiani.it/024/051/,base.state_it_vi,base.it,4
3241,Lonigo,36045,0444,024052,E682,http://www.comuni-italiani.it/024/052/,base.state_it_vi,base.it,4
3242,Lugo di Vicenza,36030,0445,024053,E731,http://www.comuni-italiani.it/024/053/,base.state_it_vi,base.it,4
3243,Lusiana,36046,0424,024054,E762,http://www.comuni-italiani.it/024/054/,base.state_it_vi,base.it,4
3244,Malo,36034,0445,024055,E864,http://www.comuni-italiani.it/024/055/,base.state_it_vi,base.it,4
3245,Marano Vicentino,36035,0445,024056,E912,http://www.comuni-italiani.it/024/056/,base.state_it_vi,base.it,4
3246,Marostica,36063,0424,024057,E970,http://www.comuni-italiani.it/024/057/,base.state_it_vi,base.it,4
3247,Mason Vicentino,36064,0424,024058,F019,http://www.comuni-italiani.it/024/058/,base.state_it_vi,base.it,4
3248,Molvena,36060,0424,024059,F306,http://www.comuni-italiani.it/024/059/,base.state_it_vi,base.it,4
3249,Montebello Vicentino,36054,0444,024060,F442,http://www.comuni-italiani.it/024/060/,base.state_it_vi,base.it,4
3250,Montecchio Maggiore,36075,0444,024061,F464,http://www.comuni-italiani.it/024/061/,base.state_it_vi,base.it,4
3251,Montecchio Precalcino,36030,0445,024062,F465,http://www.comuni-italiani.it/024/062/,base.state_it_vi,base.it,4
3252,Monte di Malo,36030,0445,024063,F486,http://www.comuni-italiani.it/024/063/,base.state_it_vi,base.it,4
3253,Montegalda,36047,0444,024064,F514,http://www.comuni-italiani.it/024/064/,base.state_it_vi,base.it,4
3254,Montegaldella,36047,0444,024065,F515,http://www.comuni-italiani.it/024/065/,base.state_it_vi,base.it,4
3255,Monteviale,36050,0444,024066,F662,http://www.comuni-italiani.it/024/066/,base.state_it_vi,base.it,4
3256,Monticello Conte Otto,36010,0444,024067,F675,http://www.comuni-italiani.it/024/067/,base.state_it_vi,base.it,4
3257,Montorso Vicentino,36050,0444,024068,F696,http://www.comuni-italiani.it/024/068/,base.state_it_vi,base.it,4
3258,Mossano,36024,0444,024069,F768,http://www.comuni-italiani.it/024/069/,base.state_it_vi,base.it,4
3259,Mussolente,36065,0424,024070,F829,http://www.comuni-italiani.it/024/070/,base.state_it_vi,base.it,4
3260,Nanto,36024,0444,024071,F838,http://www.comuni-italiani.it/024/071/,base.state_it_vi,base.it,4
3261,Nogarole Vicentino,36070,0444,024072,F922,http://www.comuni-italiani.it/024/072/,base.state_it_vi,base.it,4
3262,Nove,36055,0424,024073,F957,http://www.comuni-italiani.it/024/073/,base.state_it_vi,base.it,4
3263,Noventa Vicentina,36025,0444,024074,F964,http://www.comuni-italiani.it/024/074/,base.state_it_vi,base.it,4
3264,Orgiano,36040,0444,024075,G095,http://www.comuni-italiani.it/024/075/,base.state_it_vi,base.it,4
3265,Pedemonte,36040,0445,024076,G406,http://www.comuni-italiani.it/024/076/,base.state_it_vi,base.it,4
3266,Pianezze,36060,0424,024077,G560,http://www.comuni-italiani.it/024/077/,base.state_it_vi,base.it,4
3267,Piovene Rocchette,36013,0445,024078,G694,http://www.comuni-italiani.it/024/078/,base.state_it_vi,base.it,4
3268,Pojana Maggiore,36026,0444,024079,G776,http://www.comuni-italiani.it/024/079/,base.state_it_vi,base.it,4
3269,Posina,36010,0445,024080,G931,http://www.comuni-italiani.it/024/080/,base.state_it_vi,base.it,4
3270,Pove del Grappa,36020,0424,024081,G943,http://www.comuni-italiani.it/024/081/,base.state_it_vi,base.it,4
3271,Pozzoleone,36050,0444,024082,G957,http://www.comuni-italiani.it/024/082/,base.state_it_vi,base.it,4
3272,Quinto Vicentino,36050,0444,024083,H134,http://www.comuni-italiani.it/024/083/,base.state_it_vi,base.it,4
3273,Recoaro Terme,36076,0445,024084,H214,http://www.comuni-italiani.it/024/084/,base.state_it_vi,base.it,4
3274,Roana,36010,0424,024085,H361,http://www.comuni-italiani.it/024/085/,base.state_it_vi,base.it,4
3275,Romano d'Ezzelino,36060,0424,024086,H512,http://www.comuni-italiani.it/024/086/,base.state_it_vi,base.it,4
3276,Rosà,36027,0424,024087,H556,http://www.comuni-italiani.it/024/087/,base.state_it_vi,base.it,4
3277,Rossano Veneto,36028,0424,024088,H580,http://www.comuni-italiani.it/024/088/,base.state_it_vi,base.it,4
3278,Rotzo,36010,0424,024089,H594,http://www.comuni-italiani.it/024/089/,base.state_it_vi,base.it,4
3279,Salcedo,36040,0445,024090,F810,http://www.comuni-italiani.it/024/090/,base.state_it_vi,base.it,4
3280,Sandrigo,36066,0444,024091,H829,http://www.comuni-italiani.it/024/091/,base.state_it_vi,base.it,4
3281,San Germano dei Berici,36040,0444,024092,H863,http://www.comuni-italiani.it/024/092/,base.state_it_vi,base.it,4
3282,San Nazario,36020,0424,024093,I047,http://www.comuni-italiani.it/024/093/,base.state_it_vi,base.it,4
3283,San Pietro Mussolino,36070,0444,024094,I117,http://www.comuni-italiani.it/024/094/,base.state_it_vi,base.it,4
3284,Santorso,36014,0445,024095,I353,http://www.comuni-italiani.it/024/095/,base.state_it_vi,base.it,4
3285,San Vito di Leguzzano,36030,0445,024096,I401,http://www.comuni-italiani.it/024/096/,base.state_it_vi,base.it,4
3286,Sarcedo,36030,0445,024097,I425,http://www.comuni-italiani.it/024/097/,base.state_it_vi,base.it,4
3287,Sarego,36040,0444,024098,I430,http://www.comuni-italiani.it/024/098/,base.state_it_vi,base.it,4
3288,Schiavon,36060,0444,024099,I527,http://www.comuni-italiani.it/024/099/,base.state_it_vi,base.it,4
3289,Schio,36015,0445,024100,I531,http://www.comuni-italiani.it/024/100/,base.state_it_vi,base.it,4
3290,Solagna,36020,0424,024101,I783,http://www.comuni-italiani.it/024/101/,base.state_it_vi,base.it,4
3291,Sossano,36040,0444,024102,I867,http://www.comuni-italiani.it/024/102/,base.state_it_vi,base.it,4
3292,Sovizzo,36050,0444,024103,I879,http://www.comuni-italiani.it/024/103/,base.state_it_vi,base.it,4
3293,Tezze sul Brenta,36056,0424,024104,L156,http://www.comuni-italiani.it/024/104/,base.state_it_vi,base.it,4
3294,Thiene,36016,0445,024105,L157,http://www.comuni-italiani.it/024/105/,base.state_it_vi,base.it,4
3295,Tonezza del Cimone,36040,0445,024106,D717,http://www.comuni-italiani.it/024/106/,base.state_it_vi,base.it,4
3296,Torrebelvicino,36036,0445,024107,L248,http://www.comuni-italiani.it/024/107/,base.state_it_vi,base.it,4
3297,Torri di Quartesolo,36040,0444,024108,L297,http://www.comuni-italiani.it/024/108/,base.state_it_vi,base.it,4
3298,Trissino,36070,0445,024110,L433,http://www.comuni-italiani.it/024/110/,base.state_it_vi,base.it,4
3299,Valdagno,36078,0445,024111,L551,http://www.comuni-italiani.it/024/111/,base.state_it_vi,base.it,4
3300,Valdastico,36040,0445,024112,L554,http://www.comuni-italiani.it/024/112/,base.state_it_vi,base.it,4
3301,Valli del Pasubio,36030,0445,024113,L624,http://www.comuni-italiani.it/024/113/,base.state_it_vi,base.it,4
3302,Valstagna,36020,0424,024114,L650,http://www.comuni-italiani.it/024/114/,base.state_it_vi,base.it,4
3303,Velo d'Astico,36010,0445,024115,L723,http://www.comuni-italiani.it/024/115/,base.state_it_vi,base.it,4
3304,Vicenza,36100,0444,024116,L840,http://www.comuni-italiani.it/024/116/,base.state_it_vi,base.it,4
3305,Villaga,36021,0444,024117,L952,http://www.comuni-italiani.it/024/117/,base.state_it_vi,base.it,4
3306,Villaverla,36030,0445,024118,M032,http://www.comuni-italiani.it/024/118/,base.state_it_vi,base.it,4
3307,Zanè,36010,0445,024119,M145,http://www.comuni-italiani.it/024/119/,base.state_it_vi,base.it,4
3308,Zermeghedo,36050,0444,024120,M170,http://www.comuni-italiani.it/024/120/,base.state_it_vi,base.it,4
3309,Zovencedo,36020,0444,024121,M194,http://www.comuni-italiani.it/024/121/,base.state_it_vi,base.it,4
3310,Zugliano,36030,0445,024122,M199,http://www.comuni-italiani.it/024/122/,base.state_it_vi,base.it,4
3311,Agordo,32021,0437,025001,A083,http://www.comuni-italiani.it/025/001/,base.state_it_bl,base.it,4
3312,Alano di Piave,32031,0439,025002,A121,http://www.comuni-italiani.it/025/002/,base.state_it_bl,base.it,4
3313,Alleghe,32022,0437,025003,A206,http://www.comuni-italiani.it/025/003/,base.state_it_bl,base.it,4
3314,Arsiè,32030,0439,025004,A443,http://www.comuni-italiani.it/025/004/,base.state_it_bl,base.it,4
3315,Auronzo di Cadore,32041,0435,025005,A501,http://www.comuni-italiani.it/025/005/,base.state_it_bl,base.it,4
3316,Belluno,32100,0437,025006,A757,http://www.comuni-italiani.it/025/006/,base.state_it_bl,base.it,4
3317,Borca di Cadore,32040,0435,025007,A982,http://www.comuni-italiani.it/025/007/,base.state_it_bl,base.it,4
3318,Calalzo di Cadore,32042,0435,025008,B375,http://www.comuni-italiani.it/025/008/,base.state_it_bl,base.it,4
3319,Castellavazzo (ora Longarone),32010,0437,025009,C146,http://www.comuni-italiani.it/025/009/,base.state_it_bl,base.it,9
3320,Cencenighe Agordino,32020,0437,025010,C458,http://www.comuni-italiani.it/025/010/,base.state_it_bl,base.it,4
3321,Cesiomaggiore,32030,0439,025011,C577,http://www.comuni-italiani.it/025/011/,base.state_it_bl,base.it,4
3322,Chies d'Alpago,32010,0437,025012,C630,http://www.comuni-italiani.it/025/012/,base.state_it_bl,base.it,4
3323,Cibiana di Cadore,32040,0435,025013,C672,http://www.comuni-italiani.it/025/013/,base.state_it_bl,base.it,4
3324,Colle Santa Lucia,32020,0437,025014,C872,http://www.comuni-italiani.it/025/014/,base.state_it_bl,base.it,4
3325,Comelico Superiore,32040,0435,025015,C920,http://www.comuni-italiani.it/025/015/,base.state_it_bl,base.it,4
3326,Cortina d'Ampezzo,32043,0436,025016,A266,http://www.comuni-italiani.it/025/016/,base.state_it_bl,base.it,4
3327,Danta di Cadore,32040,0435,025017,D247,http://www.comuni-italiani.it/025/017/,base.state_it_bl,base.it,4
3328,Domegge di Cadore,32040,0435,025018,D330,http://www.comuni-italiani.it/025/018/,base.state_it_bl,base.it,4
3329,Falcade,32020,0437,025019,D470,http://www.comuni-italiani.it/025/019/,base.state_it_bl,base.it,4
3330,Farra d'Alpago,32016,0437,025020,D506,http://www.comuni-italiani.it/025/020/,base.state_it_bl,base.it,4
3331,Feltre,32032,0439,025021,D530,http://www.comuni-italiani.it/025/021/,base.state_it_bl,base.it,4
3332,Fonzaso,32030,0439,025022,D686,http://www.comuni-italiani.it/025/022/,base.state_it_bl,base.it,4
3333,Canale d'Agordo,32020,0437,025023,B574,http://www.comuni-italiani.it/025/023/,base.state_it_bl,base.it,4
3334,Forno di Zoldo,32012,0437,025024,D726,http://www.comuni-italiani.it/025/024/,base.state_it_bl,base.it,4
3335,Gosaldo,32020,0437,025025,E113,http://www.comuni-italiani.it/025/025/,base.state_it_bl,base.it,4
3336,Lamon,32033,0439,025026,E429,http://www.comuni-italiani.it/025/026/,base.state_it_bl,base.it,4
3337,La Valle Agordina,32020,0437,025027,E490,http://www.comuni-italiani.it/025/027/,base.state_it_bl,base.it,4
3338,Lentiai,32020,0437,025028,C562,http://www.comuni-italiani.it/025/028/,base.state_it_bl,base.it,4
3339,Limana,32020,0437,025029,E588,http://www.comuni-italiani.it/025/029/,base.state_it_bl,base.it,4
3340,Livinallongo del Col di Lana,32020,0436,025030,E622,http://www.comuni-italiani.it/025/030/,base.state_it_bl,base.it,4
3341,Longarone (denominazione non più valida),32013,0437,025031,E672,http://www.comuni-italiani.it/025/031/,base.state_it_bl,base.it,9
3342,Lorenzago di Cadore,32040,0435,025032,E687,http://www.comuni-italiani.it/025/032/,base.state_it_bl,base.it,4
3343,Lozzo di Cadore,32040,0435,025033,E708,http://www.comuni-italiani.it/025/033/,base.state_it_bl,base.it,4
3344,Mel,32026,0437,025034,F094,http://www.comuni-italiani.it/025/034/,base.state_it_bl,base.it,4
3345,Ospitale di Cadore,32010,0437,025035,G169,http://www.comuni-italiani.it/025/035/,base.state_it_bl,base.it,4
3346,Pedavena,32034,0439,025036,G404,http://www.comuni-italiani.it/025/036/,base.state_it_bl,base.it,4
3347,Perarolo di Cadore,32010,0435,025037,G442,http://www.comuni-italiani.it/025/037/,base.state_it_bl,base.it,4
3348,Pieve d'Alpago,32010,0437,025038,G638,http://www.comuni-italiani.it/025/038/,base.state_it_bl,base.it,4
3349,Pieve di Cadore,32044,0435,025039,G642,http://www.comuni-italiani.it/025/039/,base.state_it_bl,base.it,4
3350,Ponte nelle Alpi,32014,0437,025040,B662,http://www.comuni-italiani.it/025/040/,base.state_it_bl,base.it,4
3351,Puos d'Alpago,32015,0437,025041,H092,http://www.comuni-italiani.it/025/041/,base.state_it_bl,base.it,4
3352,Quero (ora Quero Vas),32030,0439,025042,H124,http://www.comuni-italiani.it/025/042/,base.state_it_bl,base.it,9
3353,Rivamonte Agordino,32020,0437,025043,H327,http://www.comuni-italiani.it/025/043/,base.state_it_bl,base.it,4
3354,Rocca Pietore,32020,0437,025044,H379,http://www.comuni-italiani.it/025/044/,base.state_it_bl,base.it,4
3355,San Gregorio nelle Alpi,32030,0437,025045,H938,http://www.comuni-italiani.it/025/045/,base.state_it_bl,base.it,4
3356,San Nicolò di Comelico,32040,0435,025046,I063,http://www.comuni-italiani.it/025/046/,base.state_it_bl,base.it,4
3357,San Pietro di Cadore,32040,0435,025047,I088,http://www.comuni-italiani.it/025/047/,base.state_it_bl,base.it,4
3358,Santa Giustina,32035,0437,025048,I206,http://www.comuni-italiani.it/025/048/,base.state_it_bl,base.it,4
3359,San Tomaso Agordino,32020,0437,025049,I347,http://www.comuni-italiani.it/025/049/,base.state_it_bl,base.it,4
3360,Santo Stefano di Cadore,32045,0435,025050,C919,http://www.comuni-italiani.it/025/050/,base.state_it_bl,base.it,4
3361,San Vito di Cadore,32046,0436,025051,I392,http://www.comuni-italiani.it/025/051/,base.state_it_bl,base.it,4
3362,Sappada,32047,0435,025052,I421,http://www.comuni-italiani.it/025/052/,base.state_it_bl,base.it,4
3363,Sedico,32036,0437,025053,I563,http://www.comuni-italiani.it/025/053/,base.state_it_bl,base.it,4
3364,Selva di Cadore,32020,0437,025054,I592,http://www.comuni-italiani.it/025/054/,base.state_it_bl,base.it,4
3365,Seren del Grappa,32030,0439,025055,I626,http://www.comuni-italiani.it/025/055/,base.state_it_bl,base.it,4
3366,Sospirolo,32037,0437,025056,I866,http://www.comuni-italiani.it/025/056/,base.state_it_bl,base.it,4
3367,Soverzene,32010,0437,025057,I876,http://www.comuni-italiani.it/025/057/,base.state_it_bl,base.it,4
3368,Sovramonte,32030,0439,025058,I673,http://www.comuni-italiani.it/025/058/,base.state_it_bl,base.it,4
3369,Taibon Agordino,32027,0437,025059,L030,http://www.comuni-italiani.it/025/059/,base.state_it_bl,base.it,4
3370,Tambre,32010,0437,025060,L040,http://www.comuni-italiani.it/025/060/,base.state_it_bl,base.it,4
3371,Trichiana,32028,0437,025061,L422,http://www.comuni-italiani.it/025/061/,base.state_it_bl,base.it,4
3372,Vallada Agordina,32020,0437,025062,L584,http://www.comuni-italiani.it/025/062/,base.state_it_bl,base.it,4
3373,Valle di Cadore,32040,0435,025063,L590,http://www.comuni-italiani.it/025/063/,base.state_it_bl,base.it,4
3374,Vas (ora Quero Vas),32030,0439,025064,L692,http://www.comuni-italiani.it/025/064/,base.state_it_bl,base.it,9
3375,Vigo di Cadore,32040,0435,025065,L890,http://www.comuni-italiani.it/025/065/,base.state_it_bl,base.it,4
3376,Vodo Cadore,32040,0435,025066,M108,http://www.comuni-italiani.it/025/066/,base.state_it_bl,base.it,4
3377,Voltago Agordino,32020,0437,025067,M124,http://www.comuni-italiani.it/025/067/,base.state_it_bl,base.it,4
3378,Zoldo Alto,32010,0437,025068,I345,http://www.comuni-italiani.it/025/068/,base.state_it_bl,base.it,4
3379,Zoppè di Cadore,32010,0437,025069,M189,http://www.comuni-italiani.it/025/069/,base.state_it_bl,base.it,4
8117,Quero Vas,32030,0439,025070,M332,http://www.comuni-italiani.it/025/070/,base.state_it_bl,base.it,4
8118,Longarone,32013,0437,025071,E672,http://www.comuni-italiani.it/025/071/,base.state_it_bl,base.it,4
3380,Altivole,31030,0423,026001,A237,http://www.comuni-italiani.it/026/001/,base.state_it_tv,base.it,4
3381,Arcade,31030,0422,026002,A360,http://www.comuni-italiani.it/026/002/,base.state_it_tv,base.it,4
3382,Asolo,31011,0423,026003,A471,http://www.comuni-italiani.it/026/003/,base.state_it_tv,base.it,4
3383,Borso del Grappa,31030,0423,026004,B061,http://www.comuni-italiani.it/026/004/,base.state_it_tv,base.it,4
3384,Breda di Piave,31030,0422,026005,B128,http://www.comuni-italiani.it/026/005/,base.state_it_tv,base.it,4
3385,Caerano di San Marco,31031,0423,026006,B349,http://www.comuni-italiani.it/026/006/,base.state_it_tv,base.it,4
3386,Cappella Maggiore,31012,0438,026007,B678,http://www.comuni-italiani.it/026/007/,base.state_it_tv,base.it,4
3387,Carbonera,31030,0422,026008,B744,http://www.comuni-italiani.it/026/008/,base.state_it_tv,base.it,4
3388,Casale sul Sile,31032,0422,026009,B879,http://www.comuni-italiani.it/026/009/,base.state_it_tv,base.it,4
3389,Casier,31030,0422,026010,B965,http://www.comuni-italiani.it/026/010/,base.state_it_tv,base.it,4
3390,Castelcucco,31030,0423,026011,C073,http://www.comuni-italiani.it/026/011/,base.state_it_tv,base.it,4
3391,Castelfranco Veneto,31033,0423,026012,C111,http://www.comuni-italiani.it/026/012/,base.state_it_tv,base.it,4
3392,Castello di Godego,31030,0423,026013,C190,http://www.comuni-italiani.it/026/013/,base.state_it_tv,base.it,4
3393,Cavaso del Tomba,31034,0423,026014,C384,http://www.comuni-italiani.it/026/014/,base.state_it_tv,base.it,4
3394,Cessalto,31040,0421,026015,C580,http://www.comuni-italiani.it/026/015/,base.state_it_tv,base.it,4
3395,Chiarano,31040,0422,026016,C614,http://www.comuni-italiani.it/026/016/,base.state_it_tv,base.it,4
3396,Cimadolmo,31010,0422,026017,C689,http://www.comuni-italiani.it/026/017/,base.state_it_tv,base.it,4
3397,Cison di Valmarino,31030,0438,026018,C735,http://www.comuni-italiani.it/026/018/,base.state_it_tv,base.it,4
3398,Codognè,31013,0438,026019,C815,http://www.comuni-italiani.it/026/019/,base.state_it_tv,base.it,4
3399,Colle Umberto,31014,0438,026020,C848,http://www.comuni-italiani.it/026/020/,base.state_it_tv,base.it,4
3400,Conegliano,31015,0438,026021,C957,http://www.comuni-italiani.it/026/021/,base.state_it_tv,base.it,4
3401,Cordignano,31016,0438,026022,C992,http://www.comuni-italiani.it/026/022/,base.state_it_tv,base.it,4
3402,Cornuda,31041,0423,026023,D030,http://www.comuni-italiani.it/026/023/,base.state_it_tv,base.it,4
3403,Crespano del Grappa,31017,0423,026024,D157,http://www.comuni-italiani.it/026/024/,base.state_it_tv,base.it,4
3404,Crocetta del Montello,31035,0423,026025,C670,http://www.comuni-italiani.it/026/025/,base.state_it_tv,base.it,4
3405,Farra di Soligo,31010,0438,026026,D505,http://www.comuni-italiani.it/026/026/,base.state_it_tv,base.it,4
3406,Follina,31051,0438,026027,D654,http://www.comuni-italiani.it/026/027/,base.state_it_tv,base.it,4
3407,Fontanelle,31043,0422,026028,D674,http://www.comuni-italiani.it/026/028/,base.state_it_tv,base.it,4
3408,Fonte,31010,0423,026029,D680,http://www.comuni-italiani.it/026/029/,base.state_it_tv,base.it,4
3409,Fregona,31010,0438,026030,D794,http://www.comuni-italiani.it/026/030/,base.state_it_tv,base.it,4
3410,Gaiarine,31018,0434,026031,D854,http://www.comuni-italiani.it/026/031/,base.state_it_tv,base.it,4
3411,Giavera del Montello,31040,0422,026032,E021,http://www.comuni-italiani.it/026/032/,base.state_it_tv,base.it,4
3412,Godega di Sant'Urbano,31010,0438,026033,E071,http://www.comuni-italiani.it/026/033/,base.state_it_tv,base.it,4
3413,Gorgo al Monticano,31040,0422,026034,E092,http://www.comuni-italiani.it/026/034/,base.state_it_tv,base.it,4
3414,Istrana,31036,0422,026035,E373,http://www.comuni-italiani.it/026/035/,base.state_it_tv,base.it,4
3415,Loria,31037,0423,026036,E692,http://www.comuni-italiani.it/026/036/,base.state_it_tv,base.it,4
3416,Mansuè,31040,0422,026037,E893,http://www.comuni-italiani.it/026/037/,base.state_it_tv,base.it,4
3417,Mareno di Piave,31010,0438,026038,E940,http://www.comuni-italiani.it/026/038/,base.state_it_tv,base.it,4
3418,Maser,31010,0423,026039,F009,http://www.comuni-italiani.it/026/039/,base.state_it_tv,base.it,4
3419,Maserada sul Piave,31052,0422,026040,F012,http://www.comuni-italiani.it/026/040/,base.state_it_tv,base.it,4
3420,Meduna di Livenza,31040,0422,026041,F088,http://www.comuni-italiani.it/026/041/,base.state_it_tv,base.it,4
3421,Miane,31050,0438,026042,F190,http://www.comuni-italiani.it/026/042/,base.state_it_tv,base.it,4
3422,Mogliano Veneto,31021,041,026043,F269,http://www.comuni-italiani.it/026/043/,base.state_it_tv,base.it,4
3423,Monastier di Treviso,31050,0422,026044,F332,http://www.comuni-italiani.it/026/044/,base.state_it_tv,base.it,4
3424,Monfumo,31010,0423,026045,F360,http://www.comuni-italiani.it/026/045/,base.state_it_tv,base.it,4
3425,Montebelluna,31044,0423,026046,F443,http://www.comuni-italiani.it/026/046/,base.state_it_tv,base.it,4
3426,Morgano,31050,0422,026047,F725,http://www.comuni-italiani.it/026/047/,base.state_it_tv,base.it,4
3427,Moriago della Battaglia,31010,0438,026048,F729,http://www.comuni-italiani.it/026/048/,base.state_it_tv,base.it,4
3428,Motta di Livenza,31045,0422,026049,F770,http://www.comuni-italiani.it/026/049/,base.state_it_tv,base.it,4
3429,Nervesa della Battaglia,31040,0422,026050,F872,http://www.comuni-italiani.it/026/050/,base.state_it_tv,base.it,4
3430,Oderzo,31046,0422,026051,F999,http://www.comuni-italiani.it/026/051/,base.state_it_tv,base.it,4
3431,Ormelle,31024,0422,026052,G115,http://www.comuni-italiani.it/026/052/,base.state_it_tv,base.it,4
3432,Orsago,31010,0438,026053,G123,http://www.comuni-italiani.it/026/053/,base.state_it_tv,base.it,4
3433,Paderno del Grappa,31017,0423,026054,G221,http://www.comuni-italiani.it/026/054/,base.state_it_tv,base.it,4
3434,Paese,31038,0422,026055,G229,http://www.comuni-italiani.it/026/055/,base.state_it_tv,base.it,4
3435,Pederobba,31040,0423,026056,G408,http://www.comuni-italiani.it/026/056/,base.state_it_tv,base.it,4
3436,Pieve di Soligo,31053,0438,026057,G645,http://www.comuni-italiani.it/026/057/,base.state_it_tv,base.it,4
3437,Ponte di Piave,31047,0422,026058,G846,http://www.comuni-italiani.it/026/058/,base.state_it_tv,base.it,4
3438,Ponzano Veneto,31050,0422,026059,G875,http://www.comuni-italiani.it/026/059/,base.state_it_tv,base.it,4
3439,Portobuffolè,31040,0422,026060,G909,http://www.comuni-italiani.it/026/060/,base.state_it_tv,base.it,4
3440,Possagno,31054,0423,026061,G933,http://www.comuni-italiani.it/026/061/,base.state_it_tv,base.it,4
3441,Povegliano,31050,0422,026062,G944,http://www.comuni-italiani.it/026/062/,base.state_it_tv,base.it,4
3442,Preganziol,31022,0422,026063,H022,http://www.comuni-italiani.it/026/063/,base.state_it_tv,base.it,4
3443,Quinto di Treviso,31055,0422,026064,H131,http://www.comuni-italiani.it/026/064/,base.state_it_tv,base.it,4
3444,Refrontolo,31020,0438,026065,H220,http://www.comuni-italiani.it/026/065/,base.state_it_tv,base.it,4
3445,Resana,31023,0423,026066,H238,http://www.comuni-italiani.it/026/066/,base.state_it_tv,base.it,4
3446,Revine Lago,31020,0438,026067,H253,http://www.comuni-italiani.it/026/067/,base.state_it_tv,base.it,4
3447,Riese Pio X,31039,0423,026068,H280,http://www.comuni-italiani.it/026/068/,base.state_it_tv,base.it,4
3448,Roncade,31056,0422,026069,H523,http://www.comuni-italiani.it/026/069/,base.state_it_tv,base.it,4
3449,Salgareda,31040,0422,026070,H706,http://www.comuni-italiani.it/026/070/,base.state_it_tv,base.it,4
3450,San Biagio di Callalta,31048,0422,026071,H781,http://www.comuni-italiani.it/026/071/,base.state_it_tv,base.it,4
3451,San Fior,31020,0438,026072,H843,http://www.comuni-italiani.it/026/072/,base.state_it_tv,base.it,4
3452,San Pietro di Feletto,31020,0438,026073,I103,http://www.comuni-italiani.it/026/073/,base.state_it_tv,base.it,4
3453,San Polo di Piave,31020,0422,026074,I124,http://www.comuni-italiani.it/026/074/,base.state_it_tv,base.it,4
3454,Santa Lucia di Piave,31025,0438,026075,I221,http://www.comuni-italiani.it/026/075/,base.state_it_tv,base.it,4
3455,San Vendemiano,31020,0438,026076,I382,http://www.comuni-italiani.it/026/076/,base.state_it_tv,base.it,4
3456,San Zenone degli Ezzelini,31020,0423,026077,I417,http://www.comuni-italiani.it/026/077/,base.state_it_tv,base.it,4
3457,Sarmede,31026,0438,026078,I435,http://www.comuni-italiani.it/026/078/,base.state_it_tv,base.it,4
3458,Segusino,31040,0423,026079,I578,http://www.comuni-italiani.it/026/079/,base.state_it_tv,base.it,4
3459,Sernaglia della Battaglia,31020,0438,026080,I635,http://www.comuni-italiani.it/026/080/,base.state_it_tv,base.it,4
3460,Silea,31057,0422,026081,F116,http://www.comuni-italiani.it/026/081/,base.state_it_tv,base.it,4
3461,Spresiano,31027,0422,026082,I927,http://www.comuni-italiani.it/026/082/,base.state_it_tv,base.it,4
3462,Susegana,31058,0438,026083,L014,http://www.comuni-italiani.it/026/083/,base.state_it_tv,base.it,4
3463,Tarzo,31020,0438,026084,L058,http://www.comuni-italiani.it/026/084/,base.state_it_tv,base.it,4
3464,Trevignano,31040,0423,026085,L402,http://www.comuni-italiani.it/026/085/,base.state_it_tv,base.it,4
3465,Treviso,31100,0422,026086,L407,http://www.comuni-italiani.it/026/086/,base.state_it_tv,base.it,4
3466,Valdobbiadene,31049,0423,026087,L565,http://www.comuni-italiani.it/026/087/,base.state_it_tv,base.it,4
3467,Vazzola,31028,0438,026088,L700,http://www.comuni-italiani.it/026/088/,base.state_it_tv,base.it,4
3468,Vedelago,31050,0423,026089,L706,http://www.comuni-italiani.it/026/089/,base.state_it_tv,base.it,4
3469,Vidor,31020,0423,026090,L856,http://www.comuni-italiani.it/026/090/,base.state_it_tv,base.it,4
3470,Villorba,31020,0422,026091,M048,http://www.comuni-italiani.it/026/091/,base.state_it_tv,base.it,4
3471,Vittorio Veneto,31029,0438,026092,M089,http://www.comuni-italiani.it/026/092/,base.state_it_tv,base.it,4
3472,Volpago del Montello,31040,0423,026093,M118,http://www.comuni-italiani.it/026/093/,base.state_it_tv,base.it,4
3473,Zenson di Piave,31050,0421,026094,M163,http://www.comuni-italiani.it/026/094/,base.state_it_tv,base.it,4
3474,Zero Branco,31059,0422,026095,M171,http://www.comuni-italiani.it/026/095/,base.state_it_tv,base.it,4
3475,Annone Veneto,30020,0422,027001,A302,http://www.comuni-italiani.it/027/001/,base.state_it_ve,base.it,4
3476,Campagna Lupia,30010,041,027002,B493,http://www.comuni-italiani.it/027/002/,base.state_it_ve,base.it,4
3689,Campolongo Maggiore,30010,049,027003,B546,http://www.comuni-italiani.it/027/003/,base.state_it_ve,base.it,4
3478,Camponogara,30010,041,027004,B554,http://www.comuni-italiani.it/027/004/,base.state_it_ve,base.it,4
3479,Caorle,30021,0421,027005,B642,http://www.comuni-italiani.it/027/005/,base.state_it_ve,base.it,4
3480,Cavarzere,30014,0426,027006,C383,http://www.comuni-italiani.it/027/006/,base.state_it_ve,base.it,4
3481,Ceggia,30022,0421,027007,C422,http://www.comuni-italiani.it/027/007/,base.state_it_ve,base.it,4
3482,Chioggia,30015,041,027008,C638,http://www.comuni-italiani.it/027/008/,base.state_it_ve,base.it,4
3483,Cinto Caomaggiore,30020,0421,027009,C714,http://www.comuni-italiani.it/027/009/,base.state_it_ve,base.it,4
3484,Cona,30010,0426,027010,C938,http://www.comuni-italiani.it/027/010/,base.state_it_ve,base.it,4
3485,Concordia Sagittaria,30023,0421,027011,C950,http://www.comuni-italiani.it/027/011/,base.state_it_ve,base.it,4
3486,Dolo,30031,041,027012,D325,http://www.comuni-italiani.it/027/012/,base.state_it_ve,base.it,4
3487,Eraclea,30020,0421,027013,D415,http://www.comuni-italiani.it/027/013/,base.state_it_ve,base.it,4
3488,Fiesso d'Artico,30032,041,027014,D578,http://www.comuni-italiani.it/027/014/,base.state_it_ve,base.it,4
3489,Fossalta di Piave,30020,0421,027015,D740,http://www.comuni-italiani.it/027/015/,base.state_it_ve,base.it,4
3490,Fossalta di Portogruaro,30025,0421,027016,D741,http://www.comuni-italiani.it/027/016/,base.state_it_ve,base.it,4
3491,Fossò,30030,041,027017,D748,http://www.comuni-italiani.it/027/017/,base.state_it_ve,base.it,4
3492,Gruaro,30020,0421,027018,E215,http://www.comuni-italiani.it/027/018/,base.state_it_ve,base.it,4
3493,Jesolo,30016,0421,027019,C388,http://www.comuni-italiani.it/027/019/,base.state_it_ve,base.it,4
3494,Marcon,30020,041,027020,E936,http://www.comuni-italiani.it/027/020/,base.state_it_ve,base.it,4
3495,Martellago,30030,041,027021,E980,http://www.comuni-italiani.it/027/021/,base.state_it_ve,base.it,4
3496,Meolo,30020,0421,027022,F130,http://www.comuni-italiani.it/027/022/,base.state_it_ve,base.it,4
3497,Mira,30034,041,027023,F229,http://www.comuni-italiani.it/027/023/,base.state_it_ve,base.it,4
3498,Mirano,30035,041,027024,F241,http://www.comuni-italiani.it/027/024/,base.state_it_ve,base.it,4
3499,Musile di Piave,30024,0421,027025,F826,http://www.comuni-italiani.it/027/025/,base.state_it_ve,base.it,4
3500,Noale,30033,041,027026,F904,http://www.comuni-italiani.it/027/026/,base.state_it_ve,base.it,4
3501,Noventa di Piave,30020,0421,027027,F963,http://www.comuni-italiani.it/027/027/,base.state_it_ve,base.it,4
3502,Pianiga,30030,041,027028,G565,http://www.comuni-italiani.it/027/028/,base.state_it_ve,base.it,4
3503,Portogruaro,30026,0421,027029,G914,http://www.comuni-italiani.it/027/029/,base.state_it_ve,base.it,4
3504,Pramaggiore,30020,0421,027030,G981,http://www.comuni-italiani.it/027/030/,base.state_it_ve,base.it,4
3505,Quarto d'Altino,30020,0422,027031,H117,http://www.comuni-italiani.it/027/031/,base.state_it_ve,base.it,4
3506,Salzano,30030,041,027032,H735,http://www.comuni-italiani.it/027/032/,base.state_it_ve,base.it,4
3507,San Donà di Piave,30027,0421,027033,H823,http://www.comuni-italiani.it/027/033/,base.state_it_ve,base.it,4
3508,San Michele al Tagliamento,30028,0431,027034,I040,http://www.comuni-italiani.it/027/034/,base.state_it_ve,base.it,4
3509,Santa Maria di Sala,30036,041,027035,I242,http://www.comuni-italiani.it/027/035/,base.state_it_ve,base.it,4
8015,San Stino di Livenza,30029,0421,027036,I373,http://www.comuni-italiani.it/027/036/,base.state_it_ve,base.it,4
3511,Scorzè,30037,041,027037,I551,http://www.comuni-italiani.it/027/037/,base.state_it_ve,base.it,4
3512,Spinea,30038,041,027038,I908,http://www.comuni-italiani.it/027/038/,base.state_it_ve,base.it,4
3513,Stra,30039,049,027039,I965,http://www.comuni-italiani.it/027/039/,base.state_it_ve,base.it,4
3514,Teglio Veneto,30025,0421,027040,L085,http://www.comuni-italiani.it/027/040/,base.state_it_ve,base.it,4
3515,Torre di Mosto,30020,0421,027041,L267,http://www.comuni-italiani.it/027/041/,base.state_it_ve,base.it,4
3516,Venezia,301%%,041,027042,L736,http://www.comuni-italiani.it/027/042/,base.state_it_ve,base.it,4
3517,Vigonovo,30030,049,027043,L899,http://www.comuni-italiani.it/027/043/,base.state_it_ve,base.it,4
3518,Cavallino-Treporti,30013,041,027044,M308,http://www.comuni-italiani.it/027/044/,base.state_it_ve,base.it,4
3519,Abano Terme,35031,049,028001,A001,http://www.comuni-italiani.it/028/001/,base.state_it_pd,base.it,4
3520,Agna,35021,049,028002,A075,http://www.comuni-italiani.it/028/002/,base.state_it_pd,base.it,4
3521,Albignasego,35020,049,028003,A161,http://www.comuni-italiani.it/028/003/,base.state_it_pd,base.it,4
3522,Anguillara Veneta,35022,049,028004,A296,http://www.comuni-italiani.it/028/004/,base.state_it_pd,base.it,4
3523,Arquà Petrarca,35032,0429,028005,A434,http://www.comuni-italiani.it/028/005/,base.state_it_pd,base.it,4
3524,Arre,35020,049,028006,A438,http://www.comuni-italiani.it/028/006/,base.state_it_pd,base.it,4
3525,Arzergrande,35020,049,028007,A458,http://www.comuni-italiani.it/028/007/,base.state_it_pd,base.it,4
3526,Bagnoli di Sopra,35023,049,028008,A568,http://www.comuni-italiani.it/028/008/,base.state_it_pd,base.it,4
3527,Baone,35030,0429,028009,A613,http://www.comuni-italiani.it/028/009/,base.state_it_pd,base.it,4
3528,Barbona,35040,0425,028010,A637,http://www.comuni-italiani.it/028/010/,base.state_it_pd,base.it,4
3529,Battaglia Terme,35041,049,028011,A714,http://www.comuni-italiani.it/028/011/,base.state_it_pd,base.it,4
3530,Boara Pisani,35040,0425,028012,A906,http://www.comuni-italiani.it/028/012/,base.state_it_pd,base.it,4
3531,Borgoricco,35010,049,028013,B031,http://www.comuni-italiani.it/028/013/,base.state_it_pd,base.it,4
3532,Bovolenta,35024,049,028014,B106,http://www.comuni-italiani.it/028/014/,base.state_it_pd,base.it,4
3533,Brugine,35020,049,028015,B213,http://www.comuni-italiani.it/028/015/,base.state_it_pd,base.it,4
3534,Cadoneghe,35010,049,028016,B345,http://www.comuni-italiani.it/028/016/,base.state_it_pd,base.it,4
3535,Campodarsego,35011,049,028017,B524,http://www.comuni-italiani.it/028/017/,base.state_it_pd,base.it,4
3536,Campodoro,35010,049,028018,B531,http://www.comuni-italiani.it/028/018/,base.state_it_pd,base.it,4
3537,Camposampiero,35012,049,028019,B563,http://www.comuni-italiani.it/028/019/,base.state_it_pd,base.it,4
3538,Campo San Martino,35010,049,028020,B564,http://www.comuni-italiani.it/028/020/,base.state_it_pd,base.it,4
3539,Candiana,35020,049,028021,B589,http://www.comuni-italiani.it/028/021/,base.state_it_pd,base.it,4
3540,Carceri,35040,0429,028022,B749,http://www.comuni-italiani.it/028/022/,base.state_it_pd,base.it,4
3541,Carmignano di Brenta,35010,049,028023,B795,http://www.comuni-italiani.it/028/023/,base.state_it_pd,base.it,4
3542,Cartura,35025,049,028026,B848,http://www.comuni-italiani.it/028/026/,base.state_it_pd,base.it,4
3543,Casale di Scodosia,35040,0429,028027,B877,http://www.comuni-italiani.it/028/027/,base.state_it_pd,base.it,4
3544,Casalserugo,35020,049,028028,B912,http://www.comuni-italiani.it/028/028/,base.state_it_pd,base.it,4
3545,Castelbaldo,35040,0425,028029,C057,http://www.comuni-italiani.it/028/029/,base.state_it_pd,base.it,4
3546,Cervarese Santa Croce,35030,049,028030,C544,http://www.comuni-italiani.it/028/030/,base.state_it_pd,base.it,4
3547,Cinto Euganeo,35030,0429,028031,C713,http://www.comuni-italiani.it/028/031/,base.state_it_pd,base.it,4
3548,Cittadella,35013,049,028032,C743,http://www.comuni-italiani.it/028/032/,base.state_it_pd,base.it,4
3549,Codevigo,35020,049,028033,C812,http://www.comuni-italiani.it/028/033/,base.state_it_pd,base.it,4
3550,Conselve,35026,049,028034,C964,http://www.comuni-italiani.it/028/034/,base.state_it_pd,base.it,4
3551,Correzzola,35020,049,028035,D040,http://www.comuni-italiani.it/028/035/,base.state_it_pd,base.it,4
3552,Curtarolo,35010,049,028036,D226,http://www.comuni-italiani.it/028/036/,base.state_it_pd,base.it,4
3553,Este,35042,0429,028037,D442,http://www.comuni-italiani.it/028/037/,base.state_it_pd,base.it,4
3554,Fontaniva,35014,049,028038,D679,http://www.comuni-italiani.it/028/038/,base.state_it_pd,base.it,4
3555,Galliera Veneta,35015,049,028039,D879,http://www.comuni-italiani.it/028/039/,base.state_it_pd,base.it,4
3556,Galzignano Terme,35030,049,028040,D889,http://www.comuni-italiani.it/028/040/,base.state_it_pd,base.it,4
3557,Gazzo,35010,049,028041,D956,http://www.comuni-italiani.it/028/041/,base.state_it_pd,base.it,4
3558,Grantorto,35010,049,028042,E145,http://www.comuni-italiani.it/028/042/,base.state_it_pd,base.it,4
3559,Granze,35040,0429,028043,E146,http://www.comuni-italiani.it/028/043/,base.state_it_pd,base.it,4
3560,Legnaro,35020,049,028044,E515,http://www.comuni-italiani.it/028/044/,base.state_it_pd,base.it,4
3561,Limena,35010,049,028045,E592,http://www.comuni-italiani.it/028/045/,base.state_it_pd,base.it,4
3562,Loreggia,35010,049,028046,E684,http://www.comuni-italiani.it/028/046/,base.state_it_pd,base.it,4
3563,Lozzo Atestino,35034,0429,028047,E709,http://www.comuni-italiani.it/028/047/,base.state_it_pd,base.it,4
3564,Maserà di Padova,35020,049,028048,F011,http://www.comuni-italiani.it/028/048/,base.state_it_pd,base.it,4
3565,Masi,35040,0425,028049,F013,http://www.comuni-italiani.it/028/049/,base.state_it_pd,base.it,4
3566,Massanzago,35010,049,028050,F033,http://www.comuni-italiani.it/028/050/,base.state_it_pd,base.it,4
3567,Megliadino San Fidenzio,35040,0429,028051,F091,http://www.comuni-italiani.it/028/051/,base.state_it_pd,base.it,4
3568,Megliadino San Vitale,35040,0429,028052,F092,http://www.comuni-italiani.it/028/052/,base.state_it_pd,base.it,4
3569,Merlara,35040,0429,028053,F148,http://www.comuni-italiani.it/028/053/,base.state_it_pd,base.it,4
3570,Mestrino,35035,049,028054,F161,http://www.comuni-italiani.it/028/054/,base.state_it_pd,base.it,4
3571,Monselice,35043,0429,028055,F382,http://www.comuni-italiani.it/028/055/,base.state_it_pd,base.it,4
3572,Montagnana,35044,0429,028056,F394,http://www.comuni-italiani.it/028/056/,base.state_it_pd,base.it,4
3573,Montegrotto Terme,35036,049,028057,F529,http://www.comuni-italiani.it/028/057/,base.state_it_pd,base.it,4
3574,Noventa Padovana,35027,049,028058,F962,http://www.comuni-italiani.it/028/058/,base.state_it_pd,base.it,4
3575,Ospedaletto Euganeo,35045,0429,028059,G167,http://www.comuni-italiani.it/028/059/,base.state_it_pd,base.it,4
3576,Padova,351%%,049,028060,G224,http://www.comuni-italiani.it/028/060/,base.state_it_pd,base.it,4
3577,Pernumia,35020,0429,028061,G461,http://www.comuni-italiani.it/028/061/,base.state_it_pd,base.it,4
3578,Piacenza d'Adige,35040,0425,028062,G534,http://www.comuni-italiani.it/028/062/,base.state_it_pd,base.it,4
3579,Piazzola sul Brenta,35016,049,028063,G587,http://www.comuni-italiani.it/028/063/,base.state_it_pd,base.it,4
3580,Piombino Dese,35017,049,028064,G688,http://www.comuni-italiani.it/028/064/,base.state_it_pd,base.it,4
3581,Piove di Sacco,35028,049,028065,G693,http://www.comuni-italiani.it/028/065/,base.state_it_pd,base.it,4
3582,Polverara,35020,049,028066,G802,http://www.comuni-italiani.it/028/066/,base.state_it_pd,base.it,4
3583,Ponso,35040,0429,028067,G823,http://www.comuni-italiani.it/028/067/,base.state_it_pd,base.it,4
3584,Pontelongo,35029,049,028068,G850,http://www.comuni-italiani.it/028/068/,base.state_it_pd,base.it,4
3585,Ponte San Nicolò,35020,049,028069,G855,http://www.comuni-italiani.it/028/069/,base.state_it_pd,base.it,4
3586,Pozzonovo,35020,0429,028070,G963,http://www.comuni-italiani.it/028/070/,base.state_it_pd,base.it,4
3587,Rovolon,35030,049,028071,H622,http://www.comuni-italiani.it/028/071/,base.state_it_pd,base.it,4
3588,Rubano,35030,049,028072,H625,http://www.comuni-italiani.it/028/072/,base.state_it_pd,base.it,4
3589,Saccolongo,35030,049,028073,H655,http://www.comuni-italiani.it/028/073/,base.state_it_pd,base.it,4
3590,Saletto,35046,0429,028074,H705,http://www.comuni-italiani.it/028/074/,base.state_it_pd,base.it,4
3591,San Giorgio delle Pertiche,35010,049,028075,H893,http://www.comuni-italiani.it/028/075/,base.state_it_pd,base.it,4
3592,San Giorgio in Bosco,35010,049,028076,H897,http://www.comuni-italiani.it/028/076/,base.state_it_pd,base.it,4
3593,San Martino di Lupari,35018,049,028077,I008,http://www.comuni-italiani.it/028/077/,base.state_it_pd,base.it,4
3594,San Pietro in Gu,35010,049,028078,I107,http://www.comuni-italiani.it/028/078/,base.state_it_pd,base.it,4
3595,San Pietro Viminario,35020,0429,028079,I120,http://www.comuni-italiani.it/028/079/,base.state_it_pd,base.it,4
3596,Santa Giustina in Colle,35010,049,028080,I207,http://www.comuni-italiani.it/028/080/,base.state_it_pd,base.it,4
3597,Santa Margherita d'Adige,35040,0429,028081,I226,http://www.comuni-italiani.it/028/081/,base.state_it_pd,base.it,4
3598,Sant'Angelo di Piove di Sacco,35020,049,028082,I275,http://www.comuni-italiani.it/028/082/,base.state_it_pd,base.it,4
3599,Sant'Elena,35040,0429,028083,I319,http://www.comuni-italiani.it/028/083/,base.state_it_pd,base.it,4
3600,Sant'Urbano,35040,0429,028084,I375,http://www.comuni-italiani.it/028/084/,base.state_it_pd,base.it,4
3601,Saonara,35020,049,028085,I418,http://www.comuni-italiani.it/028/085/,base.state_it_pd,base.it,4
3602,Selvazzano Dentro,35030,049,028086,I595,http://www.comuni-italiani.it/028/086/,base.state_it_pd,base.it,4
3603,Solesino,35047,0429,028087,I799,http://www.comuni-italiani.it/028/087/,base.state_it_pd,base.it,4
3604,Stanghella,35048,0425,028088,I938,http://www.comuni-italiani.it/028/088/,base.state_it_pd,base.it,4
3605,Teolo,35037,049,028089,L100,http://www.comuni-italiani.it/028/089/,base.state_it_pd,base.it,4
3606,Terrassa Padovana,35020,049,028090,L132,http://www.comuni-italiani.it/028/090/,base.state_it_pd,base.it,4
3607,Tombolo,35019,049,028091,L199,http://www.comuni-italiani.it/028/091/,base.state_it_pd,base.it,4
3608,Torreglia,35038,049,028092,L270,http://www.comuni-italiani.it/028/092/,base.state_it_pd,base.it,4
3609,Trebaseleghe,35010,049,028093,L349,http://www.comuni-italiani.it/028/093/,base.state_it_pd,base.it,4
3610,Tribano,35020,049,028094,L414,http://www.comuni-italiani.it/028/094/,base.state_it_pd,base.it,4
3611,Urbana,35040,0429,028095,L497,http://www.comuni-italiani.it/028/095/,base.state_it_pd,base.it,4
3612,Veggiano,35030,049,028096,L710,http://www.comuni-italiani.it/028/096/,base.state_it_pd,base.it,4
3613,Vescovana,35040,0425,028097,L805,http://www.comuni-italiani.it/028/097/,base.state_it_pd,base.it,4
3614,Vighizzolo d'Este,35040,0429,028098,L878,http://www.comuni-italiani.it/028/098/,base.state_it_pd,base.it,4
3615,Vigodarzere,35010,049,028099,L892,http://www.comuni-italiani.it/028/099/,base.state_it_pd,base.it,4
3616,Vigonza,35010,049,028100,L900,http://www.comuni-italiani.it/028/100/,base.state_it_pd,base.it,4
3617,Villa del Conte,35010,049,028101,L934,http://www.comuni-italiani.it/028/101/,base.state_it_pd,base.it,4
3618,Villa Estense,35040,0429,028102,L937,http://www.comuni-italiani.it/028/102/,base.state_it_pd,base.it,4
3619,Villafranca Padovana,35010,049,028103,L947,http://www.comuni-italiani.it/028/103/,base.state_it_pd,base.it,4
3620,Villanova di Camposampiero,35010,049,028104,L979,http://www.comuni-italiani.it/028/104/,base.state_it_pd,base.it,4
3621,Vo',35030,049,028105,M103,http://www.comuni-italiani.it/028/105/,base.state_it_pd,base.it,4
3622,Due Carrare,35020,049,028106,M300,http://www.comuni-italiani.it/028/106/,base.state_it_pd,base.it,4
3623,Adria,45011,0426,029001,A059,http://www.comuni-italiani.it/029/001/,base.state_it_ro,base.it,4
3624,Ariano nel Polesine,45012,0426,029002,A400,http://www.comuni-italiani.it/029/002/,base.state_it_ro,base.it,4
3625,Arquà Polesine,45031,0425,029003,A435,http://www.comuni-italiani.it/029/003/,base.state_it_ro,base.it,4
3626,Badia Polesine,45021,0425,029004,A539,http://www.comuni-italiani.it/029/004/,base.state_it_ro,base.it,4
3627,Bagnolo di Po,45022,0425,029005,A574,http://www.comuni-italiani.it/029/005/,base.state_it_ro,base.it,4
3628,Bergantino,45032,0425,029006,A795,http://www.comuni-italiani.it/029/006/,base.state_it_ro,base.it,4
3629,Bosaro,45033,0425,029007,B069,http://www.comuni-italiani.it/029/007/,base.state_it_ro,base.it,4
3630,Calto,45030,0425,029008,B432,http://www.comuni-italiani.it/029/008/,base.state_it_ro,base.it,4
3631,Canaro,45034,0425,029009,B578,http://www.comuni-italiani.it/029/009/,base.state_it_ro,base.it,4
3632,Canda,45020,0425,029010,B582,http://www.comuni-italiani.it/029/010/,base.state_it_ro,base.it,4
3633,Castelguglielmo,45020,0425,029011,C122,http://www.comuni-italiani.it/029/011/,base.state_it_ro,base.it,4
3634,Castelmassa,45035,0425,029012,C207,http://www.comuni-italiani.it/029/012/,base.state_it_ro,base.it,4
3635,Castelnovo Bariano,45030,0425,029013,C215,http://www.comuni-italiani.it/029/013/,base.state_it_ro,base.it,4
3636,Ceneselli,45030,0425,029014,C461,http://www.comuni-italiani.it/029/014/,base.state_it_ro,base.it,4
3637,Ceregnano,45010,0425,029015,C500,http://www.comuni-italiani.it/029/015/,base.state_it_ro,base.it,4
3638,Corbola,45015,0426,029017,C987,http://www.comuni-italiani.it/029/017/,base.state_it_ro,base.it,4
3639,Costa di Rovigo,45023,0425,029018,D105,http://www.comuni-italiani.it/029/018/,base.state_it_ro,base.it,4
3640,Crespino,45030,0425,029019,D161,http://www.comuni-italiani.it/029/019/,base.state_it_ro,base.it,4
3641,Ficarolo,45036,0425,029021,D568,http://www.comuni-italiani.it/029/021/,base.state_it_ro,base.it,4
3642,Fiesso Umbertiano,45024,0425,029022,D577,http://www.comuni-italiani.it/029/022/,base.state_it_ro,base.it,4
3643,Frassinelle Polesine,45030,0425,029023,D776,http://www.comuni-italiani.it/029/023/,base.state_it_ro,base.it,4
3644,Fratta Polesine,45025,0425,029024,D788,http://www.comuni-italiani.it/029/024/,base.state_it_ro,base.it,4
3645,Gaiba,45030,0425,029025,D855,http://www.comuni-italiani.it/029/025/,base.state_it_ro,base.it,4
3646,Gavello,45010,0425,029026,D942,http://www.comuni-italiani.it/029/026/,base.state_it_ro,base.it,4
3647,Giacciano con Baruchella,45020,0425,029027,E008,http://www.comuni-italiani.it/029/027/,base.state_it_ro,base.it,4
3648,Guarda Veneta,45030,0425,029028,E240,http://www.comuni-italiani.it/029/028/,base.state_it_ro,base.it,4
3649,Lendinara,45026,0425,029029,E522,http://www.comuni-italiani.it/029/029/,base.state_it_ro,base.it,4
3650,Loreo,45017,0426,029030,E689,http://www.comuni-italiani.it/029/030/,base.state_it_ro,base.it,4
3651,Lusia,45020,0425,029031,E761,http://www.comuni-italiani.it/029/031/,base.state_it_ro,base.it,4
3652,Melara,45037,0425,029032,F095,http://www.comuni-italiani.it/029/032/,base.state_it_ro,base.it,4
3653,Occhiobello,45030,0425,029033,F994,http://www.comuni-italiani.it/029/033/,base.state_it_ro,base.it,4
3654,Papozze,45010,0426,029034,G323,http://www.comuni-italiani.it/029/034/,base.state_it_ro,base.it,4
3655,Pettorazza Grimani,45010,0426,029035,G525,http://www.comuni-italiani.it/029/035/,base.state_it_ro,base.it,4
3656,Pincara,45020,0425,029036,G673,http://www.comuni-italiani.it/029/036/,base.state_it_ro,base.it,4
3657,Polesella,45038,0425,029037,G782,http://www.comuni-italiani.it/029/037/,base.state_it_ro,base.it,4
3658,Pontecchio Polesine,45030,0425,029038,G836,http://www.comuni-italiani.it/029/038/,base.state_it_ro,base.it,4
3659,Porto Tolle,45018,0426,029039,G923,http://www.comuni-italiani.it/029/039/,base.state_it_ro,base.it,4
3660,Rosolina,45010,0426,029040,H573,http://www.comuni-italiani.it/029/040/,base.state_it_ro,base.it,4
3661,Rovigo,45100,0425,029041,H620,http://www.comuni-italiani.it/029/041/,base.state_it_ro,base.it,4
3662,Salara,45030,0425,029042,H689,http://www.comuni-italiani.it/029/042/,base.state_it_ro,base.it,4
3663,San Bellino,45020,0425,029043,H768,http://www.comuni-italiani.it/029/043/,base.state_it_ro,base.it,4
3664,San Martino di Venezze,45030,0425,029044,H996,http://www.comuni-italiani.it/029/044/,base.state_it_ro,base.it,4
3665,Stienta,45039,0425,029045,I953,http://www.comuni-italiani.it/029/045/,base.state_it_ro,base.it,4
3666,Taglio di Po,45019,0426,029046,L026,http://www.comuni-italiani.it/029/046/,base.state_it_ro,base.it,4
3667,Trecenta,45027,0425,029047,L359,http://www.comuni-italiani.it/029/047/,base.state_it_ro,base.it,4
3668,Villadose,45010,0425,029048,L939,http://www.comuni-italiani.it/029/048/,base.state_it_ro,base.it,4
3669,Villamarzana,45030,0425,029049,L967,http://www.comuni-italiani.it/029/049/,base.state_it_ro,base.it,4
3670,Villanova del Ghebbo,45020,0425,029050,L985,http://www.comuni-italiani.it/029/050/,base.state_it_ro,base.it,4
3671,Villanova Marchesana,45030,0425,029051,L988,http://www.comuni-italiani.it/029/051/,base.state_it_ro,base.it,4
3672,Porto Viro,45014,0426,029052,G926,http://www.comuni-italiani.it/029/052/,base.state_it_ro,base.it,4
3673,Aiello del Friuli,33041,0431,030001,A103,http://www.comuni-italiani.it/030/001/,base.state_it_ud,base.it,4
3674,Amaro,33020,0433,030002,A254,http://www.comuni-italiani.it/030/002/,base.state_it_ud,base.it,4
3675,Ampezzo,33021,0433,030003,A267,http://www.comuni-italiani.it/030/003/,base.state_it_ud,base.it,4
3676,Aquileia,33051,0431,030004,A346,http://www.comuni-italiani.it/030/004/,base.state_it_ud,base.it,4
3677,Arta Terme,33022,0433,030005,A447,http://www.comuni-italiani.it/030/005/,base.state_it_ud,base.it,4
3678,Artegna,33011,0432,030006,A448,http://www.comuni-italiani.it/030/006/,base.state_it_ud,base.it,4
3679,Attimis,33040,0432,030007,A491,http://www.comuni-italiani.it/030/007/,base.state_it_ud,base.it,4
3680,Bagnaria Arsa,33050,0432,030008,A553,http://www.comuni-italiani.it/030/008/,base.state_it_ud,base.it,4
3681,Basiliano,33031,0432,030009,A700,http://www.comuni-italiani.it/030/009/,base.state_it_ud,base.it,4
3682,Bertiolo,33032,0432,030010,A810,http://www.comuni-italiani.it/030/010/,base.state_it_ud,base.it,4
3683,Bicinicco,33050,0432,030011,A855,http://www.comuni-italiani.it/030/011/,base.state_it_ud,base.it,4
3684,Bordano,33010,0432,030012,A983,http://www.comuni-italiani.it/030/012/,base.state_it_ud,base.it,4
3685,Buja,33030,0432,030013,B259,http://www.comuni-italiani.it/030/013/,base.state_it_ud,base.it,4
3686,Buttrio,33042,0432,030014,B309,http://www.comuni-italiani.it/030/014/,base.state_it_ud,base.it,4
3687,Camino al Tagliamento,33030,0432,030015,B483,http://www.comuni-italiani.it/030/015/,base.state_it_ud,base.it,4
3688,Campoformido,33030,0432,030016,B536,http://www.comuni-italiani.it/030/016/,base.state_it_ud,base.it,4
3690,Carlino,33050,0431,030018,B788,http://www.comuni-italiani.it/030/018/,base.state_it_ud,base.it,4
3691,Cassacco,33010,0432,030019,B994,http://www.comuni-italiani.it/030/019/,base.state_it_ud,base.it,4
3692,Castions di Strada,33050,0432,030020,C327,http://www.comuni-italiani.it/030/020/,base.state_it_ud,base.it,4
3693,Cavazzo Carnico,33020,0433,030021,C389,http://www.comuni-italiani.it/030/021/,base.state_it_ud,base.it,4
3694,Cercivento,33020,0433,030022,C494,http://www.comuni-italiani.it/030/022/,base.state_it_ud,base.it,4
3695,Cervignano del Friuli,33052,0431,030023,C556,http://www.comuni-italiani.it/030/023/,base.state_it_ud,base.it,4
3696,Chiopris-Viscone,33048,0432,030024,C641,http://www.comuni-italiani.it/030/024/,base.state_it_ud,base.it,4
3697,Chiusaforte,33010,0433,030025,C656,http://www.comuni-italiani.it/030/025/,base.state_it_ud,base.it,4
3698,Cividale del Friuli,33043,0432,030026,C758,http://www.comuni-italiani.it/030/026/,base.state_it_ud,base.it,4
3699,Codroipo,33033,0432,030027,C817,http://www.comuni-italiani.it/030/027/,base.state_it_ud,base.it,4
3700,Colloredo di Monte Albano,33010,0432,030028,C885,http://www.comuni-italiani.it/030/028/,base.state_it_ud,base.it,4
3701,Comeglians,33023,0433,030029,C918,http://www.comuni-italiani.it/030/029/,base.state_it_ud,base.it,4
3702,Corno di Rosazzo,33040,0432,030030,D027,http://www.comuni-italiani.it/030/030/,base.state_it_ud,base.it,4
3703,Coseano,33030,0432,030031,D085,http://www.comuni-italiani.it/030/031/,base.state_it_ud,base.it,4
3704,Dignano,33030,0432,030032,D300,http://www.comuni-italiani.it/030/032/,base.state_it_ud,base.it,4
3705,Dogna,33010,0428,030033,D316,http://www.comuni-italiani.it/030/033/,base.state_it_ud,base.it,4
3706,Drenchia,33040,0432,030034,D366,http://www.comuni-italiani.it/030/034/,base.state_it_ud,base.it,4
3707,Enemonzo,33020,0433,030035,D408,http://www.comuni-italiani.it/030/035/,base.state_it_ud,base.it,4
3708,Faedis,33040,0432,030036,D455,http://www.comuni-italiani.it/030/036/,base.state_it_ud,base.it,4
3709,Fagagna,33034,0432,030037,D461,http://www.comuni-italiani.it/030/037/,base.state_it_ud,base.it,4
3710,Fiumicello,33050,0431,030038,D627,http://www.comuni-italiani.it/030/038/,base.state_it_ud,base.it,4
3711,Flaibano,33030,0432,030039,D630,http://www.comuni-italiani.it/030/039/,base.state_it_ud,base.it,4
3712,Forni Avoltri,33020,0433,030040,D718,http://www.comuni-italiani.it/030/040/,base.state_it_ud,base.it,4
3713,Forni di Sopra,33024,0433,030041,D719,http://www.comuni-italiani.it/030/041/,base.state_it_ud,base.it,4
3714,Forni di Sotto,33020,0433,030042,D720,http://www.comuni-italiani.it/030/042/,base.state_it_ud,base.it,4
3715,Gemona del Friuli,33013,0432,030043,D962,http://www.comuni-italiani.it/030/043/,base.state_it_ud,base.it,4
3716,Gonars,33050,0432,030044,E083,http://www.comuni-italiani.it/030/044/,base.state_it_ud,base.it,4
3717,Grimacco,33040,0432,030045,E179,http://www.comuni-italiani.it/030/045/,base.state_it_ud,base.it,4
3718,Latisana,33053,0431,030046,E473,http://www.comuni-italiani.it/030/046/,base.state_it_ud,base.it,4
3719,Lauco,33029,0433,030047,E476,http://www.comuni-italiani.it/030/047/,base.state_it_ud,base.it,4
3720,Lestizza,33050,0432,030048,E553,http://www.comuni-italiani.it/030/048/,base.state_it_ud,base.it,4
3721,Lignano Sabbiadoro,33054,0431,030049,E584,http://www.comuni-italiani.it/030/049/,base.state_it_ud,base.it,4
3722,Ligosullo,33020,0433,030050,E586,http://www.comuni-italiani.it/030/050/,base.state_it_ud,base.it,4
3723,Lusevera,33010,0432,030051,E760,http://www.comuni-italiani.it/030/051/,base.state_it_ud,base.it,4
3724,Magnano in Riviera,33010,0432,030052,E820,http://www.comuni-italiani.it/030/052/,base.state_it_ud,base.it,4
3725,Majano,33030,0432,030053,E833,http://www.comuni-italiani.it/030/053/,base.state_it_ud,base.it,4
3726,Malborghetto Valbruna,33010,0428,030054,E847,http://www.comuni-italiani.it/030/054/,base.state_it_ud,base.it,4
3727,Manzano,33044,0432,030055,E899,http://www.comuni-italiani.it/030/055/,base.state_it_ud,base.it,4
3728,Marano Lagunare,33050,0431,030056,E910,http://www.comuni-italiani.it/030/056/,base.state_it_ud,base.it,4
3729,Martignacco,33035,0432,030057,E982,http://www.comuni-italiani.it/030/057/,base.state_it_ud,base.it,4
3730,Mereto di Tomba,33036,0432,030058,F144,http://www.comuni-italiani.it/030/058/,base.state_it_ud,base.it,4
3731,Moggio Udinese,33015,0433,030059,F266,http://www.comuni-italiani.it/030/059/,base.state_it_ud,base.it,4
3732,Moimacco,33040,0432,030060,F275,http://www.comuni-italiani.it/030/060/,base.state_it_ud,base.it,4
3733,Montenars,33010,0432,030061,F574,http://www.comuni-italiani.it/030/061/,base.state_it_ud,base.it,4
3734,Mortegliano,33050,0432,030062,F756,http://www.comuni-italiani.it/030/062/,base.state_it_ud,base.it,4
3735,Moruzzo,33030,0432,030063,F760,http://www.comuni-italiani.it/030/063/,base.state_it_ud,base.it,4
3736,Muzzana del Turgnano,33055,0431,030064,F832,http://www.comuni-italiani.it/030/064/,base.state_it_ud,base.it,4
3737,Nimis,33045,0432,030065,F898,http://www.comuni-italiani.it/030/065/,base.state_it_ud,base.it,4
3738,Osoppo,33010,0432,030066,G163,http://www.comuni-italiani.it/030/066/,base.state_it_ud,base.it,4
3739,Ovaro,33025,0433,030067,G198,http://www.comuni-italiani.it/030/067/,base.state_it_ud,base.it,4
3740,Pagnacco,33010,0432,030068,G238,http://www.comuni-italiani.it/030/068/,base.state_it_ud,base.it,4
3741,Palazzolo dello Stella,33056,0431,030069,G268,http://www.comuni-italiani.it/030/069/,base.state_it_ud,base.it,4
3742,Palmanova,33057,0432,030070,G284,http://www.comuni-italiani.it/030/070/,base.state_it_ud,base.it,4
3743,Paluzza,33026,0433,030071,G300,http://www.comuni-italiani.it/030/071/,base.state_it_ud,base.it,4
3744,Pasian di Prato,33037,0432,030072,G352,http://www.comuni-italiani.it/030/072/,base.state_it_ud,base.it,4
3745,Paularo,33027,0433,030073,G381,http://www.comuni-italiani.it/030/073/,base.state_it_ud,base.it,4
3746,Pavia di Udine,33050,0432,030074,G389,http://www.comuni-italiani.it/030/074/,base.state_it_ud,base.it,4
3747,Pocenia,33050,0432,030075,G743,http://www.comuni-italiani.it/030/075/,base.state_it_ud,base.it,4
3748,Pontebba,33016,0428,030076,G831,http://www.comuni-italiani.it/030/076/,base.state_it_ud,base.it,4
3749,Porpetto,33050,0431,030077,G891,http://www.comuni-italiani.it/030/077/,base.state_it_ud,base.it,4
3750,Povoletto,33040,0432,030078,G949,http://www.comuni-italiani.it/030/078/,base.state_it_ud,base.it,4
3751,Pozzuolo del Friuli,33050,0432,030079,G966,http://www.comuni-italiani.it/030/079/,base.state_it_ud,base.it,4
3752,Pradamano,33040,0432,030080,G969,http://www.comuni-italiani.it/030/080/,base.state_it_ud,base.it,4
3753,Prato Carnico,33020,0433,030081,H002,http://www.comuni-italiani.it/030/081/,base.state_it_ud,base.it,4
3754,Precenicco,33050,0431,030082,H014,http://www.comuni-italiani.it/030/082/,base.state_it_ud,base.it,4
3755,Premariacco,33040,0432,030083,H029,http://www.comuni-italiani.it/030/083/,base.state_it_ud,base.it,4
3756,Preone,33020,0433,030084,H038,http://www.comuni-italiani.it/030/084/,base.state_it_ud,base.it,4
3757,Prepotto,33040,0432,030085,H040,http://www.comuni-italiani.it/030/085/,base.state_it_ud,base.it,4
3758,Pulfero,33046,0432,030086,H089,http://www.comuni-italiani.it/030/086/,base.state_it_ud,base.it,4
3759,Ragogna,33030,0432,030087,H161,http://www.comuni-italiani.it/030/087/,base.state_it_ud,base.it,4
3760,Ravascletto,33020,0433,030088,H196,http://www.comuni-italiani.it/030/088/,base.state_it_ud,base.it,4
3761,Raveo,33029,0433,030089,H200,http://www.comuni-italiani.it/030/089/,base.state_it_ud,base.it,4
3762,Reana del Rojale,33010,0432,030090,H206,http://www.comuni-italiani.it/030/090/,base.state_it_ud,base.it,4
3763,Remanzacco,33047,0432,030091,H229,http://www.comuni-italiani.it/030/091/,base.state_it_ud,base.it,4
3764,Resia,33010,0433,030092,H242,http://www.comuni-italiani.it/030/092/,base.state_it_ud,base.it,4
3765,Resiutta,33010,0433,030093,H244,http://www.comuni-italiani.it/030/093/,base.state_it_ud,base.it,4
3766,Rigolato,33020,0433,030094,H289,http://www.comuni-italiani.it/030/094/,base.state_it_ud,base.it,4
3767,Rive d'Arcano,33030,0432,030095,H347,http://www.comuni-italiani.it/030/095/,base.state_it_ud,base.it,4
3768,Rivignano (ora Rivignano Teor),33050,0432,030096,H352,http://www.comuni-italiani.it/030/096/,base.state_it_ud,base.it,9
3769,Ronchis,33050,0431,030097,H533,http://www.comuni-italiani.it/030/097/,base.state_it_ud,base.it,4
3770,Ruda,33050,0431,030098,H629,http://www.comuni-italiani.it/030/098/,base.state_it_ud,base.it,4
3771,San Daniele del Friuli,33038,0432,030099,H816,http://www.comuni-italiani.it/030/099/,base.state_it_ud,base.it,4
3772,San Giorgio di Nogaro,33058,0431,030100,H895,http://www.comuni-italiani.it/030/100/,base.state_it_ud,base.it,4
3773,San Giovanni al Natisone,33048,0432,030101,H906,http://www.comuni-italiani.it/030/101/,base.state_it_ud,base.it,4
3774,San Leonardo,33040,0432,030102,H951,http://www.comuni-italiani.it/030/102/,base.state_it_ud,base.it,4
3775,San Pietro al Natisone,33049,0432,030103,I092,http://www.comuni-italiani.it/030/103/,base.state_it_ud,base.it,4
3776,Santa Maria la Longa,33050,0432,030104,I248,http://www.comuni-italiani.it/030/104/,base.state_it_ud,base.it,4
3777,San Vito al Torre,33050,0432,030105,I404,http://www.comuni-italiani.it/030/105/,base.state_it_ud,base.it,4
3778,San Vito di Fagagna,33030,0432,030106,I405,http://www.comuni-italiani.it/030/106/,base.state_it_ud,base.it,4
3779,Sauris,33020,0433,030107,I464,http://www.comuni-italiani.it/030/107/,base.state_it_ud,base.it,4
3780,Savogna,33040,0432,030108,I478,http://www.comuni-italiani.it/030/108/,base.state_it_ud,base.it,4
3781,Sedegliano,33039,0432,030109,I562,http://www.comuni-italiani.it/030/109/,base.state_it_ud,base.it,4
3782,Socchieve,33020,0433,030110,I777,http://www.comuni-italiani.it/030/110/,base.state_it_ud,base.it,4
3783,Stregna,33040,0432,030111,I974,http://www.comuni-italiani.it/030/111/,base.state_it_ud,base.it,4
3784,Sutrio,33020,0433,030112,L018,http://www.comuni-italiani.it/030/112/,base.state_it_ud,base.it,4
3785,Taipana,33040,0432,030113,G736,http://www.comuni-italiani.it/030/113/,base.state_it_ud,base.it,4
3786,Talmassons,33030,0432,030114,L039,http://www.comuni-italiani.it/030/114/,base.state_it_ud,base.it,4
3787,Tapogliano (ora Campolongo Tapogliano),33040,0431,030115,L044,http://www.comuni-italiani.it/030/115/,base.state_it_ud,base.it,9
3788,Tarcento,33017,0432,030116,L050,http://www.comuni-italiani.it/030/116/,base.state_it_ud,base.it,4
3789,Tarvisio,33018,0428,030117,L057,http://www.comuni-italiani.it/030/117/,base.state_it_ud,base.it,4
3790,Tavagnacco,33010,0432,030118,L065,http://www.comuni-italiani.it/030/118/,base.state_it_ud,base.it,4
3791,Teor (ora Rivignano Teor),33050,0432,030119,L101,http://www.comuni-italiani.it/030/119/,base.state_it_ud,base.it,9
3792,Terzo d'Aquileia,33050,0431,030120,L144,http://www.comuni-italiani.it/030/120/,base.state_it_ud,base.it,4
3793,Tolmezzo,33028,0433,030121,L195,http://www.comuni-italiani.it/030/121/,base.state_it_ud,base.it,4
3794,Torreano,33040,0432,030122,L246,http://www.comuni-italiani.it/030/122/,base.state_it_ud,base.it,4
3795,Torviscosa,33050,0431,030123,L309,http://www.comuni-italiani.it/030/123/,base.state_it_ud,base.it,4
3796,Trasaghis,33010,0432,030124,L335,http://www.comuni-italiani.it/030/124/,base.state_it_ud,base.it,4
3797,Treppo Carnico,33020,0433,030125,L381,http://www.comuni-italiani.it/030/125/,base.state_it_ud,base.it,4
3798,Treppo Grande,33010,0432,030126,L382,http://www.comuni-italiani.it/030/126/,base.state_it_ud,base.it,4
3799,Tricesimo,33019,0432,030127,L421,http://www.comuni-italiani.it/030/127/,base.state_it_ud,base.it,4
3800,Trivignano Udinese,33050,0432,030128,L438,http://www.comuni-italiani.it/030/128/,base.state_it_ud,base.it,4
3801,Udine,33100,0432,030129,L483,http://www.comuni-italiani.it/030/129/,base.state_it_ud,base.it,4
3802,Varmo,33030,0432,030130,L686,http://www.comuni-italiani.it/030/130/,base.state_it_ud,base.it,4
3803,Venzone,33010,0432,030131,L743,http://www.comuni-italiani.it/030/131/,base.state_it_ud,base.it,4
3804,Verzegnis,33020,0433,030132,L801,http://www.comuni-italiani.it/030/132/,base.state_it_ud,base.it,4
3805,Villa Santina,33029,0433,030133,L909,http://www.comuni-italiani.it/030/133/,base.state_it_ud,base.it,4
3806,Villa Vicentina,33059,0431,030134,M034,http://www.comuni-italiani.it/030/134/,base.state_it_ud,base.it,4
3807,Visco,33040,0432,030135,M073,http://www.comuni-italiani.it/030/135/,base.state_it_ud,base.it,4
3808,Zuglio,33020,0433,030136,M200,http://www.comuni-italiani.it/030/136/,base.state_it_ud,base.it,4
3809,Forgaria nel Friuli,33030,0427,030137,D700,http://www.comuni-italiani.it/030/137/,base.state_it_ud,base.it,4
3212,Campolongo Tapogliano,33040,0431,030138,M311,http://www.comuni-italiani.it/030/138/,base.state_it_ud,base.it,4
8119,Rivignano Teor,33050,0432,030188,M317,http://www.comuni-italiani.it/030/119/,base.state_it_ud,base.it,4
3810,Capriva del Friuli,34070,0481,031001,B712,http://www.comuni-italiani.it/031/001/,base.state_it_go,base.it,4
3811,Cormons,34071,0481,031002,D014,http://www.comuni-italiani.it/031/002/,base.state_it_go,base.it,4
3812,Doberdò del Lago,34070,0481,031003,D312,http://www.comuni-italiani.it/031/003/,base.state_it_go,base.it,4
3813,Dolegna del Collio,34070,0481,031004,D321,http://www.comuni-italiani.it/031/004/,base.state_it_go,base.it,4
3814,Farra d'Isonzo,34072,0481,031005,D504,http://www.comuni-italiani.it/031/005/,base.state_it_go,base.it,4
3815,Fogliano Redipuglia,34070,0481,031006,D645,http://www.comuni-italiani.it/031/006/,base.state_it_go,base.it,4
3816,Gorizia,34170,0481,031007,E098,http://www.comuni-italiani.it/031/007/,base.state_it_go,base.it,4
3817,Gradisca d'Isonzo,34072,0481,031008,E124,http://www.comuni-italiani.it/031/008/,base.state_it_go,base.it,4
3818,Grado,34073,0431,031009,E125,http://www.comuni-italiani.it/031/009/,base.state_it_go,base.it,4
3819,Mariano del Friuli,34070,0481,031010,E952,http://www.comuni-italiani.it/031/010/,base.state_it_go,base.it,4
3820,Medea,34076,0481,031011,F081,http://www.comuni-italiani.it/031/011/,base.state_it_go,base.it,4
3821,Monfalcone,34074,0481,031012,F356,http://www.comuni-italiani.it/031/012/,base.state_it_go,base.it,4
3822,Moraro,34070,0481,031013,F710,http://www.comuni-italiani.it/031/013/,base.state_it_go,base.it,4
3823,Mossa,34070,0481,031014,F767,http://www.comuni-italiani.it/031/014/,base.state_it_go,base.it,4
3824,Romans d'Isonzo,34076,0481,031015,H514,http://www.comuni-italiani.it/031/015/,base.state_it_go,base.it,4
3825,Ronchi dei Legionari,34077,0481,031016,H531,http://www.comuni-italiani.it/031/016/,base.state_it_go,base.it,4
3826,Sagrado,34078,0481,031017,H665,http://www.comuni-italiani.it/031/017/,base.state_it_go,base.it,4
3827,San Canzian d'Isonzo,34075,0481,031018,H787,http://www.comuni-italiani.it/031/018/,base.state_it_go,base.it,4
3828,San Floriano del Collio,34070,0481,031019,H845,http://www.comuni-italiani.it/031/019/,base.state_it_go,base.it,4
3829,San Lorenzo Isontino,34070,0481,031020,H964,http://www.comuni-italiani.it/031/020/,base.state_it_go,base.it,4
3830,San Pier d'Isonzo,34070,0481,031021,I082,http://www.comuni-italiani.it/031/021/,base.state_it_go,base.it,4
3831,Savogna d'Isonzo,34070,0481,031022,I479,http://www.comuni-italiani.it/031/022/,base.state_it_go,base.it,4
3832,Staranzano,34079,0481,031023,I939,http://www.comuni-italiani.it/031/023/,base.state_it_go,base.it,4
3833,Turriaco,34070,0481,031024,L474,http://www.comuni-italiani.it/031/024/,base.state_it_go,base.it,4
3834,Villesse,34070,0481,031025,M043,http://www.comuni-italiani.it/031/025/,base.state_it_go,base.it,4
3835,Duino-Aurisina,34011,040,032001,D383,http://www.comuni-italiani.it/032/001/,base.state_it_ts,base.it,4
3836,Monrupino,34016,040,032002,F378,http://www.comuni-italiani.it/032/002/,base.state_it_ts,base.it,4
3837,Muggia,34015,040,032003,F795,http://www.comuni-italiani.it/032/003/,base.state_it_ts,base.it,4
3838,San Dorligo della Valle - Dolina,34018,040,032004,D324,http://www.comuni-italiani.it/032/004/,base.state_it_ts,base.it,4
3839,Sgonico,34010,040,032005,I715,http://www.comuni-italiani.it/032/005/,base.state_it_ts,base.it,4
3840,Trieste,341%%,040,032006,L424,http://www.comuni-italiani.it/032/006/,base.state_it_ts,base.it,4
3841,Agazzano,29010,0523,033001,A067,http://www.comuni-italiani.it/033/001/,base.state_it_pc,base.it,4
3842,Alseno,29010,0523,033002,A223,http://www.comuni-italiani.it/033/002/,base.state_it_pc,base.it,4
3843,Besenzone,29010,0523,033003,A823,http://www.comuni-italiani.it/033/003/,base.state_it_pc,base.it,4
3844,Bettola,29021,0523,033004,A831,http://www.comuni-italiani.it/033/004/,base.state_it_pc,base.it,4
3845,Bobbio,29022,0523,033005,A909,http://www.comuni-italiani.it/033/005/,base.state_it_pc,base.it,4
3846,Borgonovo Val Tidone,29011,0523,033006,B025,http://www.comuni-italiani.it/033/006/,base.state_it_pc,base.it,4
3847,Cadeo,29010,0523,033007,B332,http://www.comuni-italiani.it/033/007/,base.state_it_pc,base.it,4
3848,Calendasco,29010,0523,033008,B405,http://www.comuni-italiani.it/033/008/,base.state_it_pc,base.it,4
3849,Caminata,29010,0523,033009,B479,http://www.comuni-italiani.it/033/009/,base.state_it_pc,base.it,4
3850,Caorso,29012,0523,033010,B643,http://www.comuni-italiani.it/033/010/,base.state_it_pc,base.it,4
3851,Carpaneto Piacentino,29013,0523,033011,B812,http://www.comuni-italiani.it/033/011/,base.state_it_pc,base.it,4
3852,Castell'Arquato,29014,0523,033012,C145,http://www.comuni-italiani.it/033/012/,base.state_it_pc,base.it,4
3853,Castel San Giovanni,29015,0523,033013,C261,http://www.comuni-italiani.it/033/013/,base.state_it_pc,base.it,4
3854,Castelvetro Piacentino,29010,0523,033014,C288,http://www.comuni-italiani.it/033/014/,base.state_it_pc,base.it,4
3855,Cerignale,29020,0523,033015,C513,http://www.comuni-italiani.it/033/015/,base.state_it_pc,base.it,4
3856,Coli,29020,0523,033016,C838,http://www.comuni-italiani.it/033/016/,base.state_it_pc,base.it,4
3857,Corte Brugnatella,29020,0523,033017,D054,http://www.comuni-italiani.it/033/017/,base.state_it_pc,base.it,4
3858,Cortemaggiore,29016,0523,033018,D061,http://www.comuni-italiani.it/033/018/,base.state_it_pc,base.it,4
3859,Farini,29023,0523,033019,D502,http://www.comuni-italiani.it/033/019/,base.state_it_pc,base.it,4
3860,Ferriere,29024,0523,033020,D555,http://www.comuni-italiani.it/033/020/,base.state_it_pc,base.it,4
3861,Fiorenzuola d'Arda,29017,0523,033021,D611,http://www.comuni-italiani.it/033/021/,base.state_it_pc,base.it,4
3862,Gazzola,29010,0523,033022,D958,http://www.comuni-italiani.it/033/022/,base.state_it_pc,base.it,4
3863,Gossolengo,29020,0523,033023,E114,http://www.comuni-italiani.it/033/023/,base.state_it_pc,base.it,4
3864,Gragnano Trebbiense,29010,0523,033024,E132,http://www.comuni-italiani.it/033/024/,base.state_it_pc,base.it,4
3865,Gropparello,29025,0523,033025,E196,http://www.comuni-italiani.it/033/025/,base.state_it_pc,base.it,4
3866,Lugagnano Val d'Arda,29018,0523,033026,E726,http://www.comuni-italiani.it/033/026/,base.state_it_pc,base.it,4
3867,Monticelli d'Ongina,29010,0523,033027,F671,http://www.comuni-italiani.it/033/027/,base.state_it_pc,base.it,4
3868,Morfasso,29020,0523,033028,F724,http://www.comuni-italiani.it/033/028/,base.state_it_pc,base.it,4
3869,Nibbiano,29010,0523,033029,F885,http://www.comuni-italiani.it/033/029/,base.state_it_pc,base.it,4
3870,Ottone,29026,0523,033030,G195,http://www.comuni-italiani.it/033/030/,base.state_it_pc,base.it,4
3871,Pecorara,29010,0523,033031,G399,http://www.comuni-italiani.it/033/031/,base.state_it_pc,base.it,4
3872,Piacenza,2912%,0523,033032,G535,http://www.comuni-italiani.it/033/032/,base.state_it_pc,base.it,4
3873,Pianello Val Tidone,29010,0523,033033,G557,http://www.comuni-italiani.it/033/033/,base.state_it_pc,base.it,4
3874,Piozzano,29010,0523,033034,G696,http://www.comuni-italiani.it/033/034/,base.state_it_pc,base.it,4
3875,Podenzano,29027,0523,033035,G747,http://www.comuni-italiani.it/033/035/,base.state_it_pc,base.it,4
3876,Ponte dell'Olio,29028,0523,033036,G842,http://www.comuni-italiani.it/033/036/,base.state_it_pc,base.it,4
3877,Pontenure,29010,0523,033037,G852,http://www.comuni-italiani.it/033/037/,base.state_it_pc,base.it,4
3878,Rivergaro,29029,0523,033038,H350,http://www.comuni-italiani.it/033/038/,base.state_it_pc,base.it,4
3879,Rottofreno,29010,0523,033039,H593,http://www.comuni-italiani.it/033/039/,base.state_it_pc,base.it,4
3880,San Giorgio Piacentino,29019,0523,033040,H887,http://www.comuni-italiani.it/033/040/,base.state_it_pc,base.it,4
3881,San Pietro in Cerro,29010,0523,033041,G788,http://www.comuni-italiani.it/033/041/,base.state_it_pc,base.it,4
3882,Sarmato,29010,0523,033042,I434,http://www.comuni-italiani.it/033/042/,base.state_it_pc,base.it,4
3883,Travo,29020,0523,033043,L348,http://www.comuni-italiani.it/033/043/,base.state_it_pc,base.it,4
3884,Vernasca,29010,0523,033044,L772,http://www.comuni-italiani.it/033/044/,base.state_it_pc,base.it,4
3885,Vigolzone,29020,0523,033045,L897,http://www.comuni-italiani.it/033/045/,base.state_it_pc,base.it,4
3886,Villanova sull'Arda,29010,0523,033046,L980,http://www.comuni-italiani.it/033/046/,base.state_it_pc,base.it,4
3887,Zerba,29020,0523,033047,M165,http://www.comuni-italiani.it/033/047/,base.state_it_pc,base.it,4
3888,Ziano Piacentino,29010,0523,033048,L848,http://www.comuni-italiani.it/033/048/,base.state_it_pc,base.it,4
3889,Albareto,43051,0525,034001,A138,http://www.comuni-italiani.it/034/001/,base.state_it_pr,base.it,4
3890,Bardi,43032,0525,034002,A646,http://www.comuni-italiani.it/034/002/,base.state_it_pr,base.it,4
3891,Bedonia,43041,0525,034003,A731,http://www.comuni-italiani.it/034/003/,base.state_it_pr,base.it,4
3892,Berceto,43042,0525,034004,A788,http://www.comuni-italiani.it/034/004/,base.state_it_pr,base.it,4
3893,Bore,43030,0525,034005,A987,http://www.comuni-italiani.it/034/005/,base.state_it_pr,base.it,4
3894,Borgo Val di Taro,43043,0525,034006,B042,http://www.comuni-italiani.it/034/006/,base.state_it_pr,base.it,4
3895,Busseto,43011,0524,034007,B293,http://www.comuni-italiani.it/034/007/,base.state_it_pr,base.it,4
3896,Calestano,43030,0525,034008,B408,http://www.comuni-italiani.it/034/008/,base.state_it_pr,base.it,4
3897,Collecchio,43044,0521,034009,C852,http://www.comuni-italiani.it/034/009/,base.state_it_pr,base.it,4
3898,Colorno,43052,0521,034010,C904,http://www.comuni-italiani.it/034/010/,base.state_it_pr,base.it,4
3899,Compiano,43053,0525,034011,C934,http://www.comuni-italiani.it/034/011/,base.state_it_pr,base.it,4
3900,Corniglio,43021,0521,034012,D026,http://www.comuni-italiani.it/034/012/,base.state_it_pr,base.it,4
3901,Felino,43035,0521,034013,D526,http://www.comuni-italiani.it/034/013/,base.state_it_pr,base.it,4
3902,Fidenza,43036,0524,034014,B034,http://www.comuni-italiani.it/034/014/,base.state_it_pr,base.it,4
3903,Fontanellato,43012,0521,034015,D673,http://www.comuni-italiani.it/034/015/,base.state_it_pr,base.it,4
3904,Fontevivo,43010,0521,034016,D685,http://www.comuni-italiani.it/034/016/,base.state_it_pr,base.it,4
3905,Fornovo di Taro,43045,0525,034017,D728,http://www.comuni-italiani.it/034/017/,base.state_it_pr,base.it,4
3906,Langhirano,43013,0521,034018,E438,http://www.comuni-italiani.it/034/018/,base.state_it_pr,base.it,4
3907,Lesignano de' Bagni,43037,0521,034019,E547,http://www.comuni-italiani.it/034/019/,base.state_it_pr,base.it,4
3908,Medesano,43014,0525,034020,F082,http://www.comuni-italiani.it/034/020/,base.state_it_pr,base.it,4
3909,Mezzani,43055,0521,034021,F174,http://www.comuni-italiani.it/034/021/,base.state_it_pr,base.it,4
3910,Monchio delle Corti,43010,0521,034022,F340,http://www.comuni-italiani.it/034/022/,base.state_it_pr,base.it,4
3911,Montechiarugolo,43022,0521,034023,F473,http://www.comuni-italiani.it/034/023/,base.state_it_pr,base.it,4
3912,Neviano degli Arduini,43024,0521,034024,F882,http://www.comuni-italiani.it/034/024/,base.state_it_pr,base.it,4
3913,Noceto,43015,0521,034025,F914,http://www.comuni-italiani.it/034/025/,base.state_it_pr,base.it,4
3914,Palanzano,43025,0521,034026,G255,http://www.comuni-italiani.it/034/026/,base.state_it_pr,base.it,4
3915,Parma,4312%,0521,034027,G337,http://www.comuni-italiani.it/034/027/,base.state_it_pr,base.it,4
3916,Pellegrino Parmense,43047,0524,034028,G424,http://www.comuni-italiani.it/034/028/,base.state_it_pr,base.it,4
3917,Polesine Parmense,43010,0524,034029,G783,http://www.comuni-italiani.it/034/029/,base.state_it_pr,base.it,4
3918,Roccabianca,43010,0521,034030,H384,http://www.comuni-italiani.it/034/030/,base.state_it_pr,base.it,4
3919,Sala Baganza,43038,0521,034031,H682,http://www.comuni-italiani.it/034/031/,base.state_it_pr,base.it,4
3920,Salsomaggiore Terme,43039,0524,034032,H720,http://www.comuni-italiani.it/034/032/,base.state_it_pr,base.it,4
3921,San Secondo Parmense,43017,0521,034033,I153,http://www.comuni-italiani.it/034/033/,base.state_it_pr,base.it,4
3922,Sissa (ora Sissa Trecasali),43018,0521,034034,I763,http://www.comuni-italiani.it/034/034/,base.state_it_pr,base.it,9
3923,Solignano,43040,0525,034035,I803,http://www.comuni-italiani.it/034/035/,base.state_it_pr,base.it,4
3924,Soragna,43019,0524,034036,I840,http://www.comuni-italiani.it/034/036/,base.state_it_pr,base.it,4
3925,Sorbolo,43058,0521,034037,I845,http://www.comuni-italiani.it/034/037/,base.state_it_pr,base.it,4
3926,Terenzo,43040,0525,034038,E548,http://www.comuni-italiani.it/034/038/,base.state_it_pr,base.it,4
3927,Tizzano Val Parma,43028,0521,034039,L183,http://www.comuni-italiani.it/034/039/,base.state_it_pr,base.it,4
3928,Tornolo,43059,0525,034040,L229,http://www.comuni-italiani.it/034/040/,base.state_it_pr,base.it,4
3929,Torrile,43056,0521,034041,L299,http://www.comuni-italiani.it/034/041/,base.state_it_pr,base.it,4
3930,Traversetolo,43029,0521,034042,L346,http://www.comuni-italiani.it/034/042/,base.state_it_pr,base.it,4
3931,Trecasali  (ora Sissa Trecasali),43010,0521,034043,L354,http://www.comuni-italiani.it/034/043/,base.state_it_pr,base.it,9
3932,Valmozzola,43050,0525,034044,L641,http://www.comuni-italiani.it/034/044/,base.state_it_pr,base.it,4
3933,Varano de' Melegari,43040,0525,034045,L672,http://www.comuni-italiani.it/034/045/,base.state_it_pr,base.it,4
3934,Varsi,43049,0525,034046,L689,http://www.comuni-italiani.it/034/046/,base.state_it_pr,base.it,4
3935,Zibello,43010,0524,034048,M174,http://www.comuni-italiani.it/034/048/,base.state_it_pr,base.it,4
8120,Sissa Trecasali,43010,0521,034049,M325,http://www.comuni-italiani.it/034/049/,base.state_it_pr,base.it,4
3936,Albinea,42020,0522,035001,A162,http://www.comuni-italiani.it/035/001/,base.state_it_re,base.it,4
3937,Bagnolo in Piano,42011,0522,035002,A573,http://www.comuni-italiani.it/035/002/,base.state_it_re,base.it,4
3938,Baiso,42031,0522,035003,A586,http://www.comuni-italiani.it/035/003/,base.state_it_re,base.it,4
3939,Bibbiano,42021,0522,035004,A850,http://www.comuni-italiani.it/035/004/,base.state_it_re,base.it,4
3940,Boretto,42022,0522,035005,A988,http://www.comuni-italiani.it/035/005/,base.state_it_re,base.it,4
3941,Brescello,42041,0522,035006,B156,http://www.comuni-italiani.it/035/006/,base.state_it_re,base.it,4
3942,Busana,42032,0522,035007,B283,http://www.comuni-italiani.it/035/007/,base.state_it_re,base.it,4
3943,Cadelbosco di Sopra,42023,0522,035008,B328,http://www.comuni-italiani.it/035/008/,base.state_it_re,base.it,4
3944,Campagnola Emilia,42012,0522,035009,B499,http://www.comuni-italiani.it/035/009/,base.state_it_re,base.it,4
3945,Campegine,42040,0522,035010,B502,http://www.comuni-italiani.it/035/010/,base.state_it_re,base.it,4
3946,Carpineti,42033,0522,035011,B825,http://www.comuni-italiani.it/035/011/,base.state_it_re,base.it,4
3947,Casalgrande,42013,0522,035012,B893,http://www.comuni-italiani.it/035/012/,base.state_it_re,base.it,4
3948,Casina,42034,0522,035013,B967,http://www.comuni-italiani.it/035/013/,base.state_it_re,base.it,4
3949,Castellarano,42014,0536,035014,C141,http://www.comuni-italiani.it/035/014/,base.state_it_re,base.it,4
3950,Castelnovo di Sotto,42024,0522,035015,C218,http://www.comuni-italiani.it/035/015/,base.state_it_re,base.it,4
3951,Castelnovo ne' Monti,42035,0522,035016,C219,http://www.comuni-italiani.it/035/016/,base.state_it_re,base.it,4
3952,Cavriago,42025,0522,035017,C405,http://www.comuni-italiani.it/035/017/,base.state_it_re,base.it,4
3953,Canossa,42026,0522,035018,C669,http://www.comuni-italiani.it/035/018/,base.state_it_re,base.it,4
3954,Collagna,42037,0522,035019,C840,http://www.comuni-italiani.it/035/019/,base.state_it_re,base.it,4
3955,Correggio,42015,0522,035020,D037,http://www.comuni-italiani.it/035/020/,base.state_it_re,base.it,4
3956,Fabbrico,42042,0522,035021,D450,http://www.comuni-italiani.it/035/021/,base.state_it_re,base.it,4
3957,Gattatico,42043,0522,035022,D934,http://www.comuni-italiani.it/035/022/,base.state_it_re,base.it,4
3958,Gualtieri,42044,0522,035023,E232,http://www.comuni-italiani.it/035/023/,base.state_it_re,base.it,4
3959,Guastalla,42016,0522,035024,E253,http://www.comuni-italiani.it/035/024/,base.state_it_re,base.it,4
3960,Ligonchio,42039,0522,035025,E585,http://www.comuni-italiani.it/035/025/,base.state_it_re,base.it,4
3961,Luzzara,42045,0522,035026,E772,http://www.comuni-italiani.it/035/026/,base.state_it_re,base.it,4
3962,Montecchio Emilia,42027,0522,035027,F463,http://www.comuni-italiani.it/035/027/,base.state_it_re,base.it,4
3963,Novellara,42017,0522,035028,F960,http://www.comuni-italiani.it/035/028/,base.state_it_re,base.it,4
3964,Poviglio,42028,0522,035029,G947,http://www.comuni-italiani.it/035/029/,base.state_it_re,base.it,4
3965,Quattro Castella,42020,0522,035030,H122,http://www.comuni-italiani.it/035/030/,base.state_it_re,base.it,4
3966,Ramiseto,42030,0522,035031,G654,http://www.comuni-italiani.it/035/031/,base.state_it_re,base.it,4
3967,Reggiolo,42046,0522,035032,H225,http://www.comuni-italiani.it/035/032/,base.state_it_re,base.it,4
3968,Reggio nell'Emilia,4212%,0522,035033,H223,http://www.comuni-italiani.it/035/033/,base.state_it_re,base.it,4
3969,Rio Saliceto,42010,0522,035034,H298,http://www.comuni-italiani.it/035/034/,base.state_it_re,base.it,4
3970,Rolo,42047,0522,035035,H500,http://www.comuni-italiani.it/035/035/,base.state_it_re,base.it,4
3971,Rubiera,42048,0522,035036,H628,http://www.comuni-italiani.it/035/036/,base.state_it_re,base.it,4
3972,San Martino in Rio,42018,0522,035037,I011,http://www.comuni-italiani.it/035/037/,base.state_it_re,base.it,4
3973,San Polo d'Enza,42020,0522,035038,I123,http://www.comuni-italiani.it/035/038/,base.state_it_re,base.it,4
3974,Sant'Ilario d'Enza,42049,0522,035039,I342,http://www.comuni-italiani.it/035/039/,base.state_it_re,base.it,4
3975,Scandiano,42019,0522,035040,I496,http://www.comuni-italiani.it/035/040/,base.state_it_re,base.it,4
3976,Toano,42010,0522,035041,L184,http://www.comuni-italiani.it/035/041/,base.state_it_re,base.it,4
3977,Vetto,42020,0522,035042,L815,http://www.comuni-italiani.it/035/042/,base.state_it_re,base.it,4
3978,Vezzano sul Crostolo,42030,0522,035043,L820,http://www.comuni-italiani.it/035/043/,base.state_it_re,base.it,4
3979,Viano,42030,0522,035044,L831,http://www.comuni-italiani.it/035/044/,base.state_it_re,base.it,4
3980,Villa Minozzo,42030,0522,035045,L969,http://www.comuni-italiani.it/035/045/,base.state_it_re,base.it,4
3981,Bastiglia,41030,059,036001,A713,http://www.comuni-italiani.it/036/001/,base.state_it_mo,base.it,4
3982,Bomporto,41030,059,036002,A959,http://www.comuni-italiani.it/036/002/,base.state_it_mo,base.it,4
3983,Campogalliano,41011,059,036003,B539,http://www.comuni-italiani.it/036/003/,base.state_it_mo,base.it,4
3984,Camposanto,41031,0535,036004,B566,http://www.comuni-italiani.it/036/004/,base.state_it_mo,base.it,4
3985,Carpi,41012,059,036005,B819,http://www.comuni-italiani.it/036/005/,base.state_it_mo,base.it,4
3986,Castelfranco Emilia,41013,059,036006,C107,http://www.comuni-italiani.it/036/006/,base.state_it_mo,base.it,4
3987,Castelnuovo Rangone,41051,059,036007,C242,http://www.comuni-italiani.it/036/007/,base.state_it_mo,base.it,4
3988,Castelvetro di Modena,41014,059,036008,C287,http://www.comuni-italiani.it/036/008/,base.state_it_mo,base.it,4
3989,Cavezzo,41032,0535,036009,C398,http://www.comuni-italiani.it/036/009/,base.state_it_mo,base.it,4
3990,Concordia sulla Secchia,41033,0535,036010,C951,http://www.comuni-italiani.it/036/010/,base.state_it_mo,base.it,4
3991,Fanano,41021,0536,036011,D486,http://www.comuni-italiani.it/036/011/,base.state_it_mo,base.it,4
3992,Finale Emilia,41034,0535,036012,D599,http://www.comuni-italiani.it/036/012/,base.state_it_mo,base.it,4
3993,Fiorano Modenese,41042,0536,036013,D607,http://www.comuni-italiani.it/036/013/,base.state_it_mo,base.it,4
3994,Fiumalbo,41022,0536,036014,D617,http://www.comuni-italiani.it/036/014/,base.state_it_mo,base.it,4
3995,Formigine,41043,059,036015,D711,http://www.comuni-italiani.it/036/015/,base.state_it_mo,base.it,4
3996,Frassinoro,41044,0536,036016,D783,http://www.comuni-italiani.it/036/016/,base.state_it_mo,base.it,4
3997,Guiglia,41052,059,036017,E264,http://www.comuni-italiani.it/036/017/,base.state_it_mo,base.it,4
3998,Lama Mocogno,41023,0536,036018,E426,http://www.comuni-italiani.it/036/018/,base.state_it_mo,base.it,4
3999,Maranello,41053,0536,036019,E904,http://www.comuni-italiani.it/036/019/,base.state_it_mo,base.it,4
4000,Marano sul Panaro,41054,059,036020,E905,http://www.comuni-italiani.it/036/020/,base.state_it_mo,base.it,4
4001,Medolla,41036,0535,036021,F087,http://www.comuni-italiani.it/036/021/,base.state_it_mo,base.it,4
4002,Mirandola,41037,0535,036022,F240,http://www.comuni-italiani.it/036/022/,base.state_it_mo,base.it,4
4003,Modena,4112%,059,036023,F257,http://www.comuni-italiani.it/036/023/,base.state_it_mo,base.it,4
4004,Montecreto,41025,0536,036024,F484,http://www.comuni-italiani.it/036/024/,base.state_it_mo,base.it,4
4005,Montefiorino,41045,0536,036025,F503,http://www.comuni-italiani.it/036/025/,base.state_it_mo,base.it,4
4006,Montese,41055,059,036026,F642,http://www.comuni-italiani.it/036/026/,base.state_it_mo,base.it,4
4007,Nonantola,41015,059,036027,F930,http://www.comuni-italiani.it/036/027/,base.state_it_mo,base.it,4
4008,Novi di Modena,41016,059,036028,F966,http://www.comuni-italiani.it/036/028/,base.state_it_mo,base.it,4
4009,Palagano,41046,0536,036029,G250,http://www.comuni-italiani.it/036/029/,base.state_it_mo,base.it,4
4010,Pavullo nel Frignano,41026,0536,036030,G393,http://www.comuni-italiani.it/036/030/,base.state_it_mo,base.it,4
4011,Pievepelago,41027,0536,036031,G649,http://www.comuni-italiani.it/036/031/,base.state_it_mo,base.it,4
4012,Polinago,41040,0536,036032,G789,http://www.comuni-italiani.it/036/032/,base.state_it_mo,base.it,4
4013,Prignano sulla Secchia,41048,0536,036033,H061,http://www.comuni-italiani.it/036/033/,base.state_it_mo,base.it,4
4014,Ravarino,41017,059,036034,H195,http://www.comuni-italiani.it/036/034/,base.state_it_mo,base.it,4
4015,Riolunato,41020,0536,036035,H303,http://www.comuni-italiani.it/036/035/,base.state_it_mo,base.it,4
4016,San Cesario sul Panaro,41018,059,036036,H794,http://www.comuni-italiani.it/036/036/,base.state_it_mo,base.it,4
4017,San Felice sul Panaro,41038,0535,036037,H835,http://www.comuni-italiani.it/036/037/,base.state_it_mo,base.it,4
4018,San Possidonio,41039,0535,036038,I128,http://www.comuni-italiani.it/036/038/,base.state_it_mo,base.it,4
4019,San Prospero,41030,059,036039,I133,http://www.comuni-italiani.it/036/039/,base.state_it_mo,base.it,4
4020,Sassuolo,41049,0536,036040,I462,http://www.comuni-italiani.it/036/040/,base.state_it_mo,base.it,4
4021,Savignano sul Panaro,41056,059,036041,I473,http://www.comuni-italiani.it/036/041/,base.state_it_mo,base.it,4
4022,Serramazzoni,41028,0536,036042,F357,http://www.comuni-italiani.it/036/042/,base.state_it_mo,base.it,4
4023,Sestola,41029,0536,036043,I689,http://www.comuni-italiani.it/036/043/,base.state_it_mo,base.it,4
4024,Soliera,41019,059,036044,I802,http://www.comuni-italiani.it/036/044/,base.state_it_mo,base.it,4
4025,Spilamberto,41057,059,036045,I903,http://www.comuni-italiani.it/036/045/,base.state_it_mo,base.it,4
4026,Vignola,41058,059,036046,L885,http://www.comuni-italiani.it/036/046/,base.state_it_mo,base.it,4
4027,Zocca,41059,059,036047,M183,http://www.comuni-italiani.it/036/047/,base.state_it_mo,base.it,4
4028,Anzola dell'Emilia,40011,051,037001,A324,http://www.comuni-italiani.it/037/001/,base.state_it_bo,base.it,4
4029,Argelato,40050,051,037002,A392,http://www.comuni-italiani.it/037/002/,base.state_it_bo,base.it,4
4030,Baricella,40052,051,037003,A665,http://www.comuni-italiani.it/037/003/,base.state_it_bo,base.it,4
4031,Bazzano (ora Valsamoggia),40053,051,037004,A726,http://www.comuni-italiani.it/037/004/,base.state_it_bo,base.it,9
4032,Bentivoglio,40010,051,037005,A785,http://www.comuni-italiani.it/037/005/,base.state_it_bo,base.it,4
4033,Bologna,401%%,051,037006,A944,http://www.comuni-italiani.it/037/006/,base.state_it_bo,base.it,4
4034,Borgo Tossignano,40021,0542,037007,B044,http://www.comuni-italiani.it/037/007/,base.state_it_bo,base.it,4
4035,Budrio,40054,051,037008,B249,http://www.comuni-italiani.it/037/008/,base.state_it_bo,base.it,4
4036,Calderara di Reno,40012,051,037009,B399,http://www.comuni-italiani.it/037/009/,base.state_it_bo,base.it,4
4037,Camugnano,40032,0534,037010,B572,http://www.comuni-italiani.it/037/010/,base.state_it_bo,base.it,4
4038,Casalecchio di Reno,40033,051,037011,B880,http://www.comuni-italiani.it/037/011/,base.state_it_bo,base.it,4
4039,Casalfiumanese,40020,0542,037012,B892,http://www.comuni-italiani.it/037/012/,base.state_it_bo,base.it,4
4040,Castel d'Aiano,40034,051,037013,C075,http://www.comuni-italiani.it/037/013/,base.state_it_bo,base.it,4
4041,Castel del Rio,40022,0542,037014,C086,http://www.comuni-italiani.it/037/014/,base.state_it_bo,base.it,4
4042,Castel di Casio,40030,0534,037015,B969,http://www.comuni-italiani.it/037/015/,base.state_it_bo,base.it,4
4043,Castel Guelfo di Bologna,40023,0542,037016,C121,http://www.comuni-italiani.it/037/016/,base.state_it_bo,base.it,4
4044,Castello d'Argile,40050,051,037017,C185,http://www.comuni-italiani.it/037/017/,base.state_it_bo,base.it,4
4045,Castello di Serravalle (ora Valsamoggia),40050,051,037018,C191,http://www.comuni-italiani.it/037/018/,base.state_it_bo,base.it,9
4046,Castel Maggiore,40013,051,037019,C204,http://www.comuni-italiani.it/037/019/,base.state_it_bo,base.it,4
4047,Castel San Pietro Terme,40024,051,037020,C265,http://www.comuni-italiani.it/037/020/,base.state_it_bo,base.it,4
4048,Castenaso,40055,051,037021,C292,http://www.comuni-italiani.it/037/021/,base.state_it_bo,base.it,4
4049,Castiglione dei Pepoli,40035,0534,037022,C296,http://www.comuni-italiani.it/037/022/,base.state_it_bo,base.it,4
4050,Crespellano (ora Valsamoggia),40056,051,037023,D158,http://www.comuni-italiani.it/037/023/,base.state_it_bo,base.it,9
4051,Crevalcore,40014,051,037024,D166,http://www.comuni-italiani.it/037/024/,base.state_it_bo,base.it,4
4052,Dozza,40060,0542,037025,D360,http://www.comuni-italiani.it/037/025/,base.state_it_bo,base.it,4
4053,Fontanelice,40025,0542,037026,D668,http://www.comuni-italiani.it/037/026/,base.state_it_bo,base.it,4
4054,Gaggio Montano,40041,0534,037027,D847,http://www.comuni-italiani.it/037/027/,base.state_it_bo,base.it,4
4055,Galliera,40015,051,037028,D878,http://www.comuni-italiani.it/037/028/,base.state_it_bo,base.it,4
4056,Granaglione,40045,0534,037029,E135,http://www.comuni-italiani.it/037/029/,base.state_it_bo,base.it,4
4057,Granarolo dell'Emilia,40057,051,037030,E136,http://www.comuni-italiani.it/037/030/,base.state_it_bo,base.it,4
4058,Grizzana Morandi,40030,051,037031,E187,http://www.comuni-italiani.it/037/031/,base.state_it_bo,base.it,4
4059,Imola,40026,0542,037032,E289,http://www.comuni-italiani.it/037/032/,base.state_it_bo,base.it,4
4060,Lizzano in Belvedere,40042,0534,037033,A771,http://www.comuni-italiani.it/037/033/,base.state_it_bo,base.it,4
4061,Loiano,40050,051,037034,E655,http://www.comuni-italiani.it/037/034/,base.state_it_bo,base.it,4
4062,Malalbergo,40051,051,037035,E844,http://www.comuni-italiani.it/037/035/,base.state_it_bo,base.it,4
4063,Marzabotto,40043,051,037036,B689,http://www.comuni-italiani.it/037/036/,base.state_it_bo,base.it,4
4064,Medicina,40059,051,037037,F083,http://www.comuni-italiani.it/037/037/,base.state_it_bo,base.it,4
4065,Minerbio,40061,051,037038,F219,http://www.comuni-italiani.it/037/038/,base.state_it_bo,base.it,4
4066,Molinella,40062,051,037039,F288,http://www.comuni-italiani.it/037/039/,base.state_it_bo,base.it,4
4067,Monghidoro,40063,051,037040,F363,http://www.comuni-italiani.it/037/040/,base.state_it_bo,base.it,4
4068,Monterenzio,40050,051,037041,F597,http://www.comuni-italiani.it/037/041/,base.state_it_bo,base.it,4
4069,Monte San Pietro,40050,051,037042,F627,http://www.comuni-italiani.it/037/042/,base.state_it_bo,base.it,4
4070,Monteveglio (ora Valsamoggia),40050,051,037043,F659,http://www.comuni-italiani.it/037/043/,base.state_it_bo,base.it,9
4071,Monzuno,40036,051,037044,F706,http://www.comuni-italiani.it/037/044/,base.state_it_bo,base.it,4
4072,Mordano,40027,0542,037045,F718,http://www.comuni-italiani.it/037/045/,base.state_it_bo,base.it,4
4073,Ozzano dell'Emilia,40064,051,037046,G205,http://www.comuni-italiani.it/037/046/,base.state_it_bo,base.it,4
4074,Pianoro,40065,051,037047,G570,http://www.comuni-italiani.it/037/047/,base.state_it_bo,base.it,4
4075,Pieve di Cento,40066,051,037048,G643,http://www.comuni-italiani.it/037/048/,base.state_it_bo,base.it,4
4076,Porretta Terme,40046,0534,037049,A558,http://www.comuni-italiani.it/037/049/,base.state_it_bo,base.it,4
4077,Sala Bolognese,40010,051,037050,H678,http://www.comuni-italiani.it/037/050/,base.state_it_bo,base.it,4
4078,San Benedetto Val di Sambro,40048,0534,037051,G566,http://www.comuni-italiani.it/037/051/,base.state_it_bo,base.it,4
4079,San Giorgio di Piano,40016,051,037052,H896,http://www.comuni-italiani.it/037/052/,base.state_it_bo,base.it,4
4080,San Giovanni in Persiceto,40017,051,037053,G467,http://www.comuni-italiani.it/037/053/,base.state_it_bo,base.it,4
4081,San Lazzaro di Savena,40068,051,037054,H945,http://www.comuni-italiani.it/037/054/,base.state_it_bo,base.it,4
4082,San Pietro in Casale,40018,051,037055,I110,http://www.comuni-italiani.it/037/055/,base.state_it_bo,base.it,4
4083,Sant'Agata Bolognese,40019,051,037056,I191,http://www.comuni-italiani.it/037/056/,base.state_it_bo,base.it,4
4084,Sasso Marconi,40037,051,037057,G972,http://www.comuni-italiani.it/037/057/,base.state_it_bo,base.it,4
4085,Savigno (ora Valsamoggia),40060,051,037058,I474,http://www.comuni-italiani.it/037/058/,base.state_it_bo,base.it,9
4086,Vergato,40038,051,037059,L762,http://www.comuni-italiani.it/037/059/,base.state_it_bo,base.it,4
4087,Zola Predosa,40069,051,037060,M185,http://www.comuni-italiani.it/037/060/,base.state_it_bo,base.it,4
8121,Valsamoggia,40060,051,037061,M320,http://www.comuni-italiani.it/037/061/,base.state_it_bo,base.it,4
4088,Argenta,44011,0532,038001,A393,http://www.comuni-italiani.it/038/001/,base.state_it_fe,base.it,4
4089,Berra,44033,0532,038002,A806,http://www.comuni-italiani.it/038/002/,base.state_it_fe,base.it,4
4090,Bondeno,44012,0532,038003,A965,http://www.comuni-italiani.it/038/003/,base.state_it_fe,base.it,4
4091,Cento,44042,051,038004,C469,http://www.comuni-italiani.it/038/004/,base.state_it_fe,base.it,4
4092,Codigoro,44021,0533,038005,C814,http://www.comuni-italiani.it/038/005/,base.state_it_fe,base.it,4
4093,Comacchio,44022,0533,038006,C912,http://www.comuni-italiani.it/038/006/,base.state_it_fe,base.it,4
4094,Copparo,44034,0532,038007,C980,http://www.comuni-italiani.it/038/007/,base.state_it_fe,base.it,4
4095,Ferrara,4412%,0532,038008,D548,http://www.comuni-italiani.it/038/008/,base.state_it_fe,base.it,4
4096,Formignana,44035,0533,038009,D713,http://www.comuni-italiani.it/038/009/,base.state_it_fe,base.it,4
4097,Jolanda di Savoia,44037,0532,038010,E320,http://www.comuni-italiani.it/038/010/,base.state_it_fe,base.it,4
4098,Lagosanto,44023,0533,038011,E410,http://www.comuni-italiani.it/038/011/,base.state_it_fe,base.it,4
4099,Masi Torello,44020,0532,038012,F016,http://www.comuni-italiani.it/038/012/,base.state_it_fe,base.it,4
4100,Massa Fiscaglia (ora  Fiscaglia),44025,0533,038013,F026,http://www.comuni-italiani.it/038/013/,base.state_it_fe,base.it,9
4101,Mesola,44026,0533,038014,F156,http://www.comuni-italiani.it/038/014/,base.state_it_fe,base.it,4
4102,Migliarino (ora  Fiscaglia),44027,0533,038015,F198,http://www.comuni-italiani.it/038/015/,base.state_it_fe,base.it,9
4103,Mirabello,44043,0532,038016,F235,http://www.comuni-italiani.it/038/016/,base.state_it_fe,base.it,4
4104,Ostellato,44020,0533,038017,G184,http://www.comuni-italiani.it/038/017/,base.state_it_fe,base.it,4
4105,Poggio Renatico,44028,0532,038018,G768,http://www.comuni-italiani.it/038/018/,base.state_it_fe,base.it,4
4106,Portomaggiore,44015,0532,038019,G916,http://www.comuni-italiani.it/038/019/,base.state_it_fe,base.it,4
4107,Ro,44030,0532,038020,H360,http://www.comuni-italiani.it/038/020/,base.state_it_fe,base.it,4
4108,Sant'Agostino,44047,0532,038021,I209,http://www.comuni-italiani.it/038/021/,base.state_it_fe,base.it,4
4109,Vigarano Mainarda,44049,0532,038022,L868,http://www.comuni-italiani.it/038/022/,base.state_it_fe,base.it,4
4110,Voghiera,44019,0532,038023,M110,http://www.comuni-italiani.it/038/023/,base.state_it_fe,base.it,4
4111,Tresigallo,44039,0533,038024,L390,http://www.comuni-italiani.it/038/024/,base.state_it_fe,base.it,4
4112,Goro,44020,0533,038025,E107,http://www.comuni-italiani.it/038/025/,base.state_it_fe,base.it,4
4113,Migliaro (ora  Fiscaglia),44020,0533,038026,F199,http://www.comuni-italiani.it/038/026/,base.state_it_fe,base.it,9
8122,Fiscaglia,44020,0533,038027,M323,http://www.comuni-italiani.it/038/027/,base.state_it_fe,base.it,4
4114,Alfonsine,48011,0544,039001,A191,http://www.comuni-italiani.it/039/001/,base.state_it_ra,base.it,4
4115,Bagnacavallo,48012,0545,039002,A547,http://www.comuni-italiani.it/039/002/,base.state_it_ra,base.it,4
4116,Bagnara di Romagna,48010,0545,039003,A551,http://www.comuni-italiani.it/039/003/,base.state_it_ra,base.it,4
4117,Brisighella,48013,0546,039004,B188,http://www.comuni-italiani.it/039/004/,base.state_it_ra,base.it,4
4118,Casola Valsenio,48010,0546,039005,B982,http://www.comuni-italiani.it/039/005/,base.state_it_ra,base.it,4
4119,Castel Bolognese,48014,0546,039006,C065,http://www.comuni-italiani.it/039/006/,base.state_it_ra,base.it,4
4120,Cervia,48015,0544,039007,C553,http://www.comuni-italiani.it/039/007/,base.state_it_ra,base.it,4
4121,Conselice,48017,0545,039008,C963,http://www.comuni-italiani.it/039/008/,base.state_it_ra,base.it,4
4122,Cotignola,48010,0545,039009,D121,http://www.comuni-italiani.it/039/009/,base.state_it_ra,base.it,4
4123,Faenza,48018,0546,039010,D458,http://www.comuni-italiani.it/039/010/,base.state_it_ra,base.it,4
4124,Fusignano,48010,0545,039011,D829,http://www.comuni-italiani.it/039/011/,base.state_it_ra,base.it,4
4125,Lugo,48022,0545,039012,E730,http://www.comuni-italiani.it/039/012/,base.state_it_ra,base.it,4
4126,Massa Lombarda,48024,0545,039013,F029,http://www.comuni-italiani.it/039/013/,base.state_it_ra,base.it,4
4127,Ravenna,4812%,0544,039014,H199,http://www.comuni-italiani.it/039/014/,base.state_it_ra,base.it,4
4128,Riolo Terme,48025,0546,039015,H302,http://www.comuni-italiani.it/039/015/,base.state_it_ra,base.it,4
4129,Russi,48026,0544,039016,H642,http://www.comuni-italiani.it/039/016/,base.state_it_ra,base.it,4
4130,Sant'Agata sul Santerno,48020,0545,039017,I196,http://www.comuni-italiani.it/039/017/,base.state_it_ra,base.it,4
4131,Solarolo,48027,0546,039018,I787,http://www.comuni-italiani.it/039/018/,base.state_it_ra,base.it,4
4132,Bagno di Romagna,47021,0543,040001,A565,http://www.comuni-italiani.it/040/001/,base.state_it_fc,base.it,4
4133,Bertinoro,47032,0543,040003,A809,http://www.comuni-italiani.it/040/003/,base.state_it_fc,base.it,4
4134,Borghi,47030,0541,040004,B001,http://www.comuni-italiani.it/040/004/,base.state_it_fc,base.it,4
4135,Castrocaro Terme e Terra del Sole,47011,0543,040005,C339,http://www.comuni-italiani.it/040/005/,base.state_it_fc,base.it,4
4136,Cesena,4752%,0547,040007,C573,http://www.comuni-italiani.it/040/007/,base.state_it_fc,base.it,4
4137,Cesenatico,47042,0547,040008,C574,http://www.comuni-italiani.it/040/008/,base.state_it_fc,base.it,4
4138,Civitella di Romagna,47012,0543,040009,C777,http://www.comuni-italiani.it/040/009/,base.state_it_fc,base.it,4
4139,Dovadola,47013,0543,040011,D357,http://www.comuni-italiani.it/040/011/,base.state_it_fc,base.it,4
4140,Forlì,4712%,0543,040012,D704,http://www.comuni-italiani.it/040/012/,base.state_it_fc,base.it,4
4141,Forlimpopoli,47034,0543,040013,D705,http://www.comuni-italiani.it/040/013/,base.state_it_fc,base.it,4
4142,Galeata,47010,0543,040014,D867,http://www.comuni-italiani.it/040/014/,base.state_it_fc,base.it,4
4143,Gambettola,47035,0547,040015,D899,http://www.comuni-italiani.it/040/015/,base.state_it_fc,base.it,4
4144,Gatteo,47043,0541,040016,D935,http://www.comuni-italiani.it/040/016/,base.state_it_fc,base.it,4
4145,Longiano,47020,0547,040018,E675,http://www.comuni-italiani.it/040/018/,base.state_it_fc,base.it,4
4146,Meldola,47014,0543,040019,F097,http://www.comuni-italiani.it/040/019/,base.state_it_fc,base.it,4
4147,Mercato Saraceno,47025,0547,040020,F139,http://www.comuni-italiani.it/040/020/,base.state_it_fc,base.it,4
4148,Modigliana,47015,0546,040022,F259,http://www.comuni-italiani.it/040/022/,base.state_it_fc,base.it,4
4149,Montiano,47020,0547,040028,F668,http://www.comuni-italiani.it/040/028/,base.state_it_fc,base.it,4
4150,Portico e San Benedetto,47010,0543,040031,G904,http://www.comuni-italiani.it/040/031/,base.state_it_fc,base.it,4
4151,Predappio,47016,0543,040032,H017,http://www.comuni-italiani.it/040/032/,base.state_it_fc,base.it,4
4152,Premilcuore,47010,0543,040033,H034,http://www.comuni-italiani.it/040/033/,base.state_it_fc,base.it,4
4153,Rocca San Casciano,47017,0543,040036,H437,http://www.comuni-italiani.it/040/036/,base.state_it_fc,base.it,4
4154,Roncofreddo,47020,0541,040037,H542,http://www.comuni-italiani.it/040/037/,base.state_it_fc,base.it,4
4155,San Mauro Pascoli,47030,0541,040041,I027,http://www.comuni-italiani.it/040/041/,base.state_it_fc,base.it,4
4156,Santa Sofia,47018,0543,040043,I310,http://www.comuni-italiani.it/040/043/,base.state_it_fc,base.it,4
4157,Sarsina,47027,0547,040044,I444,http://www.comuni-italiani.it/040/044/,base.state_it_fc,base.it,4
4158,Savignano sul Rubicone,47039,0541,040045,I472,http://www.comuni-italiani.it/040/045/,base.state_it_fc,base.it,4
4159,Sogliano al Rubicone,47030,0541,040046,I779,http://www.comuni-italiani.it/040/046/,base.state_it_fc,base.it,4
4160,Tredozio,47019,0546,040049,L361,http://www.comuni-italiani.it/040/049/,base.state_it_fc,base.it,4
4161,Verghereto,47028,0543,040050,L764,http://www.comuni-italiani.it/040/050/,base.state_it_fc,base.it,4
4162,Acqualagna,61041,0721,041001,A035,http://www.comuni-italiani.it/041/001/,base.state_it_pu,base.it,4
4163,Apecchio,61042,0722,041002,A327,http://www.comuni-italiani.it/041/002/,base.state_it_pu,base.it,4
4164,Auditore,61020,0722,041003,A493,http://www.comuni-italiani.it/041/003/,base.state_it_pu,base.it,4
4165,Barchi,61040,0721,041004,A639,http://www.comuni-italiani.it/041/004/,base.state_it_pu,base.it,4
4166,Belforte all'Isauro,61026,0722,041005,A740,http://www.comuni-italiani.it/041/005/,base.state_it_pu,base.it,4
4167,Borgo Pace,61040,0722,041006,B026,http://www.comuni-italiani.it/041/006/,base.state_it_pu,base.it,4
4168,Cagli,61043,0721,041007,B352,http://www.comuni-italiani.it/041/007/,base.state_it_pu,base.it,4
4169,Cantiano,61044,0721,041008,B636,http://www.comuni-italiani.it/041/008/,base.state_it_pu,base.it,4
4170,Carpegna,61021,0722,041009,B816,http://www.comuni-italiani.it/041/009/,base.state_it_pu,base.it,4
4171,Cartoceto,61030,0721,041010,B846,http://www.comuni-italiani.it/041/010/,base.state_it_pu,base.it,4
4173,Colbordolo (ora Vallefoglia),61022,0721,041012,C830,http://www.comuni-italiani.it/041/012/,base.state_it_pu,base.it,9
4174,Fano,61032,0721,041013,D488,http://www.comuni-italiani.it/041/013/,base.state_it_pu,base.it,4
4175,Fermignano,61033,0722,041014,D541,http://www.comuni-italiani.it/041/014/,base.state_it_pu,base.it,4
4176,Fossombrone,61034,0721,041015,D749,http://www.comuni-italiani.it/041/015/,base.state_it_pu,base.it,4
4177,Fratte Rosa,61040,0721,041016,D791,http://www.comuni-italiani.it/041/016/,base.state_it_pu,base.it,4
4178,Frontino,61021,0722,041017,D807,http://www.comuni-italiani.it/041/017/,base.state_it_pu,base.it,4
4179,Frontone,61040,0721,041018,D808,http://www.comuni-italiani.it/041/018/,base.state_it_pu,base.it,4
4180,Gabicce Mare,61011,0541,041019,D836,http://www.comuni-italiani.it/041/019/,base.state_it_pu,base.it,4
4181,Gradara,61012,0541,041020,E122,http://www.comuni-italiani.it/041/020/,base.state_it_pu,base.it,4
4182,Isola del Piano,61030,0721,041021,E351,http://www.comuni-italiani.it/041/021/,base.state_it_pu,base.it,4
4183,Lunano,61026,0722,041022,E743,http://www.comuni-italiani.it/041/022/,base.state_it_pu,base.it,4
4184,Macerata Feltria,61023,0722,041023,E785,http://www.comuni-italiani.it/041/023/,base.state_it_pu,base.it,4
4186,Mercatello sul Metauro,61040,0722,041025,F135,http://www.comuni-italiani.it/041/025/,base.state_it_pu,base.it,4
4187,Mercatino Conca,61013,0541,041026,F136,http://www.comuni-italiani.it/041/026/,base.state_it_pu,base.it,4
4188,Mombaroccio,61024,0721,041027,F310,http://www.comuni-italiani.it/041/027/,base.state_it_pu,base.it,4
4189,Mondavio,61040,0721,041028,F347,http://www.comuni-italiani.it/041/028/,base.state_it_pu,base.it,4
4190,Mondolfo,61037,0721,041029,F348,http://www.comuni-italiani.it/041/029/,base.state_it_pu,base.it,4
4191,Montecalvo in Foglia,61020,0722,041030,F450,http://www.comuni-italiani.it/041/030/,base.state_it_pu,base.it,4
4192,Monte Cerignone,61010,0541,041031,F467,http://www.comuni-italiani.it/041/031/,base.state_it_pu,base.it,4
4193,Monteciccardo,61024,0721,041032,F474,http://www.comuni-italiani.it/041/032/,base.state_it_pu,base.it,4
4194,Montecopiolo,61014,0722,041033,F478,http://www.comuni-italiani.it/041/033/,base.state_it_pu,base.it,4
4195,Montefelcino,61030,0721,041034,F497,http://www.comuni-italiani.it/041/034/,base.state_it_pu,base.it,4
4196,Monte Grimano Terme,61010,0541,041035,F524,http://www.comuni-italiani.it/041/035/,base.state_it_pu,base.it,4
4197,Montelabbate,61025,0721,041036,F533,http://www.comuni-italiani.it/041/036/,base.state_it_pu,base.it,4
4198,Montemaggiore al Metauro,61030,0721,041037,F555,http://www.comuni-italiani.it/041/037/,base.state_it_pu,base.it,4
4199,Monte Porzio,61040,0721,041038,F589,http://www.comuni-italiani.it/041/038/,base.state_it_pu,base.it,4
4201,Orciano di Pesaro,61038,0721,041040,G089,http://www.comuni-italiani.it/041/040/,base.state_it_pu,base.it,4
4202,Peglio,61049,0722,041041,G416,http://www.comuni-italiani.it/041/041/,base.state_it_pu,base.it,4
4204,Pergola,61045,0721,041043,G453,http://www.comuni-italiani.it/041/043/,base.state_it_pu,base.it,4
4205,Pesaro,6112%,0721,041044,G479,http://www.comuni-italiani.it/041/044/,base.state_it_pu,base.it,4
4206,Petriano,61020,0722,041045,G514,http://www.comuni-italiani.it/041/045/,base.state_it_pu,base.it,4
4207,Piagge,61030,0721,041046,G537,http://www.comuni-italiani.it/041/046/,base.state_it_pu,base.it,4
4208,Piandimeleto,61026,0722,041047,G551,http://www.comuni-italiani.it/041/047/,base.state_it_pu,base.it,4
4209,Pietrarubbia,61023,0722,041048,G627,http://www.comuni-italiani.it/041/048/,base.state_it_pu,base.it,4
4210,Piobbico,61046,0722,041049,G682,http://www.comuni-italiani.it/041/049/,base.state_it_pu,base.it,4
4211,Saltara,61030,0721,041050,H721,http://www.comuni-italiani.it/041/050/,base.state_it_pu,base.it,4
4212,San Costanzo,61039,0721,041051,H809,http://www.comuni-italiani.it/041/051/,base.state_it_pu,base.it,4
4213,San Giorgio di Pesaro,61030,0721,041052,H886,http://www.comuni-italiani.it/041/052/,base.state_it_pu,base.it,4
4215,San Lorenzo in Campo,61047,0721,041054,H958,http://www.comuni-italiani.it/041/054/,base.state_it_pu,base.it,4
4217,Sant'Angelo in Lizzola  (ora Vallefoglia),61020,0721,041056,I285,http://www.comuni-italiani.it/041/056/,base.state_it_pu,base.it,9
4218,Sant'Angelo in Vado,61048,0722,041057,I287,http://www.comuni-italiani.it/041/057/,base.state_it_pu,base.it,4
4219,Sant'Ippolito,61040,0721,041058,I344,http://www.comuni-italiani.it/041/058/,base.state_it_pu,base.it,4
4220,Sassocorvaro,61028,0722,041059,I459,http://www.comuni-italiani.it/041/059/,base.state_it_pu,base.it,4
4221,Sassofeltrio,61013,0541,041060,I460,http://www.comuni-italiani.it/041/060/,base.state_it_pu,base.it,4
4222,Serra Sant'Abbondio,61040,0721,041061,I654,http://www.comuni-italiani.it/041/061/,base.state_it_pu,base.it,4
4223,Serrungarina,61030,0721,041062,I670,http://www.comuni-italiani.it/041/062/,base.state_it_pu,base.it,4
4225,Tavoleto,61020,0722,041064,L078,http://www.comuni-italiani.it/041/064/,base.state_it_pu,base.it,4
4226,Tavullia,61010,0721,041065,L081,http://www.comuni-italiani.it/041/065/,base.state_it_pu,base.it,4
4227,Urbania,61049,0722,041066,L498,http://www.comuni-italiani.it/041/066/,base.state_it_pu,base.it,4
4228,Urbino,61029,0722,041067,L500,http://www.comuni-italiani.it/041/067/,base.state_it_pu,base.it,4
8123,Vallefoglia,61020,0721,041068,M331,http://www.comuni-italiani.it/041/068/,base.state_it_pu,base.it,4
4229,Agugliano,60020,071,042001,A092,http://www.comuni-italiani.it/042/001/,base.state_it_an,base.it,4
4230,Ancona,601%%,071,042002,A271,http://www.comuni-italiani.it/042/002/,base.state_it_an,base.it,4
4231,Arcevia,60011,0731,042003,A366,http://www.comuni-italiani.it/042/003/,base.state_it_an,base.it,4
4232,Barbara,60010,071,042004,A626,http://www.comuni-italiani.it/042/004/,base.state_it_an,base.it,4
4233,Belvedere Ostrense,60030,0731,042005,A769,http://www.comuni-italiani.it/042/005/,base.state_it_an,base.it,4
4234,Camerano,60021,071,042006,B468,http://www.comuni-italiani.it/042/006/,base.state_it_an,base.it,4
4235,Camerata Picena,60020,071,042007,B470,http://www.comuni-italiani.it/042/007/,base.state_it_an,base.it,4
4236,Castelbellino,60030,0731,042008,C060,http://www.comuni-italiani.it/042/008/,base.state_it_an,base.it,4
4237,Castel Colonna (ora Trecastelli),60010,071,042009,C071,http://www.comuni-italiani.it/042/009/,base.state_it_an,base.it,9
4238,Castelfidardo,60022,071,042010,C100,http://www.comuni-italiani.it/042/010/,base.state_it_an,base.it,4
4239,Castelleone di Suasa,60010,071,042011,C152,http://www.comuni-italiani.it/042/011/,base.state_it_an,base.it,4
4240,Castelplanio,60031,0731,042012,C248,http://www.comuni-italiani.it/042/012/,base.state_it_an,base.it,4
4241,Cerreto d'Esi,60043,0732,042013,C524,http://www.comuni-italiani.it/042/013/,base.state_it_an,base.it,4
4242,Chiaravalle,60033,071,042014,C615,http://www.comuni-italiani.it/042/014/,base.state_it_an,base.it,4
4243,Corinaldo,60013,071,042015,D007,http://www.comuni-italiani.it/042/015/,base.state_it_an,base.it,4
4244,Cupramontana,60034,0731,042016,D211,http://www.comuni-italiani.it/042/016/,base.state_it_an,base.it,4
4245,Fabriano,60044,0732,042017,D451,http://www.comuni-italiani.it/042/017/,base.state_it_an,base.it,4
4246,Falconara Marittima,60015,071,042018,D472,http://www.comuni-italiani.it/042/018/,base.state_it_an,base.it,4
4247,Filottrano,60024,071,042019,D597,http://www.comuni-italiani.it/042/019/,base.state_it_an,base.it,4
4248,Genga,60040,0732,042020,D965,http://www.comuni-italiani.it/042/020/,base.state_it_an,base.it,4
4249,Jesi,60035,0731,042021,E388,http://www.comuni-italiani.it/042/021/,base.state_it_an,base.it,4
4250,Loreto,60025,071,042022,E690,http://www.comuni-italiani.it/042/022/,base.state_it_an,base.it,4
4251,Maiolati Spontini,60030,0731,042023,E837,http://www.comuni-italiani.it/042/023/,base.state_it_an,base.it,4
4252,Mergo,60030,0731,042024,F145,http://www.comuni-italiani.it/042/024/,base.state_it_an,base.it,4
4253,Monsano,60030,0731,042025,F381,http://www.comuni-italiani.it/042/025/,base.state_it_an,base.it,4
4254,Montecarotto,60036,0731,042026,F453,http://www.comuni-italiani.it/042/026/,base.state_it_an,base.it,4
4255,Montemarciano,60018,071,042027,F560,http://www.comuni-italiani.it/042/027/,base.state_it_an,base.it,4
4256,Monterado (ora Trecastelli),60010,071,042028,F593,http://www.comuni-italiani.it/042/028/,base.state_it_an,base.it,9
4257,Monte Roberto,60030,0731,042029,F600,http://www.comuni-italiani.it/042/029/,base.state_it_an,base.it,4
4258,Monte San Vito,60037,071,042030,F634,http://www.comuni-italiani.it/042/030/,base.state_it_an,base.it,4
4259,Morro d'Alba,60030,0731,042031,F745,http://www.comuni-italiani.it/042/031/,base.state_it_an,base.it,4
4260,Numana,60026,071,042032,F978,http://www.comuni-italiani.it/042/032/,base.state_it_an,base.it,4
4261,Offagna,60020,071,042033,G003,http://www.comuni-italiani.it/042/033/,base.state_it_an,base.it,4
4262,Osimo,60027,071,042034,G157,http://www.comuni-italiani.it/042/034/,base.state_it_an,base.it,4
4263,Ostra,60010,071,042035,F401,http://www.comuni-italiani.it/042/035/,base.state_it_an,base.it,4
4264,Ostra Vetere,60010,071,042036,F581,http://www.comuni-italiani.it/042/036/,base.state_it_an,base.it,4
4265,Poggio San Marcello,60030,0731,042037,G771,http://www.comuni-italiani.it/042/037/,base.state_it_an,base.it,4
4266,Polverigi,60020,071,042038,G803,http://www.comuni-italiani.it/042/038/,base.state_it_an,base.it,4
4267,Ripe (ora Trecastelli),60010,071,042039,H322,http://www.comuni-italiani.it/042/039/,base.state_it_an,base.it,9
4268,Rosora,60030,0731,042040,H575,http://www.comuni-italiani.it/042/040/,base.state_it_an,base.it,4
4269,San Marcello,60030,0731,042041,H979,http://www.comuni-italiani.it/042/041/,base.state_it_an,base.it,4
4270,San Paolo di Jesi,60038,0731,042042,I071,http://www.comuni-italiani.it/042/042/,base.state_it_an,base.it,4
4271,Santa Maria Nuova,60030,0731,042043,I251,http://www.comuni-italiani.it/042/043/,base.state_it_an,base.it,4
4272,Sassoferrato,60041,0732,042044,I461,http://www.comuni-italiani.it/042/044/,base.state_it_an,base.it,4
4273,Senigallia,60019,071,042045,I608,http://www.comuni-italiani.it/042/045/,base.state_it_an,base.it,4
4274,Serra de' Conti,60030,0731,042046,I643,http://www.comuni-italiani.it/042/046/,base.state_it_an,base.it,4
4275,Serra San Quirico,60048,0731,042047,I653,http://www.comuni-italiani.it/042/047/,base.state_it_an,base.it,4
4276,Sirolo,60020,071,042048,I758,http://www.comuni-italiani.it/042/048/,base.state_it_an,base.it,4
4277,Staffolo,60039,0731,042049,I932,http://www.comuni-italiani.it/042/049/,base.state_it_an,base.it,4
8124,Trecastelli,60010,071,042050,M318,http://www.comuni-italiani.it/042/050/,base.state_it_an,base.it,4
4278,Acquacanina,62035,0737,043001,A031,http://www.comuni-italiani.it/043/001/,base.state_it_mc,base.it,4
4279,Apiro,62021,0733,043002,A329,http://www.comuni-italiani.it/043/002/,base.state_it_mc,base.it,4
4280,Appignano,62010,0733,043003,A334,http://www.comuni-italiani.it/043/003/,base.state_it_mc,base.it,4
4281,Belforte del Chienti,62020,0733,043004,A739,http://www.comuni-italiani.it/043/004/,base.state_it_mc,base.it,4
4282,Bolognola,62035,0737,043005,A947,http://www.comuni-italiani.it/043/005/,base.state_it_mc,base.it,4
4283,Caldarola,62020,0733,043006,B398,http://www.comuni-italiani.it/043/006/,base.state_it_mc,base.it,4
4284,Camerino,62032,0737,043007,B474,http://www.comuni-italiani.it/043/007/,base.state_it_mc,base.it,4
4285,Camporotondo di Fiastrone,62020,0733,043008,B562,http://www.comuni-italiani.it/043/008/,base.state_it_mc,base.it,4
4286,Castelraimondo,62022,0737,043009,C251,http://www.comuni-italiani.it/043/009/,base.state_it_mc,base.it,4
4287,Castelsantangelo sul Nera,62039,0737,043010,C267,http://www.comuni-italiani.it/043/010/,base.state_it_mc,base.it,4
4288,Cessapalombo,62020,0733,043011,C582,http://www.comuni-italiani.it/043/011/,base.state_it_mc,base.it,4
4289,Cingoli,62011,0733,043012,C704,http://www.comuni-italiani.it/043/012/,base.state_it_mc,base.it,4
4290,Civitanova Marche,62012,0733,043013,C770,http://www.comuni-italiani.it/043/013/,base.state_it_mc,base.it,4
4291,Colmurano,62020,0733,043014,C886,http://www.comuni-italiani.it/043/014/,base.state_it_mc,base.it,4
4292,Corridonia,62014,0733,043015,D042,http://www.comuni-italiani.it/043/015/,base.state_it_mc,base.it,4
4293,Esanatoglia,62024,0737,043016,D429,http://www.comuni-italiani.it/043/016/,base.state_it_mc,base.it,4
4294,Fiastra,62035,0737,043017,D564,http://www.comuni-italiani.it/043/017/,base.state_it_mc,base.it,4
4295,Fiordimonte,62035,0737,043018,D609,http://www.comuni-italiani.it/043/018/,base.state_it_mc,base.it,4
4296,Fiuminata,62025,0737,043019,D628,http://www.comuni-italiani.it/043/019/,base.state_it_mc,base.it,4
4297,Gagliole,62022,0737,043020,D853,http://www.comuni-italiani.it/043/020/,base.state_it_mc,base.it,4
4298,Gualdo,62020,0733,043021,E228,http://www.comuni-italiani.it/043/021/,base.state_it_mc,base.it,4
4299,Loro Piceno,62020,0733,043022,E694,http://www.comuni-italiani.it/043/022/,base.state_it_mc,base.it,4
4300,Macerata,62100,0733,043023,E783,http://www.comuni-italiani.it/043/023/,base.state_it_mc,base.it,4
4301,Matelica,62024,0737,043024,F051,http://www.comuni-italiani.it/043/024/,base.state_it_mc,base.it,4
4302,Mogliano,62010,0733,043025,F268,http://www.comuni-italiani.it/043/025/,base.state_it_mc,base.it,4
4303,Montecassiano,62010,0733,043026,F454,http://www.comuni-italiani.it/043/026/,base.state_it_mc,base.it,4
4304,Monte Cavallo,62036,0737,043027,F460,http://www.comuni-italiani.it/043/027/,base.state_it_mc,base.it,4
4305,Montecosaro,62010,0733,043028,F482,http://www.comuni-italiani.it/043/028/,base.state_it_mc,base.it,4
4306,Montefano,62010,0733,043029,F496,http://www.comuni-italiani.it/043/029/,base.state_it_mc,base.it,4
4307,Montelupone,62010,0733,043030,F552,http://www.comuni-italiani.it/043/030/,base.state_it_mc,base.it,4
4308,Monte San Giusto,62015,0733,043031,F621,http://www.comuni-italiani.it/043/031/,base.state_it_mc,base.it,4
4309,Monte San Martino,62020,0733,043032,F622,http://www.comuni-italiani.it/043/032/,base.state_it_mc,base.it,4
4310,Morrovalle,62010,0733,043033,F749,http://www.comuni-italiani.it/043/033/,base.state_it_mc,base.it,4
4311,Muccia,62034,0737,043034,F793,http://www.comuni-italiani.it/043/034/,base.state_it_mc,base.it,4
4312,Penna San Giovanni,62020,0733,043035,G436,http://www.comuni-italiani.it/043/035/,base.state_it_mc,base.it,4
4313,Petriolo,62014,0733,043036,G515,http://www.comuni-italiani.it/043/036/,base.state_it_mc,base.it,4
4314,Pievebovigliana,62035,0737,043037,G637,http://www.comuni-italiani.it/043/037/,base.state_it_mc,base.it,4
4315,Pieve Torina,62036,0737,043038,G657,http://www.comuni-italiani.it/043/038/,base.state_it_mc,base.it,4
4316,Pioraco,62025,0737,043039,G690,http://www.comuni-italiani.it/043/039/,base.state_it_mc,base.it,4
4317,Poggio San Vicino,62021,0733,043040,D566,http://www.comuni-italiani.it/043/040/,base.state_it_mc,base.it,4
4318,Pollenza,62010,0733,043041,F567,http://www.comuni-italiani.it/043/041/,base.state_it_mc,base.it,4
4319,Porto Recanati,62017,071,043042,G919,http://www.comuni-italiani.it/043/042/,base.state_it_mc,base.it,4
4320,Potenza Picena,62018,0733,043043,F632,http://www.comuni-italiani.it/043/043/,base.state_it_mc,base.it,4
4321,Recanati,62019,071,043044,H211,http://www.comuni-italiani.it/043/044/,base.state_it_mc,base.it,4
4322,Ripe San Ginesio,62020,0733,043045,H323,http://www.comuni-italiani.it/043/045/,base.state_it_mc,base.it,4
4323,San Ginesio,62026,0733,043046,H876,http://www.comuni-italiani.it/043/046/,base.state_it_mc,base.it,4
4324,San Severino Marche,62027,0733,043047,I156,http://www.comuni-italiani.it/043/047/,base.state_it_mc,base.it,4
4325,Sant'Angelo in Pontano,62020,0733,043048,I286,http://www.comuni-italiani.it/043/048/,base.state_it_mc,base.it,4
4326,Sarnano,62028,0733,043049,I436,http://www.comuni-italiani.it/043/049/,base.state_it_mc,base.it,4
4327,Sefro,62025,0737,043050,I569,http://www.comuni-italiani.it/043/050/,base.state_it_mc,base.it,4
4328,Serrapetrona,62020,0733,043051,I651,http://www.comuni-italiani.it/043/051/,base.state_it_mc,base.it,4
4329,Serravalle di Chienti,62038,0737,043052,I661,http://www.comuni-italiani.it/043/052/,base.state_it_mc,base.it,4
4330,Tolentino,62029,0733,043053,L191,http://www.comuni-italiani.it/043/053/,base.state_it_mc,base.it,4
4331,Treia,62010,0733,043054,L366,http://www.comuni-italiani.it/043/054/,base.state_it_mc,base.it,4
4332,Urbisaglia,62010,0733,043055,L501,http://www.comuni-italiani.it/043/055/,base.state_it_mc,base.it,4
4333,Ussita,62039,0737,043056,L517,http://www.comuni-italiani.it/043/056/,base.state_it_mc,base.it,4
4334,Visso,62039,0737,043057,M078,http://www.comuni-italiani.it/043/057/,base.state_it_mc,base.it,4
4335,Acquasanta Terme,63095,0736,044001,A044,http://www.comuni-italiani.it/044/001/,base.state_it_ap,base.it,4
4336,Acquaviva Picena,63075,0735,044002,A047,http://www.comuni-italiani.it/044/002/,base.state_it_ap,base.it,4
4339,Appignano del Tronto,63083,0736,044005,A335,http://www.comuni-italiani.it/044/005/,base.state_it_ap,base.it,4
4340,Arquata del Tronto,63096,0736,044006,A437,http://www.comuni-italiani.it/044/006/,base.state_it_ap,base.it,4
4341,Ascoli Piceno,63100,0736,044007,A462,http://www.comuni-italiani.it/044/007/,base.state_it_ap,base.it,4
4344,Carassai,63063,0734,044010,B727,http://www.comuni-italiani.it/044/010/,base.state_it_ap,base.it,4
4345,Castel di Lama,63082,0736,044011,C093,http://www.comuni-italiani.it/044/011/,base.state_it_ap,base.it,4
4346,Castignano,63072,0736,044012,C321,http://www.comuni-italiani.it/044/012/,base.state_it_ap,base.it,4
4347,Castorano,63081,0736,044013,C331,http://www.comuni-italiani.it/044/013/,base.state_it_ap,base.it,4
4348,Colli del Tronto,63079,0736,044014,C877,http://www.comuni-italiani.it/044/014/,base.state_it_ap,base.it,4
4349,Comunanza,63087,0736,044015,C935,http://www.comuni-italiani.it/044/015/,base.state_it_ap,base.it,4
4350,Cossignano,63067,0735,044016,D096,http://www.comuni-italiani.it/044/016/,base.state_it_ap,base.it,4
4351,Cupra Marittima,63064,0735,044017,D210,http://www.comuni-italiani.it/044/017/,base.state_it_ap,base.it,4
4354,Folignano,63084,0736,044020,D652,http://www.comuni-italiani.it/044/020/,base.state_it_ap,base.it,4
4355,Force,63086,0736,044021,D691,http://www.comuni-italiani.it/044/021/,base.state_it_ap,base.it,4
4357,Grottammare,63066,0735,044023,E207,http://www.comuni-italiani.it/044/023/,base.state_it_ap,base.it,4
4361,Maltignano,63085,0736,044027,E868,http://www.comuni-italiani.it/044/027/,base.state_it_ap,base.it,4
4363,Massignano,63061,0735,044029,F044,http://www.comuni-italiani.it/044/029/,base.state_it_ap,base.it,4
4365,Monsampolo del Tronto,63077,0735,044031,F380,http://www.comuni-italiani.it/044/031/,base.state_it_ap,base.it,4
4366,Montalto delle Marche,63068,0736,044032,F415,http://www.comuni-italiani.it/044/032/,base.state_it_ap,base.it,4
4368,Montedinove,63069,0736,044034,F487,http://www.comuni-italiani.it/044/034/,base.state_it_ap,base.it,4
4370,Montefiore dell'Aso,63062,0734,044036,F501,http://www.comuni-italiani.it/044/036/,base.state_it_ap,base.it,4
4372,Montegallo,63094,0736,044038,F516,http://www.comuni-italiani.it/044/038/,base.state_it_ap,base.it,4
4378,Montemonaco,63088,0736,044044,F570,http://www.comuni-italiani.it/044/044/,base.state_it_ap,base.it,4
4379,Monteprandone,63076,0735,044045,F591,http://www.comuni-italiani.it/044/045/,base.state_it_ap,base.it,4
4388,Offida,63073,0736,044054,G005,http://www.comuni-italiani.it/044/054/,base.state_it_ap,base.it,4
4390,Palmiano,63092,0736,044056,G289,http://www.comuni-italiani.it/044/056/,base.state_it_ap,base.it,4
4397,Ripatransone,63065,0735,044063,H321,http://www.comuni-italiani.it/044/063/,base.state_it_ap,base.it,4
4398,Roccafluvione,63093,0736,044064,H390,http://www.comuni-italiani.it/044/064/,base.state_it_ap,base.it,4
4399,Rotella,63071,0736,044065,H588,http://www.comuni-italiani.it/044/065/,base.state_it_ap,base.it,4
4400,San Benedetto del Tronto,63074,0735,044066,H769,http://www.comuni-italiani.it/044/066/,base.state_it_ap,base.it,4
4405,Spinetoli,63078,0736,044071,I912,http://www.comuni-italiani.it/044/071/,base.state_it_ap,base.it,4
4407,Venarotta,63091,0736,044073,L728,http://www.comuni-italiani.it/044/073/,base.state_it_ap,base.it,4
4408,Aulla,54011,0187,045001,A496,http://www.comuni-italiani.it/045/001/,base.state_it_ms,base.it,4
4409,Bagnone,54021,0187,045002,A576,http://www.comuni-italiani.it/045/002/,base.state_it_ms,base.it,4
4410,Carrara,54033,0585,045003,B832,http://www.comuni-italiani.it/045/003/,base.state_it_ms,base.it,4
4411,Casola in Lunigiana,54014,0585,045004,B979,http://www.comuni-italiani.it/045/004/,base.state_it_ms,base.it,4
4412,Comano,54015,0187,045005,C914,http://www.comuni-italiani.it/045/005/,base.state_it_ms,base.it,4
4413,Filattiera,54023,0187,045006,D590,http://www.comuni-italiani.it/045/006/,base.state_it_ms,base.it,4
4414,Fivizzano,54013,0585,045007,D629,http://www.comuni-italiani.it/045/007/,base.state_it_ms,base.it,4
4415,Fosdinovo,54035,0187,045008,D735,http://www.comuni-italiani.it/045/008/,base.state_it_ms,base.it,4
4416,Licciana Nardi,54016,0187,045009,E574,http://www.comuni-italiani.it/045/009/,base.state_it_ms,base.it,4
4417,Massa,54100,0585,045010,F023,http://www.comuni-italiani.it/045/010/,base.state_it_ms,base.it,4
4418,Montignoso,54038,0585,045011,F679,http://www.comuni-italiani.it/045/011/,base.state_it_ms,base.it,4
4419,Mulazzo,54026,0187,045012,F802,http://www.comuni-italiani.it/045/012/,base.state_it_ms,base.it,4
4420,Podenzana,54010,0187,045013,G746,http://www.comuni-italiani.it/045/013/,base.state_it_ms,base.it,4
4421,Pontremoli,54027,0187,045014,G870,http://www.comuni-italiani.it/045/014/,base.state_it_ms,base.it,4
4422,Tresana,54012,0187,045015,L386,http://www.comuni-italiani.it/045/015/,base.state_it_ms,base.it,4
4423,Villafranca in Lunigiana,54028,0187,045016,L946,http://www.comuni-italiani.it/045/016/,base.state_it_ms,base.it,4
4424,Zeri,54029,0187,045017,M169,http://www.comuni-italiani.it/045/017/,base.state_it_ms,base.it,4
4425,Altopascio,55011,0583,046001,A241,http://www.comuni-italiani.it/046/001/,base.state_it_lu,base.it,4
4426,Bagni di Lucca,55022,0583,046002,A560,http://www.comuni-italiani.it/046/002/,base.state_it_lu,base.it,4
4427,Barga,55051,0583,046003,A657,http://www.comuni-italiani.it/046/003/,base.state_it_lu,base.it,4
4428,Borgo a Mozzano,55023,0583,046004,B007,http://www.comuni-italiani.it/046/004/,base.state_it_lu,base.it,4
4429,Camaiore,55041,0584,046005,B455,http://www.comuni-italiani.it/046/005/,base.state_it_lu,base.it,4
4430,Camporgiano,55031,0583,046006,B557,http://www.comuni-italiani.it/046/006/,base.state_it_lu,base.it,4
4431,Capannori,55012,0583,046007,B648,http://www.comuni-italiani.it/046/007/,base.state_it_lu,base.it,4
4432,Careggine,55030,0583,046008,B760,http://www.comuni-italiani.it/046/008/,base.state_it_lu,base.it,4
4433,Castelnuovo di Garfagnana,55032,0583,046009,C236,http://www.comuni-italiani.it/046/009/,base.state_it_lu,base.it,4
4434,Castiglione di Garfagnana,55033,0583,046010,C303,http://www.comuni-italiani.it/046/010/,base.state_it_lu,base.it,4
4435,Coreglia Antelminelli,55025,0583,046011,C996,http://www.comuni-italiani.it/046/011/,base.state_it_lu,base.it,4
4436,Fabbriche di Vallico (ora Fabbriche di Vergemoli),55020,0583,046012,D449,http://www.comuni-italiani.it/046/012/,base.state_it_lu,base.it,9
4437,Forte dei Marmi,55042,0584,046013,D730,http://www.comuni-italiani.it/046/013/,base.state_it_lu,base.it,4
4438,Fosciandora,55020,0583,046014,D734,http://www.comuni-italiani.it/046/014/,base.state_it_lu,base.it,4
4439,Gallicano,55027,0583,046015,D874,http://www.comuni-italiani.it/046/015/,base.state_it_lu,base.it,4
4440,Giuncugnano,55030,0583,046016,E059,http://www.comuni-italiani.it/046/016/,base.state_it_lu,base.it,4
4441,Lucca,55100,0583,046017,E715,http://www.comuni-italiani.it/046/017/,base.state_it_lu,base.it,4
4442,Massarosa,55054,0584,046018,F035,http://www.comuni-italiani.it/046/018/,base.state_it_lu,base.it,4
4443,Minucciano,55034,0583,046019,F225,http://www.comuni-italiani.it/046/019/,base.state_it_lu,base.it,4
4444,Molazzana,55020,0583,046020,F283,http://www.comuni-italiani.it/046/020/,base.state_it_lu,base.it,4
4445,Montecarlo,55015,0583,046021,F452,http://www.comuni-italiani.it/046/021/,base.state_it_lu,base.it,4
4446,Pescaglia,55064,0583,046022,G480,http://www.comuni-italiani.it/046/022/,base.state_it_lu,base.it,4
4447,Piazza al Serchio,55035,0583,046023,G582,http://www.comuni-italiani.it/046/023/,base.state_it_lu,base.it,4
4448,Pietrasanta,55045,0584,046024,G628,http://www.comuni-italiani.it/046/024/,base.state_it_lu,base.it,4
4449,Pieve Fosciana,55036,0583,046025,G648,http://www.comuni-italiani.it/046/025/,base.state_it_lu,base.it,4
4450,Porcari,55016,0583,046026,G882,http://www.comuni-italiani.it/046/026/,base.state_it_lu,base.it,4
4451,San Romano in Garfagnana,55038,0583,046027,I142,http://www.comuni-italiani.it/046/027/,base.state_it_lu,base.it,4
4452,Seravezza,55047,0584,046028,I622,http://www.comuni-italiani.it/046/028/,base.state_it_lu,base.it,4
4453,Sillano,55030,0583,046029,I737,http://www.comuni-italiani.it/046/029/,base.state_it_lu,base.it,4
4454,Stazzema,55040,0584,046030,I942,http://www.comuni-italiani.it/046/030/,base.state_it_lu,base.it,4
4455,Vagli Sotto,55030,0583,046031,L533,http://www.comuni-italiani.it/046/031/,base.state_it_lu,base.it,4
4456,Vergemoli (ora Fabbriche di Vergemoli),55020,0583,046032,L763,http://www.comuni-italiani.it/046/032/,base.state_it_lu,base.it,9
4457,Viareggio,55049,0584,046033,L833,http://www.comuni-italiani.it/046/033/,base.state_it_lu,base.it,4
4458,Villa Basilica,55019,0572,046034,L913,http://www.comuni-italiani.it/046/034/,base.state_it_lu,base.it,4
4459,Villa Collemandina,55030,0583,046035,L926,http://www.comuni-italiani.it/046/035/,base.state_it_lu,base.it,4
8125,Fabbriche di Vergemoli,55020,0583,046036,M319,http://www.comuni-italiani.it/046/036/,base.state_it_lu,base.it,4
4460,Abetone,51021,0573,047001,A012,http://www.comuni-italiani.it/047/001/,base.state_it_pt,base.it,4
4461,Agliana,51031,0574,047002,A071,http://www.comuni-italiani.it/047/002/,base.state_it_pt,base.it,4
4462,Buggiano,51011,0572,047003,B251,http://www.comuni-italiani.it/047/003/,base.state_it_pt,base.it,4
4463,Cutigliano,51024,0573,047004,D235,http://www.comuni-italiani.it/047/004/,base.state_it_pt,base.it,4
4464,Lamporecchio,51035,0573,047005,E432,http://www.comuni-italiani.it/047/005/,base.state_it_pt,base.it,4
4465,Larciano,51036,0573,047006,E451,http://www.comuni-italiani.it/047/006/,base.state_it_pt,base.it,4
4466,Marliana,51010,0572,047007,E960,http://www.comuni-italiani.it/047/007/,base.state_it_pt,base.it,4
4467,Massa e Cozzile,51010,0572,047008,F025,http://www.comuni-italiani.it/047/008/,base.state_it_pt,base.it,4
4468,Monsummano Terme,51015,0572,047009,F384,http://www.comuni-italiani.it/047/009/,base.state_it_pt,base.it,4
4469,Montale,51037,0573,047010,F410,http://www.comuni-italiani.it/047/010/,base.state_it_pt,base.it,4
4470,Montecatini-Terme,51016,0572,047011,A561,http://www.comuni-italiani.it/047/011/,base.state_it_pt,base.it,4
4471,Pescia,51017,0572,047012,G491,http://www.comuni-italiani.it/047/012/,base.state_it_pt,base.it,4
4472,Pieve a Nievole,51018,0572,047013,G636,http://www.comuni-italiani.it/047/013/,base.state_it_pt,base.it,4
4473,Pistoia,51100,0573,047014,G713,http://www.comuni-italiani.it/047/014/,base.state_it_pt,base.it,4
4474,Piteglio,51020,0573,047015,G715,http://www.comuni-italiani.it/047/015/,base.state_it_pt,base.it,4
4475,Ponte Buggianese,51019,0572,047016,G833,http://www.comuni-italiani.it/047/016/,base.state_it_pt,base.it,4
4476,Quarrata,51039,0573,047017,H109,http://www.comuni-italiani.it/047/017/,base.state_it_pt,base.it,4
4477,Sambuca Pistoiese,51020,0573,047018,H744,http://www.comuni-italiani.it/047/018/,base.state_it_pt,base.it,4
4478,San Marcello Pistoiese,51028,0573,047019,H980,http://www.comuni-italiani.it/047/019/,base.state_it_pt,base.it,4
4479,Serravalle Pistoiese,51030,0573,047020,I660,http://www.comuni-italiani.it/047/020/,base.state_it_pt,base.it,4
4480,Uzzano,51010,0572,047021,L522,http://www.comuni-italiani.it/047/021/,base.state_it_pt,base.it,4
4481,Chiesina Uzzanese,51013,0572,047022,C631,http://www.comuni-italiani.it/047/022/,base.state_it_pt,base.it,4
4482,Bagno a Ripoli,50012,055,048001,A564,http://www.comuni-italiani.it/048/001/,base.state_it_fi,base.it,4
4483,Barberino di Mugello,50031,055,048002,A632,http://www.comuni-italiani.it/048/002/,base.state_it_fi,base.it,4
4484,Barberino Val d'Elsa,50021,055,048003,A633,http://www.comuni-italiani.it/048/003/,base.state_it_fi,base.it,4
4485,Borgo San Lorenzo,50032,055,048004,B036,http://www.comuni-italiani.it/048/004/,base.state_it_fi,base.it,4
4486,Calenzano,50041,055,048005,B406,http://www.comuni-italiani.it/048/005/,base.state_it_fi,base.it,4
4487,Campi Bisenzio,50013,055,048006,B507,http://www.comuni-italiani.it/048/006/,base.state_it_fi,base.it,4
4488,Capraia e Limite,50050,0571,048008,B684,http://www.comuni-italiani.it/048/008/,base.state_it_fi,base.it,4
4489,Castelfiorentino,50051,0571,048010,C101,http://www.comuni-italiani.it/048/010/,base.state_it_fi,base.it,4
4490,Cerreto Guidi,50050,0571,048011,C529,http://www.comuni-italiani.it/048/011/,base.state_it_fi,base.it,4
4491,Certaldo,50052,0571,048012,C540,http://www.comuni-italiani.it/048/012/,base.state_it_fi,base.it,4
4492,Dicomano,50062,055,048013,D299,http://www.comuni-italiani.it/048/013/,base.state_it_fi,base.it,4
4493,Empoli,50053,0571,048014,D403,http://www.comuni-italiani.it/048/014/,base.state_it_fi,base.it,4
4494,Fiesole,50014,055,048015,D575,http://www.comuni-italiani.it/048/015/,base.state_it_fi,base.it,4
4495,Figline Valdarno (ora Figline e Incisa Valdarno),50063,055,048016,D583,http://www.comuni-italiani.it/048/016/,base.state_it_fi,base.it,9
4496,Firenze,501%%,055,048017,D612,http://www.comuni-italiani.it/048/017/,base.state_it_fi,base.it,4
4497,Firenzuola,50033,055,048018,D613,http://www.comuni-italiani.it/048/018/,base.state_it_fi,base.it,4
4498,Fucecchio,50054,0571,048019,D815,http://www.comuni-italiani.it/048/019/,base.state_it_fi,base.it,4
4499,Gambassi Terme,50050,0571,048020,D895,http://www.comuni-italiani.it/048/020/,base.state_it_fi,base.it,4
4500,Greve in Chianti,50022,055,048021,E169,http://www.comuni-italiani.it/048/021/,base.state_it_fi,base.it,4
4501,Impruneta,50023,055,048022,E291,http://www.comuni-italiani.it/048/022/,base.state_it_fi,base.it,4
4502,Incisa in Val d'Arno (ora Figline e Incisa Valdarno),50064,055,048023,E296,http://www.comuni-italiani.it/048/023/,base.state_it_fi,base.it,9
4503,Lastra a Signa,50055,055,048024,E466,http://www.comuni-italiani.it/048/024/,base.state_it_fi,base.it,4
4504,Londa,50060,055,048025,E668,http://www.comuni-italiani.it/048/025/,base.state_it_fi,base.it,4
4505,Marradi,50034,055,048026,E971,http://www.comuni-italiani.it/048/026/,base.state_it_fi,base.it,4
4506,Montaione,50050,0571,048027,F398,http://www.comuni-italiani.it/048/027/,base.state_it_fi,base.it,4
4507,Montelupo Fiorentino,50056,0571,048028,F551,http://www.comuni-italiani.it/048/028/,base.state_it_fi,base.it,4
4508,Montespertoli,50025,0571,048030,F648,http://www.comuni-italiani.it/048/030/,base.state_it_fi,base.it,4
4509,Palazzuolo sul Senio,50035,055,048031,G270,http://www.comuni-italiani.it/048/031/,base.state_it_fi,base.it,4
4510,Pelago,50060,055,048032,G420,http://www.comuni-italiani.it/048/032/,base.state_it_fi,base.it,4
4511,Pontassieve,50065,055,048033,G825,http://www.comuni-italiani.it/048/033/,base.state_it_fi,base.it,4
4512,Reggello,50066,055,048035,H222,http://www.comuni-italiani.it/048/035/,base.state_it_fi,base.it,4
4513,Rignano sull'Arno,50067,055,048036,H286,http://www.comuni-italiani.it/048/036/,base.state_it_fi,base.it,4
4514,Rufina,50068,055,048037,H635,http://www.comuni-italiani.it/048/037/,base.state_it_fi,base.it,4
4515,San Casciano in Val di Pesa,50026,055,048038,H791,http://www.comuni-italiani.it/048/038/,base.state_it_fi,base.it,4
4516,San Godenzo,50060,055,048039,H937,http://www.comuni-italiani.it/048/039/,base.state_it_fi,base.it,4
4517,San Piero a Sieve (ora Scarperia e San Piero),50037,055,048040,I085,http://www.comuni-italiani.it/048/040/,base.state_it_fi,base.it,9
4518,Scandicci,50018,055,048041,B962,http://www.comuni-italiani.it/048/041/,base.state_it_fi,base.it,4
4519,Scarperia (ora Scarperia e San Piero),50038,055,048042,I514,http://www.comuni-italiani.it/048/042/,base.state_it_fi,base.it,9
4520,Sesto Fiorentino,50019,055,048043,I684,http://www.comuni-italiani.it/048/043/,base.state_it_fi,base.it,4
4521,Signa,50058,055,048044,I728,http://www.comuni-italiani.it/048/044/,base.state_it_fi,base.it,4
4522,Tavarnelle Val di Pesa,50028,055,048045,L067,http://www.comuni-italiani.it/048/045/,base.state_it_fi,base.it,4
4523,Vaglia,50036,055,048046,L529,http://www.comuni-italiani.it/048/046/,base.state_it_fi,base.it,4
4524,Vicchio,50039,055,048049,L838,http://www.comuni-italiani.it/048/049/,base.state_it_fi,base.it,4
4525,Vinci,50059,0571,048050,M059,http://www.comuni-italiani.it/048/050/,base.state_it_fi,base.it,4
8126,Figline e Incisa Valdarno,50063,055,048052,M321,http://www.comuni-italiani.it/048/052/,base.state_it_fi,base.it,4
8127,Scarperia e San Piero,50037,055,048053,M326,http://www.comuni-italiani.it/048/053/,base.state_it_fi,base.it,4
4526,Bibbona,57020,0586,049001,A852,http://www.comuni-italiani.it/049/001/,base.state_it_li,base.it,4
4527,Campiglia Marittima,57021,0565,049002,B509,http://www.comuni-italiani.it/049/002/,base.state_it_li,base.it,4
4528,Campo nell'Elba,57034,0565,049003,B553,http://www.comuni-italiani.it/049/003/,base.state_it_li,base.it,4
4529,Capoliveri,57031,0565,049004,B669,http://www.comuni-italiani.it/049/004/,base.state_it_li,base.it,4
4530,Capraia Isola,57032,0586,049005,B685,http://www.comuni-italiani.it/049/005/,base.state_it_li,base.it,4
4531,Castagneto Carducci,57022,0565,049006,C044,http://www.comuni-italiani.it/049/006/,base.state_it_li,base.it,4
4532,Cecina,57023,0586,049007,C415,http://www.comuni-italiani.it/049/007/,base.state_it_li,base.it,4
4533,Collesalvetti,57014,0586,049008,C869,http://www.comuni-italiani.it/049/008/,base.state_it_li,base.it,4
4534,Livorno,571%%,0586,049009,E625,http://www.comuni-italiani.it/049/009/,base.state_it_li,base.it,4
4535,Marciana,57030,0565,049010,E930,http://www.comuni-italiani.it/049/010/,base.state_it_li,base.it,4
4536,Marciana Marina,57033,0565,049011,E931,http://www.comuni-italiani.it/049/011/,base.state_it_li,base.it,4
4537,Piombino,57025,0565,049012,G687,http://www.comuni-italiani.it/049/012/,base.state_it_li,base.it,4
4538,Porto Azzurro,57036,0565,049013,E680,http://www.comuni-italiani.it/049/013/,base.state_it_li,base.it,4
4539,Portoferraio,57037,0565,049014,G912,http://www.comuni-italiani.it/049/014/,base.state_it_li,base.it,4
4540,Rio Marina,57038,0565,049015,H305,http://www.comuni-italiani.it/049/015/,base.state_it_li,base.it,4
4541,Rio nell'Elba,57039,0565,049016,H297,http://www.comuni-italiani.it/049/016/,base.state_it_li,base.it,4
4542,Rosignano Marittimo,57016,0586,049017,H570,http://www.comuni-italiani.it/049/017/,base.state_it_li,base.it,4
4543,San Vincenzo,57027,0565,049018,I390,http://www.comuni-italiani.it/049/018/,base.state_it_li,base.it,4
4544,Sassetta,57020,0565,049019,I454,http://www.comuni-italiani.it/049/019/,base.state_it_li,base.it,4
4545,Suvereto,57028,0565,049020,L019,http://www.comuni-italiani.it/049/020/,base.state_it_li,base.it,4
4546,Bientina,56031,0587,050001,A864,http://www.comuni-italiani.it/050/001/,base.state_it_pi,base.it,4
4547,Buti,56032,0587,050002,B303,http://www.comuni-italiani.it/050/002/,base.state_it_pi,base.it,4
4548,Calci,56011,050,050003,B390,http://www.comuni-italiani.it/050/003/,base.state_it_pi,base.it,4
4549,Calcinaia,56012,0587,050004,B392,http://www.comuni-italiani.it/050/004/,base.state_it_pi,base.it,4
4550,Capannoli,56033,0587,050005,B647,http://www.comuni-italiani.it/050/005/,base.state_it_pi,base.it,4
4551,Casale Marittimo,56040,0586,050006,B878,http://www.comuni-italiani.it/050/006/,base.state_it_pi,base.it,4
4552,Casciana Terme (ora Casciana Terme Lari),56034,0587,050007,A559,http://www.comuni-italiani.it/050/007/,base.state_it_pi,base.it,9
4553,Cascina,56021,050,050008,B950,http://www.comuni-italiani.it/050/008/,base.state_it_pi,base.it,4
4554,Castelfranco di Sotto,56022,0571,050009,C113,http://www.comuni-italiani.it/050/009/,base.state_it_pi,base.it,4
4555,Castellina Marittima,56040,050,050010,C174,http://www.comuni-italiani.it/050/010/,base.state_it_pi,base.it,4
4556,Castelnuovo di Val di Cecina,56041,0588,050011,C244,http://www.comuni-italiani.it/050/011/,base.state_it_pi,base.it,4
4557,Chianni,56034,0587,050012,C609,http://www.comuni-italiani.it/050/012/,base.state_it_pi,base.it,4
4558,Crespina (ora Crespina Lorenzana),56040,050,050013,D160,http://www.comuni-italiani.it/050/013/,base.state_it_pi,base.it,9
4559,Fauglia,56043,050,050014,D510,http://www.comuni-italiani.it/050/014/,base.state_it_pi,base.it,4
4560,Guardistallo,56040,0586,050015,E250,http://www.comuni-italiani.it/050/015/,base.state_it_pi,base.it,4
4561,Lajatico,56030,0587,050016,E413,http://www.comuni-italiani.it/050/016/,base.state_it_pi,base.it,4
4562,Lari  (ora Casciana Terme Lari),56035,0587,050017,E455,http://www.comuni-italiani.it/050/017/,base.state_it_pi,base.it,9
4563,Lorenzana (ora Crespina Lorenzana),56043,050,050018,E688,http://www.comuni-italiani.it/050/018/,base.state_it_pi,base.it,9
4564,Montecatini Val di Cecina,56040,0588,050019,F458,http://www.comuni-italiani.it/050/019/,base.state_it_pi,base.it,4
4565,Montescudaio,56040,0586,050020,F640,http://www.comuni-italiani.it/050/020/,base.state_it_pi,base.it,4
4566,Monteverdi Marittimo,56040,0565,050021,F661,http://www.comuni-italiani.it/050/021/,base.state_it_pi,base.it,4
4567,Montopoli in Val d'Arno,56020,0571,050022,F686,http://www.comuni-italiani.it/050/022/,base.state_it_pi,base.it,4
4568,Orciano Pisano,56040,050,050023,G090,http://www.comuni-italiani.it/050/023/,base.state_it_pi,base.it,4
4569,Palaia,56036,0587,050024,G254,http://www.comuni-italiani.it/050/024/,base.state_it_pi,base.it,4
4570,Peccioli,56037,0587,050025,G395,http://www.comuni-italiani.it/050/025/,base.state_it_pi,base.it,4
4571,Pisa,5612%,050,050026,G702,http://www.comuni-italiani.it/050/026/,base.state_it_pi,base.it,4
4572,Pomarance,56045,0588,050027,G804,http://www.comuni-italiani.it/050/027/,base.state_it_pi,base.it,4
4573,Ponsacco,56038,0587,050028,G822,http://www.comuni-italiani.it/050/028/,base.state_it_pi,base.it,4
4574,Pontedera,56025,0587,050029,G843,http://www.comuni-italiani.it/050/029/,base.state_it_pi,base.it,4
4575,Riparbella,56046,0586,050030,H319,http://www.comuni-italiani.it/050/030/,base.state_it_pi,base.it,4
4576,San Giuliano Terme,56017,050,050031,A562,http://www.comuni-italiani.it/050/031/,base.state_it_pi,base.it,4
4577,San Miniato,56028,0571,050032,I046,http://www.comuni-italiani.it/050/032/,base.state_it_pi,base.it,4
4578,Santa Croce sull'Arno,56029,0571,050033,I177,http://www.comuni-italiani.it/050/033/,base.state_it_pi,base.it,4
4579,Santa Luce,56040,050,050034,I217,http://www.comuni-italiani.it/050/034/,base.state_it_pi,base.it,4
4580,Santa Maria a Monte,56020,0587,050035,I232,http://www.comuni-italiani.it/050/035/,base.state_it_pi,base.it,4
4581,Terricciola,56030,0587,050036,L138,http://www.comuni-italiani.it/050/036/,base.state_it_pi,base.it,4
4582,Vecchiano,56019,050,050037,L702,http://www.comuni-italiani.it/050/037/,base.state_it_pi,base.it,4
4583,Vicopisano,56010,050,050038,L850,http://www.comuni-italiani.it/050/038/,base.state_it_pi,base.it,4
4584,Volterra,56048,0588,050039,M126,http://www.comuni-italiani.it/050/039/,base.state_it_pi,base.it,4
8128,Casciana Terme Lari,56035,0587,050040,M327,http://www.comuni-italiani.it/050/017/,base.state_it_pi,base.it,4
8129,Crespina Lorenzana,56043,050,050041,M328,http://www.comuni-italiani.it/050/018/,base.state_it_pi,base.it,4
4585,Anghiari,52031,0575,051001,A291,http://www.comuni-italiani.it/051/001/,base.state_it_ar,base.it,4
4586,Arezzo,52100,0575,051002,A390,http://www.comuni-italiani.it/051/002/,base.state_it_ar,base.it,4
4587,Badia Tedalda,52032,0575,051003,A541,http://www.comuni-italiani.it/051/003/,base.state_it_ar,base.it,4
4588,Bibbiena,52011,0575,051004,A851,http://www.comuni-italiani.it/051/004/,base.state_it_ar,base.it,4
4589,Bucine,52021,055,051005,B243,http://www.comuni-italiani.it/051/005/,base.state_it_ar,base.it,4
4590,Capolona,52010,0575,051006,B670,http://www.comuni-italiani.it/051/006/,base.state_it_ar,base.it,4
4591,Caprese Michelangelo,52033,0575,051007,B693,http://www.comuni-italiani.it/051/007/,base.state_it_ar,base.it,4
4592,Castel Focognano,52016,0575,051008,C102,http://www.comuni-italiani.it/051/008/,base.state_it_ar,base.it,4
4593,Castelfranco di Sopra (ora Castelfranco Piandiscò),52020,055,051009,C112,http://www.comuni-italiani.it/051/009/,base.state_it_ar,base.it,9
4594,Castel San Niccolò,52018,0575,051010,C263,http://www.comuni-italiani.it/051/010/,base.state_it_ar,base.it,4
4595,Castiglion Fibocchi,52029,0575,051011,C318,http://www.comuni-italiani.it/051/011/,base.state_it_ar,base.it,4
4596,Castiglion Fiorentino,52043,0575,051012,C319,http://www.comuni-italiani.it/051/012/,base.state_it_ar,base.it,4
4597,Cavriglia,52022,055,051013,C407,http://www.comuni-italiani.it/051/013/,base.state_it_ar,base.it,4
4598,Chitignano,52010,0575,051014,C648,http://www.comuni-italiani.it/051/014/,base.state_it_ar,base.it,4
4599,Chiusi della Verna,52010,0575,051015,C663,http://www.comuni-italiani.it/051/015/,base.state_it_ar,base.it,4
4600,Civitella in Val di Chiana,52041,0575,051016,C774,http://www.comuni-italiani.it/051/016/,base.state_it_ar,base.it,4
4601,Cortona,52044,0575,051017,D077,http://www.comuni-italiani.it/051/017/,base.state_it_ar,base.it,4
4602,Foiano della Chiana,52045,0575,051018,D649,http://www.comuni-italiani.it/051/018/,base.state_it_ar,base.it,4
4603,Laterina,52020,0575,051019,E468,http://www.comuni-italiani.it/051/019/,base.state_it_ar,base.it,4
4604,Loro Ciuffenna,52024,055,051020,E693,http://www.comuni-italiani.it/051/020/,base.state_it_ar,base.it,4
4605,Lucignano,52046,0575,051021,E718,http://www.comuni-italiani.it/051/021/,base.state_it_ar,base.it,4
4606,Marciano della Chiana,52047,0575,051022,E933,http://www.comuni-italiani.it/051/022/,base.state_it_ar,base.it,4
4607,Montemignaio,52010,0575,051023,F565,http://www.comuni-italiani.it/051/023/,base.state_it_ar,base.it,4
4608,Monterchi,52035,0575,051024,F594,http://www.comuni-italiani.it/051/024/,base.state_it_ar,base.it,4
4609,Monte San Savino,52048,0575,051025,F628,http://www.comuni-italiani.it/051/025/,base.state_it_ar,base.it,4
4610,Montevarchi,52025,055,051026,F656,http://www.comuni-italiani.it/051/026/,base.state_it_ar,base.it,4
4611,Ortignano Raggiolo,52010,0575,051027,G139,http://www.comuni-italiani.it/051/027/,base.state_it_ar,base.it,4
4612,Pergine Valdarno,52020,0575,051028,G451,http://www.comuni-italiani.it/051/028/,base.state_it_ar,base.it,4
4613,Pian di Sco (ora Castelfranco Piandiscò),52026,055,051029,G552,http://www.comuni-italiani.it/051/029/,base.state_it_ar,base.it,9
4614,Pieve Santo Stefano,52036,0575,051030,G653,http://www.comuni-italiani.it/051/030/,base.state_it_ar,base.it,4
4615,Poppi,52014,0575,051031,G879,http://www.comuni-italiani.it/051/031/,base.state_it_ar,base.it,4
4616,Pratovecchio (ora Pratovecchio Stia),52015,0575,051033,H008,http://www.comuni-italiani.it/051/032/,base.state_it_ar,base.it,9
4617,San Giovanni Valdarno,52027,055,051034,H901,http://www.comuni-italiani.it/051/033/,base.state_it_ar,base.it,4
4618,Sansepolcro,52037,0575,051034,I155,http://www.comuni-italiani.it/051/034/,base.state_it_ar,base.it,4
4619,Sestino,52038,0575,051035,I681,http://www.comuni-italiani.it/051/035/,base.state_it_ar,base.it,4
4620,Stia (ora Pratovecchio Stia),52017,0575,051036,I952,http://www.comuni-italiani.it/051/036/,base.state_it_ar,base.it,9
4621,Subbiano,52010,0575,051037,I991,http://www.comuni-italiani.it/051/037/,base.state_it_ar,base.it,4
4622,Talla,52010,0575,051038,L038,http://www.comuni-italiani.it/051/038/,base.state_it_ar,base.it,4
4623,Terranuova Bracciolini,52028,055,051039,L123,http://www.comuni-italiani.it/051/039/,base.state_it_ar,base.it,4
8130,Castelfranco Piandiscò,52026,055,051040,M322,http://www.comuni-italiani.it/051/040/,base.state_it_ar,base.it,4
8131,Pratovecchio Stia,52015,0575,051041,M329,http://www.comuni-italiani.it/051/041/,base.state_it_ar,base.it,4
4624,Abbadia San Salvatore,53021,0577,052001,A006,http://www.comuni-italiani.it/052/001/,base.state_it_si,base.it,4
4625,Asciano,53041,0577,052002,A461,http://www.comuni-italiani.it/052/002/,base.state_it_si,base.it,4
4626,Buonconvento,53022,0577,052003,B269,http://www.comuni-italiani.it/052/003/,base.state_it_si,base.it,4
4627,Casole d'Elsa,53031,0577,052004,B984,http://www.comuni-italiani.it/052/004/,base.state_it_si,base.it,4
4628,Castellina in Chianti,53011,0577,052005,C172,http://www.comuni-italiani.it/052/005/,base.state_it_si,base.it,4
4629,Castelnuovo Berardenga,53019,0577,052006,C227,http://www.comuni-italiani.it/052/006/,base.state_it_si,base.it,4
4630,Castiglione d'Orcia,53023,0577,052007,C313,http://www.comuni-italiani.it/052/007/,base.state_it_si,base.it,4
4631,Cetona,53040,0578,052008,C587,http://www.comuni-italiani.it/052/008/,base.state_it_si,base.it,4
4632,Chianciano Terme,53042,0578,052009,C608,http://www.comuni-italiani.it/052/009/,base.state_it_si,base.it,4
4633,Chiusdino,53012,0577,052010,C661,http://www.comuni-italiani.it/052/010/,base.state_it_si,base.it,4
4634,Chiusi,53043,0578,052011,C662,http://www.comuni-italiani.it/052/011/,base.state_it_si,base.it,4
4635,Colle di Val d'Elsa,53034,0577,052012,C847,http://www.comuni-italiani.it/052/012/,base.state_it_si,base.it,4
4636,Gaiole in Chianti,53013,0577,052013,D858,http://www.comuni-italiani.it/052/013/,base.state_it_si,base.it,4
4637,Montalcino,53024,0577,052014,F402,http://www.comuni-italiani.it/052/014/,base.state_it_si,base.it,4
4638,Montepulciano,53045,0578,052015,F592,http://www.comuni-italiani.it/052/015/,base.state_it_si,base.it,4
4639,Monteriggioni,53035,0577,052016,F598,http://www.comuni-italiani.it/052/016/,base.state_it_si,base.it,4
4640,Monteroni d'Arbia,53014,0577,052017,F605,http://www.comuni-italiani.it/052/017/,base.state_it_si,base.it,4
4641,Monticiano,53015,0577,052018,F676,http://www.comuni-italiani.it/052/018/,base.state_it_si,base.it,4
4642,Murlo,53016,0577,052019,F815,http://www.comuni-italiani.it/052/019/,base.state_it_si,base.it,4
4643,Piancastagnaio,53025,0577,052020,G547,http://www.comuni-italiani.it/052/020/,base.state_it_si,base.it,4
4644,Pienza,53026,0578,052021,G602,http://www.comuni-italiani.it/052/021/,base.state_it_si,base.it,4
4645,Poggibonsi,53036,0577,052022,G752,http://www.comuni-italiani.it/052/022/,base.state_it_si,base.it,4
4646,Radda in Chianti,53017,0577,052023,H153,http://www.comuni-italiani.it/052/023/,base.state_it_si,base.it,4
4647,Radicofani,53040,0578,052024,H156,http://www.comuni-italiani.it/052/024/,base.state_it_si,base.it,4
4648,Radicondoli,53030,0577,052025,H157,http://www.comuni-italiani.it/052/025/,base.state_it_si,base.it,4
4649,Rapolano Terme,53040,0577,052026,H185,http://www.comuni-italiani.it/052/026/,base.state_it_si,base.it,4
4650,San Casciano dei Bagni,53040,0578,052027,H790,http://www.comuni-italiani.it/052/027/,base.state_it_si,base.it,4
4651,San Gimignano,53037,0577,052028,H875,http://www.comuni-italiani.it/052/028/,base.state_it_si,base.it,4
4652,San Giovanni d'Asso,53020,0577,052029,H911,http://www.comuni-italiani.it/052/029/,base.state_it_si,base.it,4
4653,San Quirico d'Orcia,53027,0577,052030,I135,http://www.comuni-italiani.it/052/030/,base.state_it_si,base.it,4
4654,Sarteano,53047,0578,052031,I445,http://www.comuni-italiani.it/052/031/,base.state_it_si,base.it,4
4655,Siena,53100,0577,052032,I726,http://www.comuni-italiani.it/052/032/,base.state_it_si,base.it,4
4656,Sinalunga,53048,0577,052033,A468,http://www.comuni-italiani.it/052/033/,base.state_it_si,base.it,4
4657,Sovicille,53018,0577,052034,I877,http://www.comuni-italiani.it/052/034/,base.state_it_si,base.it,4
4658,Torrita di Siena,53049,0577,052035,L303,http://www.comuni-italiani.it/052/035/,base.state_it_si,base.it,4
4659,Trequanda,53020,0577,052036,L384,http://www.comuni-italiani.it/052/036/,base.state_it_si,base.it,4
4660,Arcidosso,58031,0564,053001,A369,http://www.comuni-italiani.it/053/001/,base.state_it_gr,base.it,4
4661,Campagnatico,58042,0564,053002,B497,http://www.comuni-italiani.it/053/002/,base.state_it_gr,base.it,4
4662,Capalbio,58011,0564,053003,B646,http://www.comuni-italiani.it/053/003/,base.state_it_gr,base.it,4
4663,Castel del Piano,58033,0564,053004,C085,http://www.comuni-italiani.it/053/004/,base.state_it_gr,base.it,4
4664,Castell'Azzara,58034,0564,053005,C147,http://www.comuni-italiani.it/053/005/,base.state_it_gr,base.it,4
4665,Castiglione della Pescaia,58043,0564,053006,C310,http://www.comuni-italiani.it/053/006/,base.state_it_gr,base.it,4
4666,Cinigiano,58044,0564,053007,C705,http://www.comuni-italiani.it/053/007/,base.state_it_gr,base.it,4
4667,Civitella Paganico,58045,0564,053008,C782,http://www.comuni-italiani.it/053/008/,base.state_it_gr,base.it,4
4668,Follonica,58022,0566,053009,D656,http://www.comuni-italiani.it/053/009/,base.state_it_gr,base.it,4
4669,Gavorrano,58023,0566,053010,D948,http://www.comuni-italiani.it/053/010/,base.state_it_gr,base.it,4
4670,Grosseto,58100,0564,053011,E202,http://www.comuni-italiani.it/053/011/,base.state_it_gr,base.it,4
4671,Isola del Giglio,58012,0564,053012,E348,http://www.comuni-italiani.it/053/012/,base.state_it_gr,base.it,4
4672,Magliano in Toscana,58051,0564,053013,E810,http://www.comuni-italiani.it/053/013/,base.state_it_gr,base.it,4
4673,Manciano,58014,0564,053014,E875,http://www.comuni-italiani.it/053/014/,base.state_it_gr,base.it,4
4674,Massa Marittima,58024,0566,053015,F032,http://www.comuni-italiani.it/053/015/,base.state_it_gr,base.it,4
4675,Monte Argentario,58019,0564,053016,F437,http://www.comuni-italiani.it/053/016/,base.state_it_gr,base.it,4
4676,Montieri,58026,0566,053017,F677,http://www.comuni-italiani.it/053/017/,base.state_it_gr,base.it,4
4677,Orbetello,58015,0564,053018,G088,http://www.comuni-italiani.it/053/018/,base.state_it_gr,base.it,4
4678,Pitigliano,58017,0564,053019,G716,http://www.comuni-italiani.it/053/019/,base.state_it_gr,base.it,4
4679,Roccalbegna,58053,0564,053020,H417,http://www.comuni-italiani.it/053/020/,base.state_it_gr,base.it,4
4680,Roccastrada,58036,0564,053021,H449,http://www.comuni-italiani.it/053/021/,base.state_it_gr,base.it,4
4681,Santa Fiora,58037,0564,053022,I187,http://www.comuni-italiani.it/053/022/,base.state_it_gr,base.it,4
4682,Scansano,58054,0564,053023,I504,http://www.comuni-italiani.it/053/023/,base.state_it_gr,base.it,4
4683,Scarlino,58020,0566,053024,I510,http://www.comuni-italiani.it/053/024/,base.state_it_gr,base.it,4
4684,Seggiano,58038,0564,053025,I571,http://www.comuni-italiani.it/053/025/,base.state_it_gr,base.it,4
4685,Sorano,58010,0564,053026,I841,http://www.comuni-italiani.it/053/026/,base.state_it_gr,base.it,4
4686,Monterotondo Marittimo,58025,0566,053027,F612,http://www.comuni-italiani.it/053/027/,base.state_it_gr,base.it,4
4687,Semproniano,58055,0564,053028,I601,http://www.comuni-italiani.it/053/028/,base.state_it_gr,base.it,4
4688,Assisi,06081,075,054001,A475,http://www.comuni-italiani.it/054/001/,base.state_it_pg,base.it,4
4689,Bastia Umbra,06083,075,054002,A710,http://www.comuni-italiani.it/054/002/,base.state_it_pg,base.it,4
4690,Bettona,06084,075,054003,A832,http://www.comuni-italiani.it/054/003/,base.state_it_pg,base.it,4
4691,Bevagna,06031,0742,054004,A835,http://www.comuni-italiani.it/054/004/,base.state_it_pg,base.it,4
4692,Campello sul Clitunno,06042,0743,054005,B504,http://www.comuni-italiani.it/054/005/,base.state_it_pg,base.it,4
4693,Cannara,06033,0742,054006,B609,http://www.comuni-italiani.it/054/006/,base.state_it_pg,base.it,4
4694,Cascia,06043,0743,054007,B948,http://www.comuni-italiani.it/054/007/,base.state_it_pg,base.it,4
4695,Castel Ritaldi,06044,0743,054008,C252,http://www.comuni-italiani.it/054/008/,base.state_it_pg,base.it,4
4696,Castiglione del Lago,06061,075,054009,C309,http://www.comuni-italiani.it/054/009/,base.state_it_pg,base.it,4
4697,Cerreto di Spoleto,06041,0743,054010,C527,http://www.comuni-italiani.it/054/010/,base.state_it_pg,base.it,4
4698,Citerna,06010,075,054011,C742,http://www.comuni-italiani.it/054/011/,base.state_it_pg,base.it,4
4699,Città della Pieve,06062,0578,054012,C744,http://www.comuni-italiani.it/054/012/,base.state_it_pg,base.it,4
4700,Città di Castello,06012,075,054013,C745,http://www.comuni-italiani.it/054/013/,base.state_it_pg,base.it,4
4701,Collazzone,06050,075,054014,C845,http://www.comuni-italiani.it/054/014/,base.state_it_pg,base.it,4
4702,Corciano,06073,075,054015,C990,http://www.comuni-italiani.it/054/015/,base.state_it_pg,base.it,4
4703,Costacciaro,06021,075,054016,D108,http://www.comuni-italiani.it/054/016/,base.state_it_pg,base.it,4
4704,Deruta,06053,075,054017,D279,http://www.comuni-italiani.it/054/017/,base.state_it_pg,base.it,4
4705,Foligno,06034,0742,054018,D653,http://www.comuni-italiani.it/054/018/,base.state_it_pg,base.it,4
4706,Fossato di Vico,06022,075,054019,D745,http://www.comuni-italiani.it/054/019/,base.state_it_pg,base.it,4
4707,Fratta Todina,06054,075,054020,D787,http://www.comuni-italiani.it/054/020/,base.state_it_pg,base.it,4
4708,Giano dell'Umbria,06030,0742,054021,E012,http://www.comuni-italiani.it/054/021/,base.state_it_pg,base.it,4
4709,Gualdo Cattaneo,06035,0742,054022,E229,http://www.comuni-italiani.it/054/022/,base.state_it_pg,base.it,4
4710,Gualdo Tadino,06023,075,054023,E230,http://www.comuni-italiani.it/054/023/,base.state_it_pg,base.it,4
4711,Gubbio,06024,075,054024,E256,http://www.comuni-italiani.it/054/024/,base.state_it_pg,base.it,4
4712,Lisciano Niccone,06060,075,054025,E613,http://www.comuni-italiani.it/054/025/,base.state_it_pg,base.it,4
4713,Magione,06063,075,054026,E805,http://www.comuni-italiani.it/054/026/,base.state_it_pg,base.it,4
4714,Marsciano,06055,075,054027,E975,http://www.comuni-italiani.it/054/027/,base.state_it_pg,base.it,4
4715,Massa Martana,06056,075,054028,F024,http://www.comuni-italiani.it/054/028/,base.state_it_pg,base.it,4
4716,Monte Castello di Vibio,06057,075,054029,F456,http://www.comuni-italiani.it/054/029/,base.state_it_pg,base.it,4
4717,Montefalco,06036,0742,054030,F492,http://www.comuni-italiani.it/054/030/,base.state_it_pg,base.it,4
4718,Monteleone di Spoleto,06045,0743,054031,F540,http://www.comuni-italiani.it/054/031/,base.state_it_pg,base.it,4
4719,Monte Santa Maria Tiberina,06010,075,054032,F629,http://www.comuni-italiani.it/054/032/,base.state_it_pg,base.it,4
4720,Montone,06014,075,054033,F685,http://www.comuni-italiani.it/054/033/,base.state_it_pg,base.it,4
4721,Nocera Umbra,06025,0742,054034,F911,http://www.comuni-italiani.it/054/034/,base.state_it_pg,base.it,4
4722,Norcia,06046,0743,054035,F935,http://www.comuni-italiani.it/054/035/,base.state_it_pg,base.it,4
4723,Paciano,06060,075,054036,G212,http://www.comuni-italiani.it/054/036/,base.state_it_pg,base.it,4
4724,Panicale,06064,075,054037,G308,http://www.comuni-italiani.it/054/037/,base.state_it_pg,base.it,4
4725,Passignano sul Trasimeno,06065,075,054038,G359,http://www.comuni-italiani.it/054/038/,base.state_it_pg,base.it,4
4726,Perugia,061%%,075,054039,G478,http://www.comuni-italiani.it/054/039/,base.state_it_pg,base.it,4
4727,Piegaro,06066,075,054040,G601,http://www.comuni-italiani.it/054/040/,base.state_it_pg,base.it,4
4728,Pietralunga,06026,075,054041,G618,http://www.comuni-italiani.it/054/041/,base.state_it_pg,base.it,4
4729,Poggiodomo,06040,0743,054042,G758,http://www.comuni-italiani.it/054/042/,base.state_it_pg,base.it,4
4730,Preci,06047,0743,054043,H015,http://www.comuni-italiani.it/054/043/,base.state_it_pg,base.it,4
4731,San Giustino,06016,075,054044,H935,http://www.comuni-italiani.it/054/044/,base.state_it_pg,base.it,4
4732,Sant'Anatolia di Narco,06040,0743,054045,I263,http://www.comuni-italiani.it/054/045/,base.state_it_pg,base.it,4
4733,Scheggia e Pascelupo,06027,075,054046,I522,http://www.comuni-italiani.it/054/046/,base.state_it_pg,base.it,4
4734,Scheggino,06040,0743,054047,I523,http://www.comuni-italiani.it/054/047/,base.state_it_pg,base.it,4
4735,Sellano,06030,0743,054048,I585,http://www.comuni-italiani.it/054/048/,base.state_it_pg,base.it,4
4736,Sigillo,06028,075,054049,I727,http://www.comuni-italiani.it/054/049/,base.state_it_pg,base.it,4
4737,Spello,06038,0742,054050,I888,http://www.comuni-italiani.it/054/050/,base.state_it_pg,base.it,4
4738,Spoleto,06049,0743,054051,I921,http://www.comuni-italiani.it/054/051/,base.state_it_pg,base.it,4
4739,Todi,06059,075,054052,L188,http://www.comuni-italiani.it/054/052/,base.state_it_pg,base.it,4
4740,Torgiano,06089,075,054053,L216,http://www.comuni-italiani.it/054/053/,base.state_it_pg,base.it,4
4741,Trevi,06039,0742,054054,L397,http://www.comuni-italiani.it/054/054/,base.state_it_pg,base.it,4
4742,Tuoro sul Trasimeno,06069,075,054055,L466,http://www.comuni-italiani.it/054/055/,base.state_it_pg,base.it,4
4743,Umbertide,06019,075,054056,D786,http://www.comuni-italiani.it/054/056/,base.state_it_pg,base.it,4
4744,Valfabbrica,06029,075,054057,L573,http://www.comuni-italiani.it/054/057/,base.state_it_pg,base.it,4
4745,Vallo di Nera,06040,0743,054058,L627,http://www.comuni-italiani.it/054/058/,base.state_it_pg,base.it,4
4746,Valtopina,06030,0742,054059,L653,http://www.comuni-italiani.it/054/059/,base.state_it_pg,base.it,4
4747,Acquasparta,05021,0744,055001,A045,http://www.comuni-italiani.it/055/001/,base.state_it_tr,base.it,4
4748,Allerona,05011,0763,055002,A207,http://www.comuni-italiani.it/055/002/,base.state_it_tr,base.it,4
4749,Alviano,05020,0744,055003,A242,http://www.comuni-italiani.it/055/003/,base.state_it_tr,base.it,4
4750,Amelia,05022,0744,055004,A262,http://www.comuni-italiani.it/055/004/,base.state_it_tr,base.it,4
4751,Arrone,05031,0744,055005,A439,http://www.comuni-italiani.it/055/005/,base.state_it_tr,base.it,4
4752,Attigliano,05012,0744,055006,A490,http://www.comuni-italiani.it/055/006/,base.state_it_tr,base.it,4
4753,Baschi,05023,0744,055007,A691,http://www.comuni-italiani.it/055/007/,base.state_it_tr,base.it,4
4754,Calvi dell'Umbria,05032,0744,055008,B446,http://www.comuni-italiani.it/055/008/,base.state_it_tr,base.it,4
4755,Castel Giorgio,05013,0763,055009,C117,http://www.comuni-italiani.it/055/009/,base.state_it_tr,base.it,4
4756,Castel Viscardo,05014,0763,055010,C289,http://www.comuni-italiani.it/055/010/,base.state_it_tr,base.it,4
4757,Fabro,05015,0763,055011,D454,http://www.comuni-italiani.it/055/011/,base.state_it_tr,base.it,4
4758,Ferentillo,05034,0744,055012,D538,http://www.comuni-italiani.it/055/012/,base.state_it_tr,base.it,4
4759,Ficulle,05016,0763,055013,D570,http://www.comuni-italiani.it/055/013/,base.state_it_tr,base.it,4
4760,Giove,05024,0744,055014,E045,http://www.comuni-italiani.it/055/014/,base.state_it_tr,base.it,4
4761,Guardea,05025,0744,055015,E241,http://www.comuni-italiani.it/055/015/,base.state_it_tr,base.it,4
4762,Lugnano in Teverina,05020,0744,055016,E729,http://www.comuni-italiani.it/055/016/,base.state_it_tr,base.it,4
4763,Montecastrilli,05026,0744,055017,F457,http://www.comuni-italiani.it/055/017/,base.state_it_tr,base.it,4
4764,Montecchio,05020,0744,055018,F462,http://www.comuni-italiani.it/055/018/,base.state_it_tr,base.it,4
4765,Montefranco,05030,0744,055019,F510,http://www.comuni-italiani.it/055/019/,base.state_it_tr,base.it,4
4766,Montegabbione,05010,0763,055020,F513,http://www.comuni-italiani.it/055/020/,base.state_it_tr,base.it,4
4767,Monteleone d'Orvieto,05017,0763,055021,F543,http://www.comuni-italiani.it/055/021/,base.state_it_tr,base.it,4
4768,Narni,05035,0744,055022,F844,http://www.comuni-italiani.it/055/022/,base.state_it_tr,base.it,4
4769,Orvieto,05018,0763,055023,G148,http://www.comuni-italiani.it/055/023/,base.state_it_tr,base.it,4
4770,Otricoli,05030,0744,055024,G189,http://www.comuni-italiani.it/055/024/,base.state_it_tr,base.it,4
4771,Parrano,05010,0763,055025,G344,http://www.comuni-italiani.it/055/025/,base.state_it_tr,base.it,4
4772,Penna in Teverina,05028,0744,055026,G432,http://www.comuni-italiani.it/055/026/,base.state_it_tr,base.it,4
4773,Polino,05030,0744,055027,G790,http://www.comuni-italiani.it/055/027/,base.state_it_tr,base.it,4
4774,Porano,05010,0763,055028,G881,http://www.comuni-italiani.it/055/028/,base.state_it_tr,base.it,4
4775,San Gemini,05029,0744,055029,H857,http://www.comuni-italiani.it/055/029/,base.state_it_tr,base.it,4
4776,San Venanzo,05010,075,055030,I381,http://www.comuni-italiani.it/055/030/,base.state_it_tr,base.it,4
4777,Stroncone,05039,0744,055031,I981,http://www.comuni-italiani.it/055/031/,base.state_it_tr,base.it,4
4778,Terni,05100,0744,055032,L117,http://www.comuni-italiani.it/055/032/,base.state_it_tr,base.it,4
4779,Avigliano Umbro,05020,0744,055033,M258,http://www.comuni-italiani.it/055/033/,base.state_it_tr,base.it,4
4780,Acquapendente,01021,0763,056001,A040,http://www.comuni-italiani.it/056/001/,base.state_it_vt,base.it,4
4781,Arlena di Castro,01010,0761,056002,A412,http://www.comuni-italiani.it/056/002/,base.state_it_vt,base.it,4
4782,Bagnoregio,01022,0761,056003,A577,http://www.comuni-italiani.it/056/003/,base.state_it_vt,base.it,4
4783,Barbarano Romano,01010,0761,056004,A628,http://www.comuni-italiani.it/056/004/,base.state_it_vt,base.it,4
4784,Bassano Romano,01030,0761,056005,A704,http://www.comuni-italiani.it/056/005/,base.state_it_vt,base.it,4
4785,Bassano in Teverina,01030,0761,056006,A706,http://www.comuni-italiani.it/056/006/,base.state_it_vt,base.it,4
4786,Blera,01010,0761,056007,A857,http://www.comuni-italiani.it/056/007/,base.state_it_vt,base.it,4
4787,Bolsena,01023,0761,056008,A949,http://www.comuni-italiani.it/056/008/,base.state_it_vt,base.it,4
4788,Bomarzo,01020,0761,056009,A955,http://www.comuni-italiani.it/056/009/,base.state_it_vt,base.it,4
4789,Calcata,01030,0761,056010,B388,http://www.comuni-italiani.it/056/010/,base.state_it_vt,base.it,4
4790,Canepina,01030,0761,056011,B597,http://www.comuni-italiani.it/056/011/,base.state_it_vt,base.it,4
4791,Canino,01011,0761,056012,B604,http://www.comuni-italiani.it/056/012/,base.state_it_vt,base.it,4
4792,Capodimonte,01010,0761,056013,B663,http://www.comuni-italiani.it/056/013/,base.state_it_vt,base.it,4
4793,Capranica,01012,0761,056014,B688,http://www.comuni-italiani.it/056/014/,base.state_it_vt,base.it,4
4794,Caprarola,01032,0761,056015,B691,http://www.comuni-italiani.it/056/015/,base.state_it_vt,base.it,4
4795,Carbognano,01030,0761,056016,B735,http://www.comuni-italiani.it/056/016/,base.state_it_vt,base.it,4
4796,Castel Sant'Elia,01030,0761,056017,C269,http://www.comuni-italiani.it/056/017/,base.state_it_vt,base.it,4
4797,Castiglione in Teverina,01024,0761,056018,C315,http://www.comuni-italiani.it/056/018/,base.state_it_vt,base.it,4
4798,Celleno,01020,0761,056019,C446,http://www.comuni-italiani.it/056/019/,base.state_it_vt,base.it,4
4799,Cellere,01010,0761,056020,C447,http://www.comuni-italiani.it/056/020/,base.state_it_vt,base.it,4
4800,Civita Castellana,01033,0761,056021,C765,http://www.comuni-italiani.it/056/021/,base.state_it_vt,base.it,4
4801,Civitella d'Agliano,01020,0761,056022,C780,http://www.comuni-italiani.it/056/022/,base.state_it_vt,base.it,4
4802,Corchiano,01030,0761,056023,C988,http://www.comuni-italiani.it/056/023/,base.state_it_vt,base.it,4
4803,Fabrica di Roma,01034,0761,056024,D452,http://www.comuni-italiani.it/056/024/,base.state_it_vt,base.it,4
4804,Faleria,01030,0761,056025,D475,http://www.comuni-italiani.it/056/025/,base.state_it_vt,base.it,4
4805,Farnese,01010,0761,056026,D503,http://www.comuni-italiani.it/056/026/,base.state_it_vt,base.it,4
4806,Gallese,01035,0761,056027,D870,http://www.comuni-italiani.it/056/027/,base.state_it_vt,base.it,4
4807,Gradoli,01010,0761,056028,E126,http://www.comuni-italiani.it/056/028/,base.state_it_vt,base.it,4
4808,Graffignano,01020,0761,056029,E128,http://www.comuni-italiani.it/056/029/,base.state_it_vt,base.it,4
4809,Grotte di Castro,01025,0763,056030,E210,http://www.comuni-italiani.it/056/030/,base.state_it_vt,base.it,4
4810,Ischia di Castro,01010,0761,056031,E330,http://www.comuni-italiani.it/056/031/,base.state_it_vt,base.it,4
4811,Latera,01010,0761,056032,E467,http://www.comuni-italiani.it/056/032/,base.state_it_vt,base.it,4
4812,Lubriano,01020,0761,056033,E713,http://www.comuni-italiani.it/056/033/,base.state_it_vt,base.it,4
4813,Marta,01010,0761,056034,E978,http://www.comuni-italiani.it/056/034/,base.state_it_vt,base.it,4
4814,Montalto di Castro,01014,0766,056035,F419,http://www.comuni-italiani.it/056/035/,base.state_it_vt,base.it,4
4815,Montefiascone,01027,0761,056036,F499,http://www.comuni-italiani.it/056/036/,base.state_it_vt,base.it,4
4816,Monte Romano,01010,0766,056037,F603,http://www.comuni-italiani.it/056/037/,base.state_it_vt,base.it,4
4817,Monterosi,01030,0761,056038,F606,http://www.comuni-italiani.it/056/038/,base.state_it_vt,base.it,4
4818,Nepi,01036,0761,056039,F868,http://www.comuni-italiani.it/056/039/,base.state_it_vt,base.it,4
4819,Onano,01010,0763,056040,G065,http://www.comuni-italiani.it/056/040/,base.state_it_vt,base.it,4
4820,Oriolo Romano,01010,06,056041,G111,http://www.comuni-italiani.it/056/041/,base.state_it_vt,base.it,4
4821,Orte,01028,0761,056042,G135,http://www.comuni-italiani.it/056/042/,base.state_it_vt,base.it,4
4822,Piansano,01010,0761,056043,G571,http://www.comuni-italiani.it/056/043/,base.state_it_vt,base.it,4
4823,Proceno,01020,0763,056044,H071,http://www.comuni-italiani.it/056/044/,base.state_it_vt,base.it,4
4824,Ronciglione,01037,0761,056045,H534,http://www.comuni-italiani.it/056/045/,base.state_it_vt,base.it,4
4825,Villa San Giovanni in Tuscia,01010,0761,056046,H913,http://www.comuni-italiani.it/056/046/,base.state_it_vt,base.it,4
4826,San Lorenzo Nuovo,01020,0763,056047,H969,http://www.comuni-italiani.it/056/047/,base.state_it_vt,base.it,4
4827,Soriano nel Cimino,01038,0761,056048,I855,http://www.comuni-italiani.it/056/048/,base.state_it_vt,base.it,4
4828,Sutri,01015,0761,056049,L017,http://www.comuni-italiani.it/056/049/,base.state_it_vt,base.it,4
4829,Tarquinia,01016,0766,056050,D024,http://www.comuni-italiani.it/056/050/,base.state_it_vt,base.it,4
4830,Tessennano,01010,0761,056051,L150,http://www.comuni-italiani.it/056/051/,base.state_it_vt,base.it,4
4831,Tuscania,01017,0761,056052,L310,http://www.comuni-italiani.it/056/052/,base.state_it_vt,base.it,4
4832,Valentano,01018,0761,056053,L569,http://www.comuni-italiani.it/056/053/,base.state_it_vt,base.it,4
4833,Vallerano,01030,0761,056054,L612,http://www.comuni-italiani.it/056/054/,base.state_it_vt,base.it,4
4834,Vasanello,01030,0761,056055,A701,http://www.comuni-italiani.it/056/055/,base.state_it_vt,base.it,4
4835,Vejano,01010,0761,056056,L713,http://www.comuni-italiani.it/056/056/,base.state_it_vt,base.it,4
4836,Vetralla,01019,0761,056057,L814,http://www.comuni-italiani.it/056/057/,base.state_it_vt,base.it,4
4837,Vignanello,01039,0761,056058,L882,http://www.comuni-italiani.it/056/058/,base.state_it_vt,base.it,4
4838,Viterbo,01100,0761,056059,M082,http://www.comuni-italiani.it/056/059/,base.state_it_vt,base.it,4
4839,Vitorchiano,01030,0761,056060,M086,http://www.comuni-italiani.it/056/060/,base.state_it_vt,base.it,4
4840,Accumoli,02011,0746,057001,A019,http://www.comuni-italiani.it/057/001/,base.state_it_ri,base.it,4
4841,Amatrice,02012,0746,057002,A258,http://www.comuni-italiani.it/057/002/,base.state_it_ri,base.it,4
4842,Antrodoco,02013,0746,057003,A315,http://www.comuni-italiani.it/057/003/,base.state_it_ri,base.it,4
4843,Ascrea,02020,0765,057004,A464,http://www.comuni-italiani.it/057/004/,base.state_it_ri,base.it,4
4844,Belmonte in Sabina,02020,0765,057005,A765,http://www.comuni-italiani.it/057/005/,base.state_it_ri,base.it,4
4845,Borbona,02010,0746,057006,A981,http://www.comuni-italiani.it/057/006/,base.state_it_ri,base.it,4
4846,Borgorose,02021,0746,057007,B008,http://www.comuni-italiani.it/057/007/,base.state_it_ri,base.it,4
4847,Borgo Velino,02010,0746,057008,A996,http://www.comuni-italiani.it/057/008/,base.state_it_ri,base.it,4
4848,Cantalice,02014,0746,057009,B627,http://www.comuni-italiani.it/057/009/,base.state_it_ri,base.it,4
4849,Cantalupo in Sabina,02040,0765,057010,B631,http://www.comuni-italiani.it/057/010/,base.state_it_ri,base.it,4
4850,Casaprota,02030,0765,057011,B934,http://www.comuni-italiani.it/057/011/,base.state_it_ri,base.it,4
4851,Casperia,02041,0765,057012,A472,http://www.comuni-italiani.it/057/012/,base.state_it_ri,base.it,4
4852,Castel di Tora,02020,0765,057013,C098,http://www.comuni-italiani.it/057/013/,base.state_it_ri,base.it,4
4853,Castelnuovo di Farfa,02031,0765,057014,C224,http://www.comuni-italiani.it/057/014/,base.state_it_ri,base.it,4
4854,Castel Sant'Angelo,02010,0746,057015,C268,http://www.comuni-italiani.it/057/015/,base.state_it_ri,base.it,4
4855,Cittaducale,02015,0746,057016,C746,http://www.comuni-italiani.it/057/016/,base.state_it_ri,base.it,4
4856,Cittareale,02010,0746,057017,C749,http://www.comuni-italiani.it/057/017/,base.state_it_ri,base.it,4
4857,Collalto Sabino,02022,0765,057018,C841,http://www.comuni-italiani.it/057/018/,base.state_it_ri,base.it,4
4858,Colle di Tora,02020,0765,057019,C857,http://www.comuni-italiani.it/057/019/,base.state_it_ri,base.it,4
4859,Collegiove,02020,0765,057020,C859,http://www.comuni-italiani.it/057/020/,base.state_it_ri,base.it,4
4860,Collevecchio,02042,0765,057021,C876,http://www.comuni-italiani.it/057/021/,base.state_it_ri,base.it,4
4861,Colli sul Velino,02010,0746,057022,C880,http://www.comuni-italiani.it/057/022/,base.state_it_ri,base.it,4
4862,Concerviano,02020,0765,057023,C946,http://www.comuni-italiani.it/057/023/,base.state_it_ri,base.it,4
4863,Configni,02040,0746,057024,C959,http://www.comuni-italiani.it/057/024/,base.state_it_ri,base.it,4
4864,Contigliano,02043,0746,057025,C969,http://www.comuni-italiani.it/057/025/,base.state_it_ri,base.it,4
4865,Cottanello,02040,0746,057026,D124,http://www.comuni-italiani.it/057/026/,base.state_it_ri,base.it,4
4866,Fara in Sabina,02032,0765,057027,D493,http://www.comuni-italiani.it/057/027/,base.state_it_ri,base.it,4
4867,Fiamignano,02023,0746,057028,D560,http://www.comuni-italiani.it/057/028/,base.state_it_ri,base.it,4
4868,Forano,02044,0765,057029,D689,http://www.comuni-italiani.it/057/029/,base.state_it_ri,base.it,4
4869,Frasso Sabino,02030,0765,057030,D785,http://www.comuni-italiani.it/057/030/,base.state_it_ri,base.it,4
4870,Greccio,02045,0746,057031,E160,http://www.comuni-italiani.it/057/031/,base.state_it_ri,base.it,4
4871,Labro,02010,0746,057032,E393,http://www.comuni-italiani.it/057/032/,base.state_it_ri,base.it,4
4872,Leonessa,02016,0746,057033,E535,http://www.comuni-italiani.it/057/033/,base.state_it_ri,base.it,4
4873,Longone Sabino,02020,0765,057034,E681,http://www.comuni-italiani.it/057/034/,base.state_it_ri,base.it,4
4874,Magliano Sabina,02046,0744,057035,E812,http://www.comuni-italiani.it/057/035/,base.state_it_ri,base.it,4
4875,Marcetelli,02020,0765,057036,E927,http://www.comuni-italiani.it/057/036/,base.state_it_ri,base.it,4
4876,Micigliano,02010,0746,057037,F193,http://www.comuni-italiani.it/057/037/,base.state_it_ri,base.it,4
4877,Mompeo,02040,0765,057038,F319,http://www.comuni-italiani.it/057/038/,base.state_it_ri,base.it,4
4878,Montasola,02040,0746,057039,F430,http://www.comuni-italiani.it/057/039/,base.state_it_ri,base.it,4
4879,Montebuono,02040,0765,057040,F446,http://www.comuni-italiani.it/057/040/,base.state_it_ri,base.it,4
4880,Monteleone Sabino,02033,0765,057041,F541,http://www.comuni-italiani.it/057/041/,base.state_it_ri,base.it,4
4881,Montenero Sabino,02040,0765,057042,F579,http://www.comuni-italiani.it/057/042/,base.state_it_ri,base.it,4
4882,Monte San Giovanni in Sabina,02040,0765,057043,F619,http://www.comuni-italiani.it/057/043/,base.state_it_ri,base.it,4
4883,Montopoli di Sabina,02034,0765,057044,F687,http://www.comuni-italiani.it/057/044/,base.state_it_ri,base.it,4
4884,Morro Reatino,02010,0746,057045,F746,http://www.comuni-italiani.it/057/045/,base.state_it_ri,base.it,4
4885,Nespolo,02020,0765,057046,F876,http://www.comuni-italiani.it/057/046/,base.state_it_ri,base.it,4
4886,Orvinio,02035,0765,057047,B595,http://www.comuni-italiani.it/057/047/,base.state_it_ri,base.it,4
4887,Paganico Sabino,02020,0765,057048,G232,http://www.comuni-italiani.it/057/048/,base.state_it_ri,base.it,4
4888,Pescorocchiano,02024,0746,057049,G498,http://www.comuni-italiani.it/057/049/,base.state_it_ri,base.it,4
4889,Petrella Salto,02025,0746,057050,G513,http://www.comuni-italiani.it/057/050/,base.state_it_ri,base.it,4
4890,Poggio Bustone,02018,0746,057051,G756,http://www.comuni-italiani.it/057/051/,base.state_it_ri,base.it,4
4891,Poggio Catino,02040,0765,057052,G757,http://www.comuni-italiani.it/057/052/,base.state_it_ri,base.it,4
4892,Poggio Mirteto,02047,0765,057053,G763,http://www.comuni-italiani.it/057/053/,base.state_it_ri,base.it,4
4893,Poggio Moiano,02037,0765,057054,G764,http://www.comuni-italiani.it/057/054/,base.state_it_ri,base.it,4
4894,Poggio Nativo,02030,0765,057055,G765,http://www.comuni-italiani.it/057/055/,base.state_it_ri,base.it,4
4895,Poggio San Lorenzo,02030,0765,057056,G770,http://www.comuni-italiani.it/057/056/,base.state_it_ri,base.it,4
4896,Posta,02019,0746,057057,G934,http://www.comuni-italiani.it/057/057/,base.state_it_ri,base.it,4
4897,Pozzaglia Sabina,02030,0765,057058,G951,http://www.comuni-italiani.it/057/058/,base.state_it_ri,base.it,4
4898,Rieti,02100,0746,057059,H282,http://www.comuni-italiani.it/057/059/,base.state_it_ri,base.it,4
4899,Rivodutri,02010,0746,057060,H354,http://www.comuni-italiani.it/057/060/,base.state_it_ri,base.it,4
4900,Roccantica,02040,0765,057061,H427,http://www.comuni-italiani.it/057/061/,base.state_it_ri,base.it,4
4901,Rocca Sinibalda,02026,0765,057062,H446,http://www.comuni-italiani.it/057/062/,base.state_it_ri,base.it,4
4902,Salisano,02040,0765,057063,H713,http://www.comuni-italiani.it/057/063/,base.state_it_ri,base.it,4
4903,Scandriglia,02038,0765,057064,I499,http://www.comuni-italiani.it/057/064/,base.state_it_ri,base.it,4
4904,Selci,02040,0765,057065,I581,http://www.comuni-italiani.it/057/065/,base.state_it_ri,base.it,4
4905,Stimigliano,02048,0765,057066,I959,http://www.comuni-italiani.it/057/066/,base.state_it_ri,base.it,4
4906,Tarano,02040,0765,057067,L046,http://www.comuni-italiani.it/057/067/,base.state_it_ri,base.it,4
4907,Toffia,02039,0765,057068,L189,http://www.comuni-italiani.it/057/068/,base.state_it_ri,base.it,4
4908,Torricella in Sabina,02030,0765,057069,L293,http://www.comuni-italiani.it/057/069/,base.state_it_ri,base.it,4
4909,Torri in Sabina,02049,0765,057070,L286,http://www.comuni-italiani.it/057/070/,base.state_it_ri,base.it,4
4910,Turania,02020,0765,057071,G507,http://www.comuni-italiani.it/057/071/,base.state_it_ri,base.it,4
4911,Vacone,02040,0746,057072,L525,http://www.comuni-italiani.it/057/072/,base.state_it_ri,base.it,4
4912,Varco Sabino,02020,0765,057073,L676,http://www.comuni-italiani.it/057/073/,base.state_it_ri,base.it,4
4913,Affile,00021,0774,058001,A062,http://www.comuni-italiani.it/058/001/,base.state_it_rm,base.it,4
4914,Agosta,00020,0774,058002,A084,http://www.comuni-italiani.it/058/002/,base.state_it_rm,base.it,4
4915,Albano Laziale,00041,06,058003,A132,http://www.comuni-italiani.it/058/003/,base.state_it_rm,base.it,4
4916,Allumiere,00051,0766,058004,A210,http://www.comuni-italiani.it/058/004/,base.state_it_rm,base.it,4
4917,Anguillara Sabazia,00061,06,058005,A297,http://www.comuni-italiani.it/058/005/,base.state_it_rm,base.it,4
4918,Anticoli Corrado,00022,0774,058006,A309,http://www.comuni-italiani.it/058/006/,base.state_it_rm,base.it,4
4919,Anzio,00042,06,058007,A323,http://www.comuni-italiani.it/058/007/,base.state_it_rm,base.it,4
4920,Arcinazzo Romano,00020,0774,058008,A370,http://www.comuni-italiani.it/058/008/,base.state_it_rm,base.it,4
4921,Ariccia,00040,06,058009,A401,http://www.comuni-italiani.it/058/009/,base.state_it_rm,base.it,4
4922,Arsoli,00023,0774,058010,A446,http://www.comuni-italiani.it/058/010/,base.state_it_rm,base.it,4
4923,Artena,00031,06,058011,A449,http://www.comuni-italiani.it/058/011/,base.state_it_rm,base.it,4
4924,Bellegra,00030,06,058012,A749,http://www.comuni-italiani.it/058/012/,base.state_it_rm,base.it,4
4925,Bracciano,00062,06,058013,B114,http://www.comuni-italiani.it/058/013/,base.state_it_rm,base.it,4
4926,Camerata Nuova,00020,0774,058014,B472,http://www.comuni-italiani.it/058/014/,base.state_it_rm,base.it,4
4927,Campagnano di Roma,00063,06,058015,B496,http://www.comuni-italiani.it/058/015/,base.state_it_rm,base.it,4
4928,Canale Monterano,00060,06,058016,B576,http://www.comuni-italiani.it/058/016/,base.state_it_rm,base.it,4
4929,Canterano,00020,0774,058017,B635,http://www.comuni-italiani.it/058/017/,base.state_it_rm,base.it,4
4930,Capena,00060,06,058018,B649,http://www.comuni-italiani.it/058/018/,base.state_it_rm,base.it,4
4931,Capranica Prenestina,00030,06,058019,B687,http://www.comuni-italiani.it/058/019/,base.state_it_rm,base.it,4
4932,Carpineto Romano,00032,06,058020,B828,http://www.comuni-italiani.it/058/020/,base.state_it_rm,base.it,4
4933,Casape,00010,0774,058021,B932,http://www.comuni-italiani.it/058/021/,base.state_it_rm,base.it,4
4934,Castel Gandolfo,00040,06,058022,C116,http://www.comuni-italiani.it/058/022/,base.state_it_rm,base.it,4
4935,Castel Madama,00024,0774,058023,C203,http://www.comuni-italiani.it/058/023/,base.state_it_rm,base.it,4
4936,Castelnuovo di Porto,00060,06,058024,C237,http://www.comuni-italiani.it/058/024/,base.state_it_rm,base.it,4
4937,Castel San Pietro Romano,00030,06,058025,C266,http://www.comuni-italiani.it/058/025/,base.state_it_rm,base.it,4
4938,Cave,00033,06,058026,C390,http://www.comuni-italiani.it/058/026/,base.state_it_rm,base.it,4
4939,Cerreto Laziale,00020,0774,058027,C518,http://www.comuni-italiani.it/058/027/,base.state_it_rm,base.it,4
4940,Cervara di Roma,00020,0774,058028,C543,http://www.comuni-italiani.it/058/028/,base.state_it_rm,base.it,4
4941,Cerveteri,00052,06,058029,C552,http://www.comuni-italiani.it/058/029/,base.state_it_rm,base.it,4
4942,Ciciliano,00020,0774,058030,C677,http://www.comuni-italiani.it/058/030/,base.state_it_rm,base.it,4
4943,Cineto Romano,00020,0774,058031,C702,http://www.comuni-italiani.it/058/031/,base.state_it_rm,base.it,4
4944,Civitavecchia,00053,0766,058032,C773,http://www.comuni-italiani.it/058/032/,base.state_it_rm,base.it,4
4945,Civitella San Paolo,00060,0765,058033,C784,http://www.comuni-italiani.it/058/033/,base.state_it_rm,base.it,4
4946,Colleferro,00034,06,058034,C858,http://www.comuni-italiani.it/058/034/,base.state_it_rm,base.it,4
4947,Colonna,00030,06,058035,C900,http://www.comuni-italiani.it/058/035/,base.state_it_rm,base.it,4
4948,Fiano Romano,00065,0765,058036,D561,http://www.comuni-italiani.it/058/036/,base.state_it_rm,base.it,4
4949,Filacciano,00060,0765,058037,D586,http://www.comuni-italiani.it/058/037/,base.state_it_rm,base.it,4
4950,Formello,00060,06,058038,D707,http://www.comuni-italiani.it/058/038/,base.state_it_rm,base.it,4
4951,Frascati,00044,06,058039,D773,http://www.comuni-italiani.it/058/039/,base.state_it_rm,base.it,4
4952,Gallicano nel Lazio,00010,06,058040,D875,http://www.comuni-italiani.it/058/040/,base.state_it_rm,base.it,4
4953,Gavignano,00030,06,058041,D945,http://www.comuni-italiani.it/058/041/,base.state_it_rm,base.it,4
4954,Genazzano,00030,06,058042,D964,http://www.comuni-italiani.it/058/042/,base.state_it_rm,base.it,4
4955,Genzano di Roma,00045,06,058043,D972,http://www.comuni-italiani.it/058/043/,base.state_it_rm,base.it,4
4956,Gerano,00025,0774,058044,D978,http://www.comuni-italiani.it/058/044/,base.state_it_rm,base.it,4
4957,Gorga,00030,06,058045,E091,http://www.comuni-italiani.it/058/045/,base.state_it_rm,base.it,4
4958,Grottaferrata,00046,06,058046,E204,http://www.comuni-italiani.it/058/046/,base.state_it_rm,base.it,4
4959,Guidonia Montecelio,00012,0774,058047,E263,http://www.comuni-italiani.it/058/047/,base.state_it_rm,base.it,4
4960,Jenne,00020,0774,058048,E382,http://www.comuni-italiani.it/058/048/,base.state_it_rm,base.it,4
4961,Labico,00030,06,058049,E392,http://www.comuni-italiani.it/058/049/,base.state_it_rm,base.it,4
4962,Lanuvio,00040,06,058050,C767,http://www.comuni-italiani.it/058/050/,base.state_it_rm,base.it,4
4963,Licenza,00026,0774,058051,E576,http://www.comuni-italiani.it/058/051/,base.state_it_rm,base.it,4
4964,Magliano Romano,00060,06,058052,E813,http://www.comuni-italiani.it/058/052/,base.state_it_rm,base.it,4
4965,Mandela,00020,0774,058053,B632,http://www.comuni-italiani.it/058/053/,base.state_it_rm,base.it,4
4966,Manziana,00066,06,058054,E900,http://www.comuni-italiani.it/058/054/,base.state_it_rm,base.it,4
4967,Marano Equo,00020,0774,058055,E908,http://www.comuni-italiani.it/058/055/,base.state_it_rm,base.it,4
4968,Marcellina,00010,0774,058056,E924,http://www.comuni-italiani.it/058/056/,base.state_it_rm,base.it,4
4969,Marino,00047,06,058057,E958,http://www.comuni-italiani.it/058/057/,base.state_it_rm,base.it,4
4970,Mazzano Romano,00060,06,058058,F064,http://www.comuni-italiani.it/058/058/,base.state_it_rm,base.it,4
4971,Mentana,00013,06,058059,F127,http://www.comuni-italiani.it/058/059/,base.state_it_rm,base.it,4
4972,Monte Compatri,00040,06,058060,F477,http://www.comuni-italiani.it/058/060/,base.state_it_rm,base.it,4
4973,Monteflavio,00010,0774,058061,F504,http://www.comuni-italiani.it/058/061/,base.state_it_rm,base.it,4
4974,Montelanico,00030,06,058062,F534,http://www.comuni-italiani.it/058/062/,base.state_it_rm,base.it,4
4975,Montelibretti,00010,0774,058063,F545,http://www.comuni-italiani.it/058/063/,base.state_it_rm,base.it,4
4976,Monte Porzio Catone,00040,06,058064,F590,http://www.comuni-italiani.it/058/064/,base.state_it_rm,base.it,4
4977,Monterotondo,00015,06,058065,F611,http://www.comuni-italiani.it/058/065/,base.state_it_rm,base.it,4
4978,Montorio Romano,00010,0774,058066,F692,http://www.comuni-italiani.it/058/066/,base.state_it_rm,base.it,4
4979,Moricone,00010,0774,058067,F730,http://www.comuni-italiani.it/058/067/,base.state_it_rm,base.it,4
4980,Morlupo,00067,06,058068,F734,http://www.comuni-italiani.it/058/068/,base.state_it_rm,base.it,4
4981,Nazzano,00060,0765,058069,F857,http://www.comuni-italiani.it/058/069/,base.state_it_rm,base.it,4
4982,Nemi,00040,06,058070,F865,http://www.comuni-italiani.it/058/070/,base.state_it_rm,base.it,4
4983,Nerola,00017,0774,058071,F871,http://www.comuni-italiani.it/058/071/,base.state_it_rm,base.it,4
4984,Nettuno,00048,06,058072,F880,http://www.comuni-italiani.it/058/072/,base.state_it_rm,base.it,4
4985,Olevano Romano,00035,06,058073,G022,http://www.comuni-italiani.it/058/073/,base.state_it_rm,base.it,4
4986,Palestrina,00036,06,058074,G274,http://www.comuni-italiani.it/058/074/,base.state_it_rm,base.it,4
4987,Palombara Sabina,00018,0774,058075,G293,http://www.comuni-italiani.it/058/075/,base.state_it_rm,base.it,4
4988,Percile,00020,0774,058076,G444,http://www.comuni-italiani.it/058/076/,base.state_it_rm,base.it,4
4989,Pisoniano,00020,06,058077,G704,http://www.comuni-italiani.it/058/077/,base.state_it_rm,base.it,4
4990,Poli,00010,06,058078,G784,http://www.comuni-italiani.it/058/078/,base.state_it_rm,base.it,4
4991,Pomezia,00040,06,058079,G811,http://www.comuni-italiani.it/058/079/,base.state_it_rm,base.it,4
4992,Ponzano Romano,00060,0765,058080,G874,http://www.comuni-italiani.it/058/080/,base.state_it_rm,base.it,4
4993,Riano,00060,06,058081,H267,http://www.comuni-italiani.it/058/081/,base.state_it_rm,base.it,4
4994,Rignano Flaminio,00068,0761,058082,H288,http://www.comuni-italiani.it/058/082/,base.state_it_rm,base.it,4
4995,Riofreddo,00020,0774,058083,H300,http://www.comuni-italiani.it/058/083/,base.state_it_rm,base.it,4
4996,Rocca Canterano,00020,0774,058084,H387,http://www.comuni-italiani.it/058/084/,base.state_it_rm,base.it,4
4997,Rocca di Cave,00030,06,058085,H401,http://www.comuni-italiani.it/058/085/,base.state_it_rm,base.it,4
4998,Rocca di Papa,00040,06,058086,H404,http://www.comuni-italiani.it/058/086/,base.state_it_rm,base.it,4
4999,Roccagiovine,00020,0774,058087,H411,http://www.comuni-italiani.it/058/087/,base.state_it_rm,base.it,4
5000,Rocca Priora,00040,06,058088,H432,http://www.comuni-italiani.it/058/088/,base.state_it_rm,base.it,4
5001,Rocca Santo Stefano,00030,06,058089,H441,http://www.comuni-italiani.it/058/089/,base.state_it_rm,base.it,4
5002,Roiate,00030,06,058090,H494,http://www.comuni-italiani.it/058/090/,base.state_it_rm,base.it,4
5003,Roma,001%%,06,058091,H501,http://www.comuni-italiani.it/058/091/,base.state_it_rm,base.it,4
5004,Roviano,00027,0774,058092,H618,http://www.comuni-italiani.it/058/092/,base.state_it_rm,base.it,4
5005,Sacrofano,00060,06,058093,H658,http://www.comuni-italiani.it/058/093/,base.state_it_rm,base.it,4
5006,Sambuci,00020,0774,058094,H745,http://www.comuni-italiani.it/058/094/,base.state_it_rm,base.it,4
5007,San Gregorio da Sassola,00010,0774,058095,H942,http://www.comuni-italiani.it/058/095/,base.state_it_rm,base.it,4
5008,San Polo dei Cavalieri,00010,0774,058096,I125,http://www.comuni-italiani.it/058/096/,base.state_it_rm,base.it,4
5009,Santa Marinella,00058,0766,058097,I255,http://www.comuni-italiani.it/058/097/,base.state_it_rm,base.it,4
5010,Sant'Angelo Romano,00010,0774,058098,I284,http://www.comuni-italiani.it/058/098/,base.state_it_rm,base.it,4
5011,Sant'Oreste,00060,0761,058099,I352,http://www.comuni-italiani.it/058/099/,base.state_it_rm,base.it,4
5012,San Vito Romano,00030,06,058100,I400,http://www.comuni-italiani.it/058/100/,base.state_it_rm,base.it,4
5013,Saracinesco,00020,0774,058101,I424,http://www.comuni-italiani.it/058/101/,base.state_it_rm,base.it,4
5014,Segni,00037,06,058102,I573,http://www.comuni-italiani.it/058/102/,base.state_it_rm,base.it,4
5015,Subiaco,00028,0774,058103,I992,http://www.comuni-italiani.it/058/103/,base.state_it_rm,base.it,4
5016,Tivoli,00019,0774,058104,L182,http://www.comuni-italiani.it/058/104/,base.state_it_rm,base.it,4
5017,Tolfa,00059,0766,058105,L192,http://www.comuni-italiani.it/058/105/,base.state_it_rm,base.it,4
5018,Torrita Tiberina,00060,0765,058106,L302,http://www.comuni-italiani.it/058/106/,base.state_it_rm,base.it,4
5019,Trevignano Romano,00069,06,058107,L401,http://www.comuni-italiani.it/058/107/,base.state_it_rm,base.it,4
5020,Vallepietra,00020,0774,058108,L611,http://www.comuni-italiani.it/058/108/,base.state_it_rm,base.it,4
5021,Vallinfreda,00020,0774,058109,L625,http://www.comuni-italiani.it/058/109/,base.state_it_rm,base.it,4
5022,Valmontone,00038,06,058110,L639,http://www.comuni-italiani.it/058/110/,base.state_it_rm,base.it,4
5023,Velletri,00049,06,058111,L719,http://www.comuni-italiani.it/058/111/,base.state_it_rm,base.it,4
5024,Vicovaro,00029,0774,058112,L851,http://www.comuni-italiani.it/058/112/,base.state_it_rm,base.it,4
5025,Vivaro Romano,00020,0774,058113,M095,http://www.comuni-italiani.it/058/113/,base.state_it_rm,base.it,4
5026,Zagarolo,00039,06,058114,M141,http://www.comuni-italiani.it/058/114/,base.state_it_rm,base.it,4
5027,Lariano,00040,06,058115,M207,http://www.comuni-italiani.it/058/115/,base.state_it_rm,base.it,4
5028,Ladispoli,00055,06,058116,M212,http://www.comuni-italiani.it/058/116/,base.state_it_rm,base.it,4
5029,Ardea,00040,06,058117,M213,http://www.comuni-italiani.it/058/117/,base.state_it_rm,base.it,4
5030,Ciampino,00043,06,058118,M272,http://www.comuni-italiani.it/058/118/,base.state_it_rm,base.it,4
5031,San Cesareo,00030,06,058119,M295,http://www.comuni-italiani.it/058/119/,base.state_it_rm,base.it,4
5032,Fiumicino,00054,06,058120,M297,http://www.comuni-italiani.it/058/120/,base.state_it_rm,base.it,4
5033,Fonte Nuova,00013,06,058122,M309,http://www.comuni-italiani.it/058/122/,base.state_it_rm,base.it,4
5034,Aprilia,04011,06,059001,A341,http://www.comuni-italiani.it/059/001/,base.state_it_lt,base.it,4
5035,Bassiano,04010,0773,059002,A707,http://www.comuni-italiani.it/059/002/,base.state_it_lt,base.it,4
5036,Campodimele,04020,0771,059003,B527,http://www.comuni-italiani.it/059/003/,base.state_it_lt,base.it,4
5037,Castelforte,04021,0771,059004,C104,http://www.comuni-italiani.it/059/004/,base.state_it_lt,base.it,4
5038,Cisterna di Latina,04012,06,059005,C740,http://www.comuni-italiani.it/059/005/,base.state_it_lt,base.it,4
5039,Cori,04010,06,059006,D003,http://www.comuni-italiani.it/059/006/,base.state_it_lt,base.it,4
5040,Fondi,04022,0771,059007,D662,http://www.comuni-italiani.it/059/007/,base.state_it_lt,base.it,4
5041,Formia,04023,0771,059008,D708,http://www.comuni-italiani.it/059/008/,base.state_it_lt,base.it,4
5042,Gaeta,04024,0771,059009,D843,http://www.comuni-italiani.it/059/009/,base.state_it_lt,base.it,4
5043,Itri,04020,0771,059010,E375,http://www.comuni-italiani.it/059/010/,base.state_it_lt,base.it,4
5044,Latina,04100,0773,059011,E472,http://www.comuni-italiani.it/059/011/,base.state_it_lt,base.it,4
5045,Lenola,04025,0771,059012,E527,http://www.comuni-italiani.it/059/012/,base.state_it_lt,base.it,4
5046,Maenza,04010,0773,059013,E798,http://www.comuni-italiani.it/059/013/,base.state_it_lt,base.it,4
5047,Minturno,04026,0771,059014,F224,http://www.comuni-italiani.it/059/014/,base.state_it_lt,base.it,4
5048,Monte San Biagio,04020,0771,059015,F616,http://www.comuni-italiani.it/059/015/,base.state_it_lt,base.it,4
5049,Norma,04010,0773,059016,F937,http://www.comuni-italiani.it/059/016/,base.state_it_lt,base.it,4
5050,Pontinia,04014,0773,059017,G865,http://www.comuni-italiani.it/059/017/,base.state_it_lt,base.it,4
5051,Ponza,04027,0771,059018,G871,http://www.comuni-italiani.it/059/018/,base.state_it_lt,base.it,4
5052,Priverno,04015,0773,059019,G698,http://www.comuni-italiani.it/059/019/,base.state_it_lt,base.it,4
5053,Prossedi,04010,0773,059020,H076,http://www.comuni-italiani.it/059/020/,base.state_it_lt,base.it,4
5054,Roccagorga,04010,0773,059021,H413,http://www.comuni-italiani.it/059/021/,base.state_it_lt,base.it,4
5055,Rocca Massima,04010,06,059022,H421,http://www.comuni-italiani.it/059/022/,base.state_it_lt,base.it,4
5056,Roccasecca dei Volsci,04010,0773,059023,H444,http://www.comuni-italiani.it/059/023/,base.state_it_lt,base.it,4
5057,Sabaudia,04016,0773,059024,H647,http://www.comuni-italiani.it/059/024/,base.state_it_lt,base.it,4
5058,San Felice Circeo,04017,0773,059025,H836,http://www.comuni-italiani.it/059/025/,base.state_it_lt,base.it,4
5059,Santi Cosma e Damiano,04020,0771,059026,I339,http://www.comuni-italiani.it/059/026/,base.state_it_lt,base.it,4
5060,Sermoneta,04013,0773,059027,I634,http://www.comuni-italiani.it/059/027/,base.state_it_lt,base.it,4
5061,Sezze,04018,0773,059028,I712,http://www.comuni-italiani.it/059/028/,base.state_it_lt,base.it,4
5062,Sonnino,04010,0773,059029,I832,http://www.comuni-italiani.it/059/029/,base.state_it_lt,base.it,4
5063,Sperlonga,04029,0771,059030,I892,http://www.comuni-italiani.it/059/030/,base.state_it_lt,base.it,4
5064,Spigno Saturnia,04020,0771,059031,I902,http://www.comuni-italiani.it/059/031/,base.state_it_lt,base.it,4
5065,Terracina,04019,0773,059032,L120,http://www.comuni-italiani.it/059/032/,base.state_it_lt,base.it,4
5066,Ventotene,04020,0771,059033,L742,http://www.comuni-italiani.it/059/033/,base.state_it_lt,base.it,4
5067,Acquafondata,03040,0776,060001,A032,http://www.comuni-italiani.it/060/001/,base.state_it_fr,base.it,4
5068,Acuto,03010,0775,060002,A054,http://www.comuni-italiani.it/060/002/,base.state_it_fr,base.it,4
5069,Alatri,03011,0775,060003,A123,http://www.comuni-italiani.it/060/003/,base.state_it_fr,base.it,4
5070,Alvito,03041,0776,060004,A244,http://www.comuni-italiani.it/060/004/,base.state_it_fr,base.it,4
5071,Amaseno,03021,0775,060005,A256,http://www.comuni-italiani.it/060/005/,base.state_it_fr,base.it,4
5072,Anagni,03012,0775,060006,A269,http://www.comuni-italiani.it/060/006/,base.state_it_fr,base.it,4
5073,Aquino,03031,0776,060007,A348,http://www.comuni-italiani.it/060/007/,base.state_it_fr,base.it,4
5074,Arce,03032,0776,060008,A363,http://www.comuni-italiani.it/060/008/,base.state_it_fr,base.it,4
5075,Arnara,03020,0775,060009,A421,http://www.comuni-italiani.it/060/009/,base.state_it_fr,base.it,4
5076,Arpino,03033,0776,060010,A433,http://www.comuni-italiani.it/060/010/,base.state_it_fr,base.it,4
5077,Atina,03042,0776,060011,A486,http://www.comuni-italiani.it/060/011/,base.state_it_fr,base.it,4
5078,Ausonia,03040,0776,060012,A502,http://www.comuni-italiani.it/060/012/,base.state_it_fr,base.it,4
5079,Belmonte Castello,03040,0776,060013,A763,http://www.comuni-italiani.it/060/013/,base.state_it_fr,base.it,4
5080,Boville Ernica,03022,0775,060014,A720,http://www.comuni-italiani.it/060/014/,base.state_it_fr,base.it,4
5081,Broccostella,03030,0776,060015,B195,http://www.comuni-italiani.it/060/015/,base.state_it_fr,base.it,4
5082,Campoli Appennino,03030,0776,060016,B543,http://www.comuni-italiani.it/060/016/,base.state_it_fr,base.it,4
5083,Casalattico,03030,0776,060017,B862,http://www.comuni-italiani.it/060/017/,base.state_it_fr,base.it,4
5084,Casalvieri,03034,0776,060018,B919,http://www.comuni-italiani.it/060/018/,base.state_it_fr,base.it,4
5085,Cassino,03043,0776,060019,C034,http://www.comuni-italiani.it/060/019/,base.state_it_fr,base.it,4
5086,Castelliri,03030,0776,060020,C177,http://www.comuni-italiani.it/060/020/,base.state_it_fr,base.it,4
5087,Castelnuovo Parano,03040,0776,060021,C223,http://www.comuni-italiani.it/060/021/,base.state_it_fr,base.it,4
5088,Castrocielo,03030,0776,060022,C340,http://www.comuni-italiani.it/060/022/,base.state_it_fr,base.it,4
5089,Castro dei Volsci,03020,0775,060023,C338,http://www.comuni-italiani.it/060/023/,base.state_it_fr,base.it,4
5090,Ceccano,03023,0775,060024,C413,http://www.comuni-italiani.it/060/024/,base.state_it_fr,base.it,4
5091,Ceprano,03024,0775,060025,C479,http://www.comuni-italiani.it/060/025/,base.state_it_fr,base.it,4
5092,Cervaro,03044,0776,060026,C545,http://www.comuni-italiani.it/060/026/,base.state_it_fr,base.it,4
5093,Colfelice,03030,0776,060027,C836,http://www.comuni-italiani.it/060/027/,base.state_it_fr,base.it,4
5094,Collepardo,03010,0775,060028,C864,http://www.comuni-italiani.it/060/028/,base.state_it_fr,base.it,4
5095,Colle San Magno,03030,0776,060029,C870,http://www.comuni-italiani.it/060/029/,base.state_it_fr,base.it,4
5096,Coreno Ausonio,03040,0776,060030,C998,http://www.comuni-italiani.it/060/030/,base.state_it_fr,base.it,4
5097,Esperia,03045,0776,060031,D440,http://www.comuni-italiani.it/060/031/,base.state_it_fr,base.it,4
5098,Falvaterra,03020,0775,060032,D483,http://www.comuni-italiani.it/060/032/,base.state_it_fr,base.it,4
5099,Ferentino,03013,0775,060033,D539,http://www.comuni-italiani.it/060/033/,base.state_it_fr,base.it,4
5100,Filettino,03010,0775,060034,D591,http://www.comuni-italiani.it/060/034/,base.state_it_fr,base.it,4
5101,Fiuggi,03014,0775,060035,A310,http://www.comuni-italiani.it/060/035/,base.state_it_fr,base.it,4
5102,Fontana Liri,03035,0776,060036,D667,http://www.comuni-italiani.it/060/036/,base.state_it_fr,base.it,4
5103,Fontechiari,03030,0776,060037,D682,http://www.comuni-italiani.it/060/037/,base.state_it_fr,base.it,4
5104,Frosinone,03100,0775,060038,D810,http://www.comuni-italiani.it/060/038/,base.state_it_fr,base.it,4
5105,Fumone,03010,0775,060039,D819,http://www.comuni-italiani.it/060/039/,base.state_it_fr,base.it,4
5106,Gallinaro,03040,0776,060040,D881,http://www.comuni-italiani.it/060/040/,base.state_it_fr,base.it,4
5107,Giuliano di Roma,03020,0775,060041,E057,http://www.comuni-italiani.it/060/041/,base.state_it_fr,base.it,4
5108,Guarcino,03016,0775,060042,E236,http://www.comuni-italiani.it/060/042/,base.state_it_fr,base.it,4
5109,Isola del Liri,03036,0776,060043,E340,http://www.comuni-italiani.it/060/043/,base.state_it_fr,base.it,4
5110,Monte San Giovanni Campano,03025,0775,060044,F620,http://www.comuni-italiani.it/060/044/,base.state_it_fr,base.it,4
5111,Morolo,03017,0775,060045,F740,http://www.comuni-italiani.it/060/045/,base.state_it_fr,base.it,4
5112,Paliano,03018,0775,060046,G276,http://www.comuni-italiani.it/060/046/,base.state_it_fr,base.it,4
5113,Pastena,03020,0776,060047,G362,http://www.comuni-italiani.it/060/047/,base.state_it_fr,base.it,4
5114,Patrica,03010,0775,060048,G374,http://www.comuni-italiani.it/060/048/,base.state_it_fr,base.it,4
5115,Pescosolido,03030,0776,060049,G500,http://www.comuni-italiani.it/060/049/,base.state_it_fr,base.it,4
5116,Picinisco,03040,0776,060050,G591,http://www.comuni-italiani.it/060/050/,base.state_it_fr,base.it,4
5117,Pico,03020,0776,060051,G592,http://www.comuni-italiani.it/060/051/,base.state_it_fr,base.it,4
5118,Piedimonte San Germano,03030,0776,060052,G598,http://www.comuni-italiani.it/060/052/,base.state_it_fr,base.it,4
5119,Piglio,03010,0775,060053,G659,http://www.comuni-italiani.it/060/053/,base.state_it_fr,base.it,4
5120,Pignataro Interamna,03040,0776,060054,G662,http://www.comuni-italiani.it/060/054/,base.state_it_fr,base.it,4
5121,Pofi,03026,0775,060055,G749,http://www.comuni-italiani.it/060/055/,base.state_it_fr,base.it,4
5122,Pontecorvo,03037,0776,060056,G838,http://www.comuni-italiani.it/060/056/,base.state_it_fr,base.it,4
5123,Posta Fibreno,03030,0776,060057,G935,http://www.comuni-italiani.it/060/057/,base.state_it_fr,base.it,4
5124,Ripi,03027,0775,060058,H324,http://www.comuni-italiani.it/060/058/,base.state_it_fr,base.it,4
5125,Rocca d'Arce,03030,0776,060059,H393,http://www.comuni-italiani.it/060/059/,base.state_it_fr,base.it,4
5126,Roccasecca,03038,0776,060060,H443,http://www.comuni-italiani.it/060/060/,base.state_it_fr,base.it,4
5127,San Biagio Saracinisco,03040,0776,060061,H779,http://www.comuni-italiani.it/060/061/,base.state_it_fr,base.it,4
5128,San Donato Val di Comino,03046,0776,060062,H824,http://www.comuni-italiani.it/060/062/,base.state_it_fr,base.it,4
5129,San Giorgio a Liri,03047,0776,060063,H880,http://www.comuni-italiani.it/060/063/,base.state_it_fr,base.it,4
5130,San Giovanni Incarico,03028,0776,060064,H917,http://www.comuni-italiani.it/060/064/,base.state_it_fr,base.it,4
5131,Sant'Ambrogio sul Garigliano,03040,0776,060065,I256,http://www.comuni-italiani.it/060/065/,base.state_it_fr,base.it,4
5132,Sant'Andrea del Garigliano,03040,0776,060066,I265,http://www.comuni-italiani.it/060/066/,base.state_it_fr,base.it,4
5133,Sant'Apollinare,03048,0776,060067,I302,http://www.comuni-italiani.it/060/067/,base.state_it_fr,base.it,4
5134,Sant'Elia Fiumerapido,03049,0776,060068,I321,http://www.comuni-italiani.it/060/068/,base.state_it_fr,base.it,4
5135,Santopadre,03030,0776,060069,I351,http://www.comuni-italiani.it/060/069/,base.state_it_fr,base.it,4
5136,San Vittore del Lazio,03040,0776,060070,I408,http://www.comuni-italiani.it/060/070/,base.state_it_fr,base.it,4
5137,Serrone,03010,0775,060071,I669,http://www.comuni-italiani.it/060/071/,base.state_it_fr,base.it,4
5138,Settefrati,03040,0776,060072,I697,http://www.comuni-italiani.it/060/072/,base.state_it_fr,base.it,4
5139,Sgurgola,03010,0775,060073,I716,http://www.comuni-italiani.it/060/073/,base.state_it_fr,base.it,4
5140,Sora,03039,0776,060074,I838,http://www.comuni-italiani.it/060/074/,base.state_it_fr,base.it,4
5141,Strangolagalli,03020,0775,060075,I973,http://www.comuni-italiani.it/060/075/,base.state_it_fr,base.it,4
5142,Supino,03019,0775,060076,L009,http://www.comuni-italiani.it/060/076/,base.state_it_fr,base.it,4
5143,Terelle,03040,0776,060077,L105,http://www.comuni-italiani.it/060/077/,base.state_it_fr,base.it,4
5144,Torre Cajetani,03010,0775,060078,L243,http://www.comuni-italiani.it/060/078/,base.state_it_fr,base.it,4
5145,Torrice,03020,0775,060079,L290,http://www.comuni-italiani.it/060/079/,base.state_it_fr,base.it,4
5146,Trevi nel Lazio,03010,0775,060080,L398,http://www.comuni-italiani.it/060/080/,base.state_it_fr,base.it,4
5147,Trivigliano,03010,0775,060081,L437,http://www.comuni-italiani.it/060/081/,base.state_it_fr,base.it,4
5148,Vallecorsa,03020,0775,060082,L598,http://www.comuni-italiani.it/060/082/,base.state_it_fr,base.it,4
5149,Vallemaio,03040,0776,060083,L605,http://www.comuni-italiani.it/060/083/,base.state_it_fr,base.it,4
5150,Vallerotonda,03040,0776,060084,L614,http://www.comuni-italiani.it/060/084/,base.state_it_fr,base.it,4
5151,Veroli,03029,0775,060085,L780,http://www.comuni-italiani.it/060/085/,base.state_it_fr,base.it,4
5152,Vicalvi,03030,0776,060086,L836,http://www.comuni-italiani.it/060/086/,base.state_it_fr,base.it,4
5153,Vico nel Lazio,03010,0775,060087,L843,http://www.comuni-italiani.it/060/087/,base.state_it_fr,base.it,4
5154,Villa Latina,03040,0776,060088,A081,http://www.comuni-italiani.it/060/088/,base.state_it_fr,base.it,4
5155,Villa Santa Lucia,03030,0776,060089,L905,http://www.comuni-italiani.it/060/089/,base.state_it_fr,base.it,4
5156,Villa Santo Stefano,03020,0775,060090,I364,http://www.comuni-italiani.it/060/090/,base.state_it_fr,base.it,4
5157,Viticuso,03040,0776,060091,M083,http://www.comuni-italiani.it/060/091/,base.state_it_fr,base.it,4
5158,Ailano,81010,0823,061001,A106,http://www.comuni-italiani.it/061/001/,base.state_it_ce,base.it,4
5159,Alife,81011,0823,061002,A200,http://www.comuni-italiani.it/061/002/,base.state_it_ce,base.it,4
5160,Alvignano,81012,0823,061003,A243,http://www.comuni-italiani.it/061/003/,base.state_it_ce,base.it,4
5161,Arienzo,81021,0823,061004,A403,http://www.comuni-italiani.it/061/004/,base.state_it_ce,base.it,4
5162,Aversa,81031,081,061005,A512,http://www.comuni-italiani.it/061/005/,base.state_it_ce,base.it,4
5163,Baia e Latina,81010,0823,061006,A579,http://www.comuni-italiani.it/061/006/,base.state_it_ce,base.it,4
5164,Bellona,81041,0823,061007,A755,http://www.comuni-italiani.it/061/007/,base.state_it_ce,base.it,4
5165,Caianello,81059,0823,061008,B361,http://www.comuni-italiani.it/061/008/,base.state_it_ce,base.it,4
5166,Caiazzo,81013,0823,061009,B362,http://www.comuni-italiani.it/061/009/,base.state_it_ce,base.it,4
5167,Calvi Risorta,81042,0823,061010,B445,http://www.comuni-italiani.it/061/010/,base.state_it_ce,base.it,4
5168,Camigliano,81050,0823,061011,B477,http://www.comuni-italiani.it/061/011/,base.state_it_ce,base.it,4
5169,Cancello ed Arnone,81030,0823,061012,B581,http://www.comuni-italiani.it/061/012/,base.state_it_ce,base.it,4
5170,Capodrise,81020,0823,061013,B667,http://www.comuni-italiani.it/061/013/,base.state_it_ce,base.it,4
5171,Capriati a Volturno,81014,0823,061014,B704,http://www.comuni-italiani.it/061/014/,base.state_it_ce,base.it,4
5172,Capua,81043,0823,061015,B715,http://www.comuni-italiani.it/061/015/,base.state_it_ce,base.it,4
5173,Carinaro,81032,081,061016,B779,http://www.comuni-italiani.it/061/016/,base.state_it_ce,base.it,4
5174,Carinola,81030,0823,061017,B781,http://www.comuni-italiani.it/061/017/,base.state_it_ce,base.it,4
5175,Casagiove,81022,0823,061018,B860,http://www.comuni-italiani.it/061/018/,base.state_it_ce,base.it,4
5176,Casal di Principe,81033,081,061019,B872,http://www.comuni-italiani.it/061/019/,base.state_it_ce,base.it,4
5177,Casaluce,81030,081,061020,B916,http://www.comuni-italiani.it/061/020/,base.state_it_ce,base.it,4
5178,Casapulla,81020,0823,061021,B935,http://www.comuni-italiani.it/061/021/,base.state_it_ce,base.it,4
5179,Caserta,81100,0823,061022,B963,http://www.comuni-italiani.it/061/022/,base.state_it_ce,base.it,4
5180,Castel Campagnano,81010,0823,061023,B494,http://www.comuni-italiani.it/061/023/,base.state_it_ce,base.it,4
5181,Castel di Sasso,81040,0823,061024,C097,http://www.comuni-italiani.it/061/024/,base.state_it_ce,base.it,4
5182,Castello del Matese,81016,0823,061025,C178,http://www.comuni-italiani.it/061/025/,base.state_it_ce,base.it,4
5183,Castel Morrone,81020,0823,061026,C211,http://www.comuni-italiani.it/061/026/,base.state_it_ce,base.it,4
5184,Castel Volturno,81030,0823,061027,C291,http://www.comuni-italiani.it/061/027/,base.state_it_ce,base.it,4
5185,Cervino,81023,0823,061028,C558,http://www.comuni-italiani.it/061/028/,base.state_it_ce,base.it,4
5186,Cesa,81030,081,061029,C561,http://www.comuni-italiani.it/061/029/,base.state_it_ce,base.it,4
5187,Ciorlano,81010,0823,061030,C716,http://www.comuni-italiani.it/061/030/,base.state_it_ce,base.it,4
5188,Conca della Campania,81044,0823,061031,C939,http://www.comuni-italiani.it/061/031/,base.state_it_ce,base.it,4
5189,Curti,81040,0823,061032,D228,http://www.comuni-italiani.it/061/032/,base.state_it_ce,base.it,4
5190,Dragoni,81010,0823,061033,D361,http://www.comuni-italiani.it/061/033/,base.state_it_ce,base.it,4
5191,Fontegreca,81014,0823,061034,D683,http://www.comuni-italiani.it/061/034/,base.state_it_ce,base.it,4
5192,Formicola,81040,0823,061035,D709,http://www.comuni-italiani.it/061/035/,base.state_it_ce,base.it,4
5193,Francolise,81050,0823,061036,D769,http://www.comuni-italiani.it/061/036/,base.state_it_ce,base.it,4
5194,Frignano,81030,081,061037,D799,http://www.comuni-italiani.it/061/037/,base.state_it_ce,base.it,4
5195,Gallo Matese,81010,0823,061038,D884,http://www.comuni-italiani.it/061/038/,base.state_it_ce,base.it,4
5196,Galluccio,81044,0823,061039,D886,http://www.comuni-italiani.it/061/039/,base.state_it_ce,base.it,4
5197,Giano Vetusto,81042,0823,061040,E011,http://www.comuni-italiani.it/061/040/,base.state_it_ce,base.it,4
5198,Gioia Sannitica,81010,0823,061041,E039,http://www.comuni-italiani.it/061/041/,base.state_it_ce,base.it,4
5199,Grazzanise,81046,0823,061042,E158,http://www.comuni-italiani.it/061/042/,base.state_it_ce,base.it,4
5200,Gricignano di Aversa,81030,081,061043,E173,http://www.comuni-italiani.it/061/043/,base.state_it_ce,base.it,4
5201,Letino,81010,0823,061044,E554,http://www.comuni-italiani.it/061/044/,base.state_it_ce,base.it,4
5202,Liberi,81040,0823,061045,E570,http://www.comuni-italiani.it/061/045/,base.state_it_ce,base.it,4
5203,Lusciano,81030,081,061046,E754,http://www.comuni-italiani.it/061/046/,base.state_it_ce,base.it,4
5204,Macerata Campania,81047,0823,061047,E784,http://www.comuni-italiani.it/061/047/,base.state_it_ce,base.it,4
5205,Maddaloni,81024,0823,061048,E791,http://www.comuni-italiani.it/061/048/,base.state_it_ce,base.it,4
5206,Marcianise,81025,0823,061049,E932,http://www.comuni-italiani.it/061/049/,base.state_it_ce,base.it,4
5207,Marzano Appio,81035,0823,061050,E998,http://www.comuni-italiani.it/061/050/,base.state_it_ce,base.it,4
5208,Mignano Monte Lungo,81049,0823,061051,F203,http://www.comuni-italiani.it/061/051/,base.state_it_ce,base.it,4
5209,Mondragone,81034,0823,061052,F352,http://www.comuni-italiani.it/061/052/,base.state_it_ce,base.it,4
5210,Orta di Atella,81030,081,061053,G130,http://www.comuni-italiani.it/061/053/,base.state_it_ce,base.it,4
5211,Parete,81030,081,061054,G333,http://www.comuni-italiani.it/061/054/,base.state_it_ce,base.it,4
5212,Pastorano,81050,0823,061055,G364,http://www.comuni-italiani.it/061/055/,base.state_it_ce,base.it,4
5213,Piana di Monte Verna,81013,0823,061056,G541,http://www.comuni-italiani.it/061/056/,base.state_it_ce,base.it,4
5214,Piedimonte Matese,81016,0823,061057,G596,http://www.comuni-italiani.it/061/057/,base.state_it_ce,base.it,4
5215,Pietramelara,81051,0823,061058,G620,http://www.comuni-italiani.it/061/058/,base.state_it_ce,base.it,4
5216,Pietravairano,81040,0823,061059,G630,http://www.comuni-italiani.it/061/059/,base.state_it_ce,base.it,4
5217,Pignataro Maggiore,81052,0823,061060,G661,http://www.comuni-italiani.it/061/060/,base.state_it_ce,base.it,4
5218,Pontelatone,81040,0823,061061,G849,http://www.comuni-italiani.it/061/061/,base.state_it_ce,base.it,4
5219,Portico di Caserta,81050,0823,061062,G903,http://www.comuni-italiani.it/061/062/,base.state_it_ce,base.it,4
5220,Prata Sannita,81010,0823,061063,G991,http://www.comuni-italiani.it/061/063/,base.state_it_ce,base.it,4
5221,Pratella,81010,0823,061064,G995,http://www.comuni-italiani.it/061/064/,base.state_it_ce,base.it,4
5222,Presenzano,81050,0823,061065,H045,http://www.comuni-italiani.it/061/065/,base.state_it_ce,base.it,4
5223,Raviscanina,81017,0823,061066,H202,http://www.comuni-italiani.it/061/066/,base.state_it_ce,base.it,4
5224,Recale,81020,0823,061067,H210,http://www.comuni-italiani.it/061/067/,base.state_it_ce,base.it,4
5225,Riardo,81053,0823,061068,H268,http://www.comuni-italiani.it/061/068/,base.state_it_ce,base.it,4
5226,Rocca d'Evandro,81040,0823,061069,H398,http://www.comuni-italiani.it/061/069/,base.state_it_ce,base.it,4
5227,Roccamonfina,81035,0823,061070,H423,http://www.comuni-italiani.it/061/070/,base.state_it_ce,base.it,4
5228,Roccaromana,81051,0823,061071,H436,http://www.comuni-italiani.it/061/071/,base.state_it_ce,base.it,4
5229,Rocchetta e Croce,81042,0823,061072,H459,http://www.comuni-italiani.it/061/072/,base.state_it_ce,base.it,4
5230,Ruviano,81010,0823,061073,H165,http://www.comuni-italiani.it/061/073/,base.state_it_ce,base.it,4
5231,San Cipriano d'Aversa,81036,081,061074,H798,http://www.comuni-italiani.it/061/074/,base.state_it_ce,base.it,4
5232,San Felice a Cancello,81027,0823,061075,H834,http://www.comuni-italiani.it/061/075/,base.state_it_ce,base.it,4
5233,San Gregorio Matese,81010,0823,061076,H939,http://www.comuni-italiani.it/061/076/,base.state_it_ce,base.it,4
5234,San Marcellino,81030,081,061077,H978,http://www.comuni-italiani.it/061/077/,base.state_it_ce,base.it,4
5235,San Nicola la Strada,81020,0823,061078,I056,http://www.comuni-italiani.it/061/078/,base.state_it_ce,base.it,4
5236,San Pietro Infine,81049,0823,061079,I113,http://www.comuni-italiani.it/061/079/,base.state_it_ce,base.it,4
5237,San Potito Sannitico,81016,0823,061080,I130,http://www.comuni-italiani.it/061/080/,base.state_it_ce,base.it,4
5238,San Prisco,81054,0823,061081,I131,http://www.comuni-italiani.it/061/081/,base.state_it_ce,base.it,4
5239,Santa Maria a Vico,81028,0823,061082,I233,http://www.comuni-italiani.it/061/082/,base.state_it_ce,base.it,4
5240,Santa Maria Capua Vetere,81055,0823,061083,I234,http://www.comuni-italiani.it/061/083/,base.state_it_ce,base.it,4
5241,Santa Maria la Fossa,81050,0823,061084,I247,http://www.comuni-italiani.it/061/084/,base.state_it_ce,base.it,4
5242,San Tammaro,81050,0823,061085,I261,http://www.comuni-italiani.it/061/085/,base.state_it_ce,base.it,4
5243,Sant'Angelo d'Alife,81017,0823,061086,I273,http://www.comuni-italiani.it/061/086/,base.state_it_ce,base.it,4
5244,Sant'Arpino,81030,081,061087,I306,http://www.comuni-italiani.it/061/087/,base.state_it_ce,base.it,4
5245,Sessa Aurunca,81037,0823,061088,I676,http://www.comuni-italiani.it/061/088/,base.state_it_ce,base.it,4
5246,Sparanise,81056,0823,061089,I885,http://www.comuni-italiani.it/061/089/,base.state_it_ce,base.it,4
5247,Succivo,81030,081,061090,I993,http://www.comuni-italiani.it/061/090/,base.state_it_ce,base.it,4
5248,Teano,81057,0823,061091,L083,http://www.comuni-italiani.it/061/091/,base.state_it_ce,base.it,4
5249,Teverola,81030,081,061092,L155,http://www.comuni-italiani.it/061/092/,base.state_it_ce,base.it,4
5250,Tora e Piccilli,81044,0823,061093,L205,http://www.comuni-italiani.it/061/093/,base.state_it_ce,base.it,4
5251,Trentola-Ducenta,81038,081,061094,L379,http://www.comuni-italiani.it/061/094/,base.state_it_ce,base.it,4
5252,Vairano Patenora,81058,0823,061095,L540,http://www.comuni-italiani.it/061/095/,base.state_it_ce,base.it,4
5253,Valle Agricola,81010,0823,061096,L594,http://www.comuni-italiani.it/061/096/,base.state_it_ce,base.it,4
5254,Valle di Maddaloni,81020,0823,061097,L591,http://www.comuni-italiani.it/061/097/,base.state_it_ce,base.it,4
5255,Villa di Briano,81030,081,061098,D801,http://www.comuni-italiani.it/061/098/,base.state_it_ce,base.it,4
5256,Villa Literno,81039,081,061099,L844,http://www.comuni-italiani.it/061/099/,base.state_it_ce,base.it,4
5257,Vitulazio,81041,0823,061100,M092,http://www.comuni-italiani.it/061/100/,base.state_it_ce,base.it,4
5258,Falciano del Massico,81030,0823,061101,D471,http://www.comuni-italiani.it/061/101/,base.state_it_ce,base.it,4
5259,Cellole,81030,0823,061102,M262,http://www.comuni-italiani.it/061/102/,base.state_it_ce,base.it,4
5260,Casapesenna,81030,081,061103,M260,http://www.comuni-italiani.it/061/103/,base.state_it_ce,base.it,4
5261,San Marco Evangelista,81020,0823,061104,F043,http://www.comuni-italiani.it/061/104/,base.state_it_ce,base.it,4
5262,Airola,82011,0823,062001,A110,http://www.comuni-italiani.it/062/001/,base.state_it_bn,base.it,4
5263,Amorosi,82031,0824,062002,A265,http://www.comuni-italiani.it/062/002/,base.state_it_bn,base.it,4
5264,Apice,82021,0824,062003,A328,http://www.comuni-italiani.it/062/003/,base.state_it_bn,base.it,4
5265,Apollosa,82030,0824,062004,A330,http://www.comuni-italiani.it/062/004/,base.state_it_bn,base.it,4
5266,Arpaia,82011,0823,062005,A431,http://www.comuni-italiani.it/062/005/,base.state_it_bn,base.it,4
5267,Arpaise,82010,0824,062006,A432,http://www.comuni-italiani.it/062/006/,base.state_it_bn,base.it,4
5268,Baselice,82020,0824,062007,A696,http://www.comuni-italiani.it/062/007/,base.state_it_bn,base.it,4
5269,Benevento,82100,0824,062008,A783,http://www.comuni-italiani.it/062/008/,base.state_it_bn,base.it,4
5270,Bonea,82013,0824,062009,A970,http://www.comuni-italiani.it/062/009/,base.state_it_bn,base.it,4
5271,Bucciano,82010,0823,062010,B239,http://www.comuni-italiani.it/062/010/,base.state_it_bn,base.it,4
5272,Buonalbergo,82020,0824,062011,B267,http://www.comuni-italiani.it/062/011/,base.state_it_bn,base.it,4
5273,Calvi,82018,0824,062012,B444,http://www.comuni-italiani.it/062/012/,base.state_it_bn,base.it,4
5274,Campolattaro,82020,0824,062013,B541,http://www.comuni-italiani.it/062/013/,base.state_it_bn,base.it,4
5275,Campoli del Monte Taburno,82030,0824,062014,B542,http://www.comuni-italiani.it/062/014/,base.state_it_bn,base.it,4
5276,Casalduni,82027,0824,062015,B873,http://www.comuni-italiani.it/062/015/,base.state_it_bn,base.it,4
5277,Castelfranco in Miscano,82022,0824,062016,C106,http://www.comuni-italiani.it/062/016/,base.state_it_bn,base.it,4
5278,Castelpagano,82024,0824,062017,C245,http://www.comuni-italiani.it/062/017/,base.state_it_bn,base.it,4
5279,Castelpoto,82030,0824,062018,C250,http://www.comuni-italiani.it/062/018/,base.state_it_bn,base.it,4
5280,Castelvenere,82037,0824,062019,C280,http://www.comuni-italiani.it/062/019/,base.state_it_bn,base.it,4
5281,Castelvetere in Val Fortore,82023,0824,062020,C284,http://www.comuni-italiani.it/062/020/,base.state_it_bn,base.it,4
5282,Cautano,82030,0824,062021,C359,http://www.comuni-italiani.it/062/021/,base.state_it_bn,base.it,4
5283,Ceppaloni,82010,0824,062022,C476,http://www.comuni-italiani.it/062/022/,base.state_it_bn,base.it,4
5284,Cerreto Sannita,82032,0824,062023,C525,http://www.comuni-italiani.it/062/023/,base.state_it_bn,base.it,4
5285,Circello,82020,0824,062024,C719,http://www.comuni-italiani.it/062/024/,base.state_it_bn,base.it,4
5286,Colle Sannita,82024,0824,062025,C846,http://www.comuni-italiani.it/062/025/,base.state_it_bn,base.it,4
5287,Cusano Mutri,82033,0824,062026,D230,http://www.comuni-italiani.it/062/026/,base.state_it_bn,base.it,4
5288,Dugenta,82030,0824,062027,D380,http://www.comuni-italiani.it/062/027/,base.state_it_bn,base.it,4
5289,Durazzano,82015,0823,062028,D386,http://www.comuni-italiani.it/062/028/,base.state_it_bn,base.it,4
5290,Faicchio,82030,0824,062029,D469,http://www.comuni-italiani.it/062/029/,base.state_it_bn,base.it,4
5291,Foglianise,82030,0824,062030,D644,http://www.comuni-italiani.it/062/030/,base.state_it_bn,base.it,4
5292,Foiano di Val Fortore,82020,0824,062031,D650,http://www.comuni-italiani.it/062/031/,base.state_it_bn,base.it,4
5293,Forchia,82011,0823,062032,D693,http://www.comuni-italiani.it/062/032/,base.state_it_bn,base.it,4
5294,Fragneto l'Abate,82020,0824,062033,D755,http://www.comuni-italiani.it/062/033/,base.state_it_bn,base.it,4
5295,Fragneto Monforte,82020,0824,062034,D756,http://www.comuni-italiani.it/062/034/,base.state_it_bn,base.it,4
5296,Frasso Telesino,82030,0824,062035,D784,http://www.comuni-italiani.it/062/035/,base.state_it_bn,base.it,4
5297,Ginestra degli Schiavoni,82020,0824,062036,E034,http://www.comuni-italiani.it/062/036/,base.state_it_bn,base.it,4
5298,Guardia Sanframondi,82034,0824,062037,E249,http://www.comuni-italiani.it/062/037/,base.state_it_bn,base.it,4
5299,Limatola,82030,0823,062038,E589,http://www.comuni-italiani.it/062/038/,base.state_it_bn,base.it,4
5300,Melizzano,82030,0824,062039,F113,http://www.comuni-italiani.it/062/039/,base.state_it_bn,base.it,4
5301,Moiano,82010,0823,062040,F274,http://www.comuni-italiani.it/062/040/,base.state_it_bn,base.it,4
5302,Molinara,82020,0824,062041,F287,http://www.comuni-italiani.it/062/041/,base.state_it_bn,base.it,4
5303,Montefalcone di Val Fortore,82025,0824,062042,F494,http://www.comuni-italiani.it/062/042/,base.state_it_bn,base.it,4
5304,Montesarchio,82016,0824,062043,F636,http://www.comuni-italiani.it/062/043/,base.state_it_bn,base.it,4
5305,Morcone,82026,0824,062044,F717,http://www.comuni-italiani.it/062/044/,base.state_it_bn,base.it,4
5306,Paduli,82020,0824,062045,G227,http://www.comuni-italiani.it/062/045/,base.state_it_bn,base.it,4
5307,Pago Veiano,82020,0824,062046,G243,http://www.comuni-italiani.it/062/046/,base.state_it_bn,base.it,4
5308,Pannarano,82017,0824,062047,G311,http://www.comuni-italiani.it/062/047/,base.state_it_bn,base.it,4
5309,Paolisi,82011,0823,062048,G318,http://www.comuni-italiani.it/062/048/,base.state_it_bn,base.it,4
5310,Paupisi,82030,0824,062049,G386,http://www.comuni-italiani.it/062/049/,base.state_it_bn,base.it,4
5311,Pesco Sannita,82020,0824,062050,G494,http://www.comuni-italiani.it/062/050/,base.state_it_bn,base.it,4
5312,Pietraroja,82030,0824,062051,G626,http://www.comuni-italiani.it/062/051/,base.state_it_bn,base.it,4
5313,Pietrelcina,82020,0824,062052,G631,http://www.comuni-italiani.it/062/052/,base.state_it_bn,base.it,4
5314,Ponte,82030,0824,062053,G827,http://www.comuni-italiani.it/062/053/,base.state_it_bn,base.it,4
5315,Pontelandolfo,82027,0824,062054,G848,http://www.comuni-italiani.it/062/054/,base.state_it_bn,base.it,4
5316,Puglianello,82030,0824,062055,H087,http://www.comuni-italiani.it/062/055/,base.state_it_bn,base.it,4
5317,Reino,82020,0824,062056,H227,http://www.comuni-italiani.it/062/056/,base.state_it_bn,base.it,4
5318,San Bartolomeo in Galdo,82028,0824,062057,H764,http://www.comuni-italiani.it/062/057/,base.state_it_bn,base.it,4
5319,San Giorgio del Sannio,82018,0824,062058,H894,http://www.comuni-italiani.it/062/058/,base.state_it_bn,base.it,4
5320,San Giorgio La Molara,82020,0824,062059,H898,http://www.comuni-italiani.it/062/059/,base.state_it_bn,base.it,4
5321,San Leucio del Sannio,82010,0824,062060,H953,http://www.comuni-italiani.it/062/060/,base.state_it_bn,base.it,4
5322,San Lorenzello,82030,0824,062061,H955,http://www.comuni-italiani.it/062/061/,base.state_it_bn,base.it,4
5323,San Lorenzo Maggiore,82034,0824,062062,H967,http://www.comuni-italiani.it/062/062/,base.state_it_bn,base.it,4
5324,San Lupo,82034,0824,062063,H973,http://www.comuni-italiani.it/062/063/,base.state_it_bn,base.it,4
5325,San Marco dei Cavoti,82029,0824,062064,H984,http://www.comuni-italiani.it/062/064/,base.state_it_bn,base.it,4
5326,San Martino Sannita,82010,0824,062065,I002,http://www.comuni-italiani.it/062/065/,base.state_it_bn,base.it,4
5327,San Nazzaro,82018,0824,062066,I049,http://www.comuni-italiani.it/062/066/,base.state_it_bn,base.it,4
5328,San Nicola Manfredi,82010,0824,062067,I062,http://www.comuni-italiani.it/062/067/,base.state_it_bn,base.it,4
5329,San Salvatore Telesino,82030,0824,062068,I145,http://www.comuni-italiani.it/062/068/,base.state_it_bn,base.it,4
5330,Santa Croce del Sannio,82020,0824,062069,I179,http://www.comuni-italiani.it/062/069/,base.state_it_bn,base.it,4
5331,Sant'Agata de' Goti,82019,0823,062070,I197,http://www.comuni-italiani.it/062/070/,base.state_it_bn,base.it,4
5332,Sant'Angelo a Cupolo,82010,0824,062071,I277,http://www.comuni-italiani.it/062/071/,base.state_it_bn,base.it,4
5333,Sassinoro,82026,0824,062072,I455,http://www.comuni-italiani.it/062/072/,base.state_it_bn,base.it,4
5334,Solopaca,82036,0824,062073,I809,http://www.comuni-italiani.it/062/073/,base.state_it_bn,base.it,4
5335,Telese Terme,82037,0824,062074,L086,http://www.comuni-italiani.it/062/074/,base.state_it_bn,base.it,4
5336,Tocco Caudio,82030,0824,062075,L185,http://www.comuni-italiani.it/062/075/,base.state_it_bn,base.it,4
5337,Torrecuso,82030,0824,062076,L254,http://www.comuni-italiani.it/062/076/,base.state_it_bn,base.it,4
5338,Vitulano,82038,0824,062077,M093,http://www.comuni-italiani.it/062/077/,base.state_it_bn,base.it,4
5339,Sant'Arcangelo Trimonte,82021,0824,062078,F557,http://www.comuni-italiani.it/062/078/,base.state_it_bn,base.it,4
5340,Acerra,80011,081,063001,A024,http://www.comuni-italiani.it/063/001/,base.state_it_na,base.it,4
5341,Afragola,80021,081,063002,A064,http://www.comuni-italiani.it/063/002/,base.state_it_na,base.it,4
5342,Agerola,80051,081,063003,A068,http://www.comuni-italiani.it/063/003/,base.state_it_na,base.it,4
5343,Anacapri,80071,081,063004,A268,http://www.comuni-italiani.it/063/004/,base.state_it_na,base.it,4
5344,Arzano,80022,081,063005,A455,http://www.comuni-italiani.it/063/005/,base.state_it_na,base.it,4
5345,Bacoli,80070,081,063006,A535,http://www.comuni-italiani.it/063/006/,base.state_it_na,base.it,4
5346,Barano d'Ischia,80070,081,063007,A617,http://www.comuni-italiani.it/063/007/,base.state_it_na,base.it,4
5347,Boscoreale,80041,081,063008,B076,http://www.comuni-italiani.it/063/008/,base.state_it_na,base.it,4
5348,Boscotrecase,80042,081,063009,B077,http://www.comuni-italiani.it/063/009/,base.state_it_na,base.it,4
5349,Brusciano,80031,081,063010,B227,http://www.comuni-italiani.it/063/010/,base.state_it_na,base.it,4
5350,Caivano,80023,081,063011,B371,http://www.comuni-italiani.it/063/011/,base.state_it_na,base.it,4
5351,Calvizzano,80012,081,063012,B452,http://www.comuni-italiani.it/063/012/,base.state_it_na,base.it,4
5352,Camposano,80030,081,063013,B565,http://www.comuni-italiani.it/063/013/,base.state_it_na,base.it,4
5353,Capri,80073,081,063014,B696,http://www.comuni-italiani.it/063/014/,base.state_it_na,base.it,4
5354,Carbonara di Nola,80030,081,063015,B740,http://www.comuni-italiani.it/063/015/,base.state_it_na,base.it,4
5355,Cardito,80024,081,063016,B759,http://www.comuni-italiani.it/063/016/,base.state_it_na,base.it,4
5356,Casalnuovo di Napoli,80013,081,063017,B905,http://www.comuni-italiani.it/063/017/,base.state_it_na,base.it,4
5357,Casamarciano,80032,081,063018,B922,http://www.comuni-italiani.it/063/018/,base.state_it_na,base.it,4
5358,Casamicciola Terme,80074,081,063019,B924,http://www.comuni-italiani.it/063/019/,base.state_it_na,base.it,4
5359,Casandrino,80025,081,063020,B925,http://www.comuni-italiani.it/063/020/,base.state_it_na,base.it,4
5360,Casavatore,80020,081,063021,B946,http://www.comuni-italiani.it/063/021/,base.state_it_na,base.it,4
5361,Casola di Napoli,80050,081,063022,B980,http://www.comuni-italiani.it/063/022/,base.state_it_na,base.it,4
5362,Casoria,80026,081,063023,B990,http://www.comuni-italiani.it/063/023/,base.state_it_na,base.it,4
5363,Castellammare di Stabia,80053,081,063024,C129,http://www.comuni-italiani.it/063/024/,base.state_it_na,base.it,4
5364,Castello di Cisterna,80030,081,063025,C188,http://www.comuni-italiani.it/063/025/,base.state_it_na,base.it,4
5365,Cercola,80040,081,063026,C495,http://www.comuni-italiani.it/063/026/,base.state_it_na,base.it,4
5366,Cicciano,80033,081,063027,C675,http://www.comuni-italiani.it/063/027/,base.state_it_na,base.it,4
5367,Cimitile,80030,081,063028,C697,http://www.comuni-italiani.it/063/028/,base.state_it_na,base.it,4
5368,Comiziano,80030,081,063029,C929,http://www.comuni-italiani.it/063/029/,base.state_it_na,base.it,4
5369,Crispano,80020,081,063030,D170,http://www.comuni-italiani.it/063/030/,base.state_it_na,base.it,4
5370,Forio,80075,081,063031,D702,http://www.comuni-italiani.it/063/031/,base.state_it_na,base.it,4
5371,Frattamaggiore,80027,081,063032,D789,http://www.comuni-italiani.it/063/032/,base.state_it_na,base.it,4
5372,Frattaminore,80020,081,063033,D790,http://www.comuni-italiani.it/063/033/,base.state_it_na,base.it,4
5373,Giugliano in Campania,80014,081,063034,E054,http://www.comuni-italiani.it/063/034/,base.state_it_na,base.it,4
5374,Gragnano,80054,081,063035,E131,http://www.comuni-italiani.it/063/035/,base.state_it_na,base.it,4
5375,Grumo Nevano,80028,081,063036,E224,http://www.comuni-italiani.it/063/036/,base.state_it_na,base.it,4
5376,Ischia,80077,081,063037,E329,http://www.comuni-italiani.it/063/037/,base.state_it_na,base.it,4
5377,Lacco Ameno,80076,081,063038,E396,http://www.comuni-italiani.it/063/038/,base.state_it_na,base.it,4
5378,Lettere,80050,081,063039,E557,http://www.comuni-italiani.it/063/039/,base.state_it_na,base.it,4
5379,Liveri,80030,081,063040,E620,http://www.comuni-italiani.it/063/040/,base.state_it_na,base.it,4
5380,Marano di Napoli,80016,081,063041,E906,http://www.comuni-italiani.it/063/041/,base.state_it_na,base.it,4
5381,Mariglianella,80030,081,063042,E954,http://www.comuni-italiani.it/063/042/,base.state_it_na,base.it,4
5382,Marigliano,80034,081,063043,E955,http://www.comuni-italiani.it/063/043/,base.state_it_na,base.it,4
5383,Massa Lubrense,80061,081,063044,F030,http://www.comuni-italiani.it/063/044/,base.state_it_na,base.it,4
5384,Melito di Napoli,80017,081,063045,F111,http://www.comuni-italiani.it/063/045/,base.state_it_na,base.it,4
5385,Meta,80062,081,063046,F162,http://www.comuni-italiani.it/063/046/,base.state_it_na,base.it,4
5386,Monte di Procida,80070,081,063047,F488,http://www.comuni-italiani.it/063/047/,base.state_it_na,base.it,4
5387,Mugnano di Napoli,80018,081,063048,F799,http://www.comuni-italiani.it/063/048/,base.state_it_na,base.it,4
5388,Napoli,801%%,081,063049,F839,http://www.comuni-italiani.it/063/049/,base.state_it_na,base.it,4
5389,Nola,80035,081,063050,F924,http://www.comuni-italiani.it/063/050/,base.state_it_na,base.it,4
5390,Ottaviano,80044,081,063051,G190,http://www.comuni-italiani.it/063/051/,base.state_it_na,base.it,4
5391,Palma Campania,80036,081,063052,G283,http://www.comuni-italiani.it/063/052/,base.state_it_na,base.it,4
5392,Piano di Sorrento,80063,081,063053,G568,http://www.comuni-italiani.it/063/053/,base.state_it_na,base.it,4
5393,Pimonte,80050,081,063054,G670,http://www.comuni-italiani.it/063/054/,base.state_it_na,base.it,4
5394,Poggiomarino,80040,081,063055,G762,http://www.comuni-italiani.it/063/055/,base.state_it_na,base.it,4
5395,Pollena Trocchia,80040,081,063056,G795,http://www.comuni-italiani.it/063/056/,base.state_it_na,base.it,4
5396,Pomigliano d'Arco,80038,081,063057,G812,http://www.comuni-italiani.it/063/057/,base.state_it_na,base.it,4
5397,Pompei,80045,081,063058,G813,http://www.comuni-italiani.it/063/058/,base.state_it_na,base.it,4
5398,Portici,80055,081,063059,G902,http://www.comuni-italiani.it/063/059/,base.state_it_na,base.it,4
5399,Pozzuoli,80078,081,063060,G964,http://www.comuni-italiani.it/063/060/,base.state_it_na,base.it,4
5400,Procida,80079,081,063061,H072,http://www.comuni-italiani.it/063/061/,base.state_it_na,base.it,4
5401,Qualiano,80019,081,063062,H101,http://www.comuni-italiani.it/063/062/,base.state_it_na,base.it,4
5402,Quarto,80010,081,063063,H114,http://www.comuni-italiani.it/063/063/,base.state_it_na,base.it,4
5403,Ercolano,80056,081,063064,H243,http://www.comuni-italiani.it/063/064/,base.state_it_na,base.it,4
5404,Roccarainola,80030,081,063065,H433,http://www.comuni-italiani.it/063/065/,base.state_it_na,base.it,4
5405,San Gennaro Vesuviano,80040,081,063066,H860,http://www.comuni-italiani.it/063/066/,base.state_it_na,base.it,4
5406,San Giorgio a Cremano,80046,081,063067,H892,http://www.comuni-italiani.it/063/067/,base.state_it_na,base.it,4
5407,San Giuseppe Vesuviano,80047,081,063068,H931,http://www.comuni-italiani.it/063/068/,base.state_it_na,base.it,4
5408,San Paolo Bel Sito,80030,081,063069,I073,http://www.comuni-italiani.it/063/069/,base.state_it_na,base.it,4
5409,San Sebastiano al Vesuvio,80040,081,063070,I151,http://www.comuni-italiani.it/063/070/,base.state_it_na,base.it,4
5410,Sant'Agnello,80065,081,063071,I208,http://www.comuni-italiani.it/063/071/,base.state_it_na,base.it,4
5411,Sant'Anastasia,80048,081,063072,I262,http://www.comuni-italiani.it/063/072/,base.state_it_na,base.it,4
5412,Sant'Antimo,80029,081,063073,I293,http://www.comuni-italiani.it/063/073/,base.state_it_na,base.it,4
5413,Sant'Antonio Abate,80057,081,063074,I300,http://www.comuni-italiani.it/063/074/,base.state_it_na,base.it,4
5414,San Vitaliano,80030,081,063075,I391,http://www.comuni-italiani.it/063/075/,base.state_it_na,base.it,4
5415,Saviano,80039,081,063076,I469,http://www.comuni-italiani.it/063/076/,base.state_it_na,base.it,4
5416,Scisciano,80030,081,063077,I540,http://www.comuni-italiani.it/063/077/,base.state_it_na,base.it,4
5417,Serrara Fontana,80070,081,063078,I652,http://www.comuni-italiani.it/063/078/,base.state_it_na,base.it,4
5418,Somma Vesuviana,80049,081,063079,I820,http://www.comuni-italiani.it/063/079/,base.state_it_na,base.it,4
5419,Sorrento,80067,081,063080,I862,http://www.comuni-italiani.it/063/080/,base.state_it_na,base.it,4
5420,Striano,80040,081,063081,I978,http://www.comuni-italiani.it/063/081/,base.state_it_na,base.it,4
5421,Terzigno,80040,081,063082,L142,http://www.comuni-italiani.it/063/082/,base.state_it_na,base.it,4
5422,Torre Annunziata,80058,081,063083,L245,http://www.comuni-italiani.it/063/083/,base.state_it_na,base.it,4
5423,Torre del Greco,80059,081,063084,L259,http://www.comuni-italiani.it/063/084/,base.state_it_na,base.it,4
5424,Tufino,80030,081,063085,L460,http://www.comuni-italiani.it/063/085/,base.state_it_na,base.it,4
5425,Vico Equense,80069,081,063086,L845,http://www.comuni-italiani.it/063/086/,base.state_it_na,base.it,4
5426,Villaricca,80010,081,063087,G309,http://www.comuni-italiani.it/063/087/,base.state_it_na,base.it,4
5427,Visciano,80030,081,063088,M072,http://www.comuni-italiani.it/063/088/,base.state_it_na,base.it,4
5428,Volla,80040,081,063089,M115,http://www.comuni-italiani.it/063/089/,base.state_it_na,base.it,4
5429,Santa Maria la Carità,80050,081,063090,M273,http://www.comuni-italiani.it/063/090/,base.state_it_na,base.it,4
5430,Trecase,80040,081,063091,M280,http://www.comuni-italiani.it/063/091/,base.state_it_na,base.it,4
5431,Massa di Somma,80040,081,063092,M289,http://www.comuni-italiani.it/063/092/,base.state_it_na,base.it,4
5432,Aiello del Sabato,83020,0825,064001,A101,http://www.comuni-italiani.it/064/001/,base.state_it_av,base.it,4
5433,Altavilla Irpina,83011,0825,064002,A228,http://www.comuni-italiani.it/064/002/,base.state_it_av,base.it,4
5434,Andretta,83040,0827,064003,A284,http://www.comuni-italiani.it/064/003/,base.state_it_av,base.it,4
5435,Aquilonia,83041,0827,064004,A347,http://www.comuni-italiani.it/064/004/,base.state_it_av,base.it,4
5436,Ariano Irpino,83031,0825,064005,A399,http://www.comuni-italiani.it/064/005/,base.state_it_av,base.it,4
5437,Atripalda,83042,0825,064006,A489,http://www.comuni-italiani.it/064/006/,base.state_it_av,base.it,4
5438,Avella,83021,081,064007,A508,http://www.comuni-italiani.it/064/007/,base.state_it_av,base.it,4
5439,Avellino,83100,0825,064008,A509,http://www.comuni-italiani.it/064/008/,base.state_it_av,base.it,4
5440,Bagnoli Irpino,83043,0827,064009,A566,http://www.comuni-italiani.it/064/009/,base.state_it_av,base.it,4
5441,Baiano,83022,081,064010,A580,http://www.comuni-italiani.it/064/010/,base.state_it_av,base.it,4
5442,Bisaccia,83044,0827,064011,A881,http://www.comuni-italiani.it/064/011/,base.state_it_av,base.it,4
5443,Bonito,83032,0825,064012,A975,http://www.comuni-italiani.it/064/012/,base.state_it_av,base.it,4
5444,Cairano,83040,0827,064013,B367,http://www.comuni-italiani.it/064/013/,base.state_it_av,base.it,4
5445,Calabritto,83040,0827,064014,B374,http://www.comuni-italiani.it/064/014/,base.state_it_av,base.it,4
5446,Calitri,83045,0827,064015,B415,http://www.comuni-italiani.it/064/015/,base.state_it_av,base.it,4
5447,Candida,83040,0825,064016,B590,http://www.comuni-italiani.it/064/016/,base.state_it_av,base.it,4
5448,Caposele,83040,0827,064017,B674,http://www.comuni-italiani.it/064/017/,base.state_it_av,base.it,4
5449,Capriglia Irpina,83010,0825,064018,B706,http://www.comuni-italiani.it/064/018/,base.state_it_av,base.it,4
5450,Carife,83040,0827,064019,B776,http://www.comuni-italiani.it/064/019/,base.state_it_av,base.it,4
5451,Casalbore,83034,0825,064020,B866,http://www.comuni-italiani.it/064/020/,base.state_it_av,base.it,4
5452,Cassano Irpino,83040,0827,064021,B997,http://www.comuni-italiani.it/064/021/,base.state_it_av,base.it,4
5453,Castel Baronia,83040,0827,064022,C058,http://www.comuni-italiani.it/064/022/,base.state_it_av,base.it,4
5454,Castelfranci,83040,0827,064023,C105,http://www.comuni-italiani.it/064/023/,base.state_it_av,base.it,4
5455,Castelvetere sul Calore,83040,0827,064024,C283,http://www.comuni-italiani.it/064/024/,base.state_it_av,base.it,4
5456,Cervinara,83012,0824,064025,C557,http://www.comuni-italiani.it/064/025/,base.state_it_av,base.it,4
5457,Cesinali,83020,0825,064026,C576,http://www.comuni-italiani.it/064/026/,base.state_it_av,base.it,4
5458,Chianche,83010,0825,064027,C606,http://www.comuni-italiani.it/064/027/,base.state_it_av,base.it,4
5459,Chiusano di San Domenico,83040,0825,064028,C659,http://www.comuni-italiani.it/064/028/,base.state_it_av,base.it,4
5460,Contrada,83020,0825,064029,C971,http://www.comuni-italiani.it/064/029/,base.state_it_av,base.it,4
5461,Conza della Campania,83040,0827,064030,C976,http://www.comuni-italiani.it/064/030/,base.state_it_av,base.it,4
5462,Domicella,83020,081,064031,D331,http://www.comuni-italiani.it/064/031/,base.state_it_av,base.it,4
5463,Flumeri,83040,0825,064032,D638,http://www.comuni-italiani.it/064/032/,base.state_it_av,base.it,4
5464,Fontanarosa,83040,0825,064033,D671,http://www.comuni-italiani.it/064/033/,base.state_it_av,base.it,4
5465,Forino,83020,0825,064034,D701,http://www.comuni-italiani.it/064/034/,base.state_it_av,base.it,4
5466,Frigento,83040,0825,064035,D798,http://www.comuni-italiani.it/064/035/,base.state_it_av,base.it,4
5467,Gesualdo,83040,0825,064036,D998,http://www.comuni-italiani.it/064/036/,base.state_it_av,base.it,4
5468,Greci,83030,0825,064037,E161,http://www.comuni-italiani.it/064/037/,base.state_it_av,base.it,4
5469,Grottaminarda,83035,0825,064038,E206,http://www.comuni-italiani.it/064/038/,base.state_it_av,base.it,4
5470,Grottolella,83010,0825,064039,E214,http://www.comuni-italiani.it/064/039/,base.state_it_av,base.it,4
5471,Guardia Lombardi,83040,0827,064040,E245,http://www.comuni-italiani.it/064/040/,base.state_it_av,base.it,4
5472,Lacedonia,83046,0827,064041,E397,http://www.comuni-italiani.it/064/041/,base.state_it_av,base.it,4
5473,Lapio,83030,0825,064042,E448,http://www.comuni-italiani.it/064/042/,base.state_it_av,base.it,4
5474,Lauro,83023,081,064043,E487,http://www.comuni-italiani.it/064/043/,base.state_it_av,base.it,4
5475,Lioni,83047,0827,064044,E605,http://www.comuni-italiani.it/064/044/,base.state_it_av,base.it,4
5476,Luogosano,83040,0827,064045,E746,http://www.comuni-italiani.it/064/045/,base.state_it_av,base.it,4
5477,Manocalzati,83030,0825,064046,E891,http://www.comuni-italiani.it/064/046/,base.state_it_av,base.it,4
5478,Marzano di Nola,83020,081,064047,E997,http://www.comuni-italiani.it/064/047/,base.state_it_av,base.it,4
5479,Melito Irpino,83030,0825,064048,F110,http://www.comuni-italiani.it/064/048/,base.state_it_av,base.it,4
5480,Mercogliano,83013,0825,064049,F141,http://www.comuni-italiani.it/064/049/,base.state_it_av,base.it,4
5481,Mirabella Eclano,83036,0825,064050,F230,http://www.comuni-italiani.it/064/050/,base.state_it_av,base.it,4
5482,Montaguto,83030,0825,064051,F397,http://www.comuni-italiani.it/064/051/,base.state_it_av,base.it,4
5483,Montecalvo Irpino,83037,0825,064052,F448,http://www.comuni-italiani.it/064/052/,base.state_it_av,base.it,4
5484,Montefalcione,83030,0825,064053,F491,http://www.comuni-italiani.it/064/053/,base.state_it_av,base.it,4
5485,Monteforte Irpino,83024,0825,064054,F506,http://www.comuni-italiani.it/064/054/,base.state_it_av,base.it,4
5486,Montefredane,83030,0825,064055,F511,http://www.comuni-italiani.it/064/055/,base.state_it_av,base.it,4
5487,Montefusco,83030,0825,064056,F512,http://www.comuni-italiani.it/064/056/,base.state_it_av,base.it,4
5488,Montella,83048,0827,064057,F546,http://www.comuni-italiani.it/064/057/,base.state_it_av,base.it,4
5489,Montemarano,83040,0827,064058,F559,http://www.comuni-italiani.it/064/058/,base.state_it_av,base.it,4
5490,Montemiletto,83038,0825,064059,F566,http://www.comuni-italiani.it/064/059/,base.state_it_av,base.it,4
5491,Monteverde,83049,0827,064060,F660,http://www.comuni-italiani.it/064/060/,base.state_it_av,base.it,4
5492,Montoro Inferiore (ora Montoro),83025,0825,064061,F693,http://www.comuni-italiani.it/064/061/,base.state_it_av,base.it,9
5493,Montoro Superiore (ora Montoro),83026,0825,064062,F694,http://www.comuni-italiani.it/064/062/,base.state_it_av,base.it,9
5494,Morra De Sanctis,83040,0827,064063,F744,http://www.comuni-italiani.it/064/063/,base.state_it_av,base.it,4
5495,Moschiano,83020,081,064064,F762,http://www.comuni-italiani.it/064/064/,base.state_it_av,base.it,4
5496,Mugnano del Cardinale,83027,081,064065,F798,http://www.comuni-italiani.it/064/065/,base.state_it_av,base.it,4
5497,Nusco,83051,0827,064066,F988,http://www.comuni-italiani.it/064/066/,base.state_it_av,base.it,4
5498,Ospedaletto d'Alpinolo,83014,0825,064067,G165,http://www.comuni-italiani.it/064/067/,base.state_it_av,base.it,4
5499,Pago del Vallo di Lauro,83020,081,064068,G242,http://www.comuni-italiani.it/064/068/,base.state_it_av,base.it,4
5500,Parolise,83050,0825,064069,G340,http://www.comuni-italiani.it/064/069/,base.state_it_av,base.it,4
5501,Paternopoli,83052,0827,064070,G370,http://www.comuni-italiani.it/064/070/,base.state_it_av,base.it,4
5502,Petruro Irpino,83010,0825,064071,G519,http://www.comuni-italiani.it/064/071/,base.state_it_av,base.it,4
5503,Pietradefusi,83030,0825,064072,G611,http://www.comuni-italiani.it/064/072/,base.state_it_av,base.it,4
5504,Pietrastornina,83015,0825,064073,G629,http://www.comuni-italiani.it/064/073/,base.state_it_av,base.it,4
5505,Prata di Principato Ultra,83030,0825,064074,G990,http://www.comuni-italiani.it/064/074/,base.state_it_av,base.it,4
5506,Pratola Serra,83039,0825,064075,H006,http://www.comuni-italiani.it/064/075/,base.state_it_av,base.it,4
5507,Quadrelle,83020,081,064076,H097,http://www.comuni-italiani.it/064/076/,base.state_it_av,base.it,4
5508,Quindici,83020,081,064077,H128,http://www.comuni-italiani.it/064/077/,base.state_it_av,base.it,4
5509,Roccabascerana,83016,0825,064078,H382,http://www.comuni-italiani.it/064/078/,base.state_it_av,base.it,4
5510,Rocca San Felice,83050,0827,064079,H438,http://www.comuni-italiani.it/064/079/,base.state_it_av,base.it,4
5511,Rotondi,83017,0824,064080,H592,http://www.comuni-italiani.it/064/080/,base.state_it_av,base.it,4
5512,Salza Irpina,83050,0825,064081,H733,http://www.comuni-italiani.it/064/081/,base.state_it_av,base.it,4
5513,San Mango sul Calore,83050,0827,064082,H975,http://www.comuni-italiani.it/064/082/,base.state_it_av,base.it,4
5514,San Martino Valle Caudina,83018,0824,064083,I016,http://www.comuni-italiani.it/064/083/,base.state_it_av,base.it,4
5515,San Michele di Serino,83020,0825,064084,I034,http://www.comuni-italiani.it/064/084/,base.state_it_av,base.it,4
5516,San Nicola Baronia,83050,0827,064085,I061,http://www.comuni-italiani.it/064/085/,base.state_it_av,base.it,4
5517,San Potito Ultra,83050,0825,064086,I129,http://www.comuni-italiani.it/064/086/,base.state_it_av,base.it,4
5518,San Sossio Baronia,83050,0827,064087,I163,http://www.comuni-italiani.it/064/087/,base.state_it_av,base.it,4
5519,Santa Lucia di Serino,83020,0825,064088,I219,http://www.comuni-italiani.it/064/088/,base.state_it_av,base.it,4
5520,Sant'Andrea di Conza,83053,0827,064089,I264,http://www.comuni-italiani.it/064/089/,base.state_it_av,base.it,4
5521,Sant'Angelo all'Esca,83050,0827,064090,I279,http://www.comuni-italiani.it/064/090/,base.state_it_av,base.it,4
5522,Sant'Angelo a Scala,83010,0825,064091,I280,http://www.comuni-italiani.it/064/091/,base.state_it_av,base.it,4
5523,Sant'Angelo dei Lombardi,83054,0827,064092,I281,http://www.comuni-italiani.it/064/092/,base.state_it_av,base.it,4
5524,Santa Paolina,83030,0825,064093,I301,http://www.comuni-italiani.it/064/093/,base.state_it_av,base.it,4
5525,Santo Stefano del Sole,83050,0825,064095,I357,http://www.comuni-italiani.it/064/095/,base.state_it_av,base.it,4
5526,Savignano Irpino,83030,0825,064096,I471,http://www.comuni-italiani.it/064/096/,base.state_it_av,base.it,4
5527,Scampitella,83050,0827,064097,I493,http://www.comuni-italiani.it/064/097/,base.state_it_av,base.it,4
5528,Senerchia,83050,0827,064098,I606,http://www.comuni-italiani.it/064/098/,base.state_it_av,base.it,4
5529,Serino,83028,0825,064099,I630,http://www.comuni-italiani.it/064/099/,base.state_it_av,base.it,4
5530,Sirignano,83020,081,064100,I756,http://www.comuni-italiani.it/064/100/,base.state_it_av,base.it,4
5531,Solofra,83029,0825,064101,I805,http://www.comuni-italiani.it/064/101/,base.state_it_av,base.it,4
5532,Sorbo Serpico,83050,0825,064102,I843,http://www.comuni-italiani.it/064/102/,base.state_it_av,base.it,4
5533,Sperone,83020,081,064103,I893,http://www.comuni-italiani.it/064/103/,base.state_it_av,base.it,4
5534,Sturno,83055,0825,064104,I990,http://www.comuni-italiani.it/064/104/,base.state_it_av,base.it,4
5535,Summonte,83010,0825,064105,L004,http://www.comuni-italiani.it/064/105/,base.state_it_av,base.it,4
5536,Taurano,83020,081,064106,L061,http://www.comuni-italiani.it/064/106/,base.state_it_av,base.it,4
5537,Taurasi,83030,0827,064107,L062,http://www.comuni-italiani.it/064/107/,base.state_it_av,base.it,4
5538,Teora,83056,0827,064108,L102,http://www.comuni-italiani.it/064/108/,base.state_it_av,base.it,4
5539,Torella dei Lombardi,83057,0827,064109,L214,http://www.comuni-italiani.it/064/109/,base.state_it_av,base.it,4
5540,Torre Le Nocelle,83030,0825,064110,L272,http://www.comuni-italiani.it/064/110/,base.state_it_av,base.it,4
5541,Torrioni,83010,0825,064111,L301,http://www.comuni-italiani.it/064/111/,base.state_it_av,base.it,4
5542,Trevico,83058,0827,064112,L399,http://www.comuni-italiani.it/064/112/,base.state_it_av,base.it,4
5543,Tufo,83010,0825,064113,L461,http://www.comuni-italiani.it/064/113/,base.state_it_av,base.it,4
5544,Vallata,83059,0827,064114,L589,http://www.comuni-italiani.it/064/114/,base.state_it_av,base.it,4
5545,Vallesaccarda,83050,0827,064115,L616,http://www.comuni-italiani.it/064/115/,base.state_it_av,base.it,4
5546,Venticano,83030,0825,064116,L739,http://www.comuni-italiani.it/064/116/,base.state_it_av,base.it,4
5547,Villamaina,83050,0825,064117,L965,http://www.comuni-italiani.it/064/117/,base.state_it_av,base.it,4
5548,Villanova del Battista,83030,0825,064118,L973,http://www.comuni-italiani.it/064/118/,base.state_it_av,base.it,4
5549,Volturara Irpina,83050,0825,064119,M130,http://www.comuni-italiani.it/064/119/,base.state_it_av,base.it,4
5550,Zungoli,83030,0825,064120,M203,http://www.comuni-italiani.it/064/120/,base.state_it_av,base.it,4
8132,Montoro,83025,0825,064121,M330,http://www.comuni-italiani.it/064/121/,base.state_it_av,base.it,4
5551,Acerno,84042,089,065001,A023,http://www.comuni-italiani.it/065/001/,base.state_it_sa,base.it,4
5552,Agropoli,84043,0974,065002,A091,http://www.comuni-italiani.it/065/002/,base.state_it_sa,base.it,4
5553,Albanella,84044,0828,065003,A128,http://www.comuni-italiani.it/065/003/,base.state_it_sa,base.it,4
5554,Alfano,84040,0974,065004,A186,http://www.comuni-italiani.it/065/004/,base.state_it_sa,base.it,4
5555,Altavilla Silentina,84045,0828,065005,A230,http://www.comuni-italiani.it/065/005/,base.state_it_sa,base.it,4
5556,Amalfi,84011,089,065006,A251,http://www.comuni-italiani.it/065/006/,base.state_it_sa,base.it,4
5557,Angri,84012,081,065007,A294,http://www.comuni-italiani.it/065/007/,base.state_it_sa,base.it,4
5558,Aquara,84020,0828,065008,A343,http://www.comuni-italiani.it/065/008/,base.state_it_sa,base.it,4
5559,Ascea,84046,0974,065009,A460,http://www.comuni-italiani.it/065/009/,base.state_it_sa,base.it,4
5560,Atena Lucana,84030,0975,065010,A484,http://www.comuni-italiani.it/065/010/,base.state_it_sa,base.it,4
5561,Atrani,84010,089,065011,A487,http://www.comuni-italiani.it/065/011/,base.state_it_sa,base.it,4
5562,Auletta,84031,0975,065012,A495,http://www.comuni-italiani.it/065/012/,base.state_it_sa,base.it,4
5563,Baronissi,84081,089,065013,A674,http://www.comuni-italiani.it/065/013/,base.state_it_sa,base.it,4
5564,Battipaglia,84091,0828,065014,A717,http://www.comuni-italiani.it/065/014/,base.state_it_sa,base.it,4
5565,Bellosguardo,84020,0828,065015,A756,http://www.comuni-italiani.it/065/015/,base.state_it_sa,base.it,4
5566,Bracigliano,84082,081,065016,B115,http://www.comuni-italiani.it/065/016/,base.state_it_sa,base.it,4
5567,Buccino,84021,0828,065017,B242,http://www.comuni-italiani.it/065/017/,base.state_it_sa,base.it,4
5568,Buonabitacolo,84032,0975,065018,B266,http://www.comuni-italiani.it/065/018/,base.state_it_sa,base.it,4
5569,Caggiano,84030,0975,065019,B351,http://www.comuni-italiani.it/065/019/,base.state_it_sa,base.it,4
5570,Calvanico,84080,089,065020,B437,http://www.comuni-italiani.it/065/020/,base.state_it_sa,base.it,4
5571,Camerota,84040,0974,065021,B476,http://www.comuni-italiani.it/065/021/,base.state_it_sa,base.it,4
5572,Campagna,84022,0828,065022,B492,http://www.comuni-italiani.it/065/022/,base.state_it_sa,base.it,4
5573,Campora,84040,0974,065023,B555,http://www.comuni-italiani.it/065/023/,base.state_it_sa,base.it,4
5574,Cannalonga,84040,0974,065024,B608,http://www.comuni-italiani.it/065/024/,base.state_it_sa,base.it,4
5575,Capaccio,84047,0828,065025,B644,http://www.comuni-italiani.it/065/025/,base.state_it_sa,base.it,4
5576,Casalbuono,84030,0975,065026,B868,http://www.comuni-italiani.it/065/026/,base.state_it_sa,base.it,4
5577,Casaletto Spartano,84030,0973,065027,B888,http://www.comuni-italiani.it/065/027/,base.state_it_sa,base.it,4
5578,Casal Velino,84040,0974,065028,B895,http://www.comuni-italiani.it/065/028/,base.state_it_sa,base.it,4
5579,Caselle in Pittari,84030,0974,065029,B959,http://www.comuni-italiani.it/065/029/,base.state_it_sa,base.it,4
5580,Castelcivita,84020,0828,065030,C069,http://www.comuni-italiani.it/065/030/,base.state_it_sa,base.it,4
5581,Castellabate,84048,0974,065031,C125,http://www.comuni-italiani.it/065/031/,base.state_it_sa,base.it,4
5582,Castelnuovo Cilento,84040,0974,065032,C231,http://www.comuni-italiani.it/065/032/,base.state_it_sa,base.it,4
5583,Castelnuovo di Conza,84020,0828,065033,C235,http://www.comuni-italiani.it/065/033/,base.state_it_sa,base.it,4
5584,Castel San Giorgio,84083,081,065034,C259,http://www.comuni-italiani.it/065/034/,base.state_it_sa,base.it,4
5585,Castel San Lorenzo,84049,0828,065035,C262,http://www.comuni-italiani.it/065/035/,base.state_it_sa,base.it,4
5586,Castiglione del Genovesi,84090,089,065036,C306,http://www.comuni-italiani.it/065/036/,base.state_it_sa,base.it,4
5587,Cava de' Tirreni,84013,089,065037,C361,http://www.comuni-italiani.it/065/037/,base.state_it_sa,base.it,4
5588,Celle di Bulgheria,84040,0974,065038,C444,http://www.comuni-italiani.it/065/038/,base.state_it_sa,base.it,4
5589,Centola,84051,0974,065039,C470,http://www.comuni-italiani.it/065/039/,base.state_it_sa,base.it,4
5590,Ceraso,84052,0974,065040,C485,http://www.comuni-italiani.it/065/040/,base.state_it_sa,base.it,4
5591,Cetara,84010,089,065041,C584,http://www.comuni-italiani.it/065/041/,base.state_it_sa,base.it,4
5592,Cicerale,84053,0974,065042,C676,http://www.comuni-italiani.it/065/042/,base.state_it_sa,base.it,4
5593,Colliano,84020,0828,065043,C879,http://www.comuni-italiani.it/065/043/,base.state_it_sa,base.it,4
5594,Conca dei Marini,84010,089,065044,C940,http://www.comuni-italiani.it/065/044/,base.state_it_sa,base.it,4
5595,Controne,84020,0828,065045,C973,http://www.comuni-italiani.it/065/045/,base.state_it_sa,base.it,4
5596,Contursi Terme,84024,0828,065046,C974,http://www.comuni-italiani.it/065/046/,base.state_it_sa,base.it,4
5597,Corbara,84010,081,065047,C984,http://www.comuni-italiani.it/065/047/,base.state_it_sa,base.it,4
5598,Corleto Monforte,84020,0828,065048,D011,http://www.comuni-italiani.it/065/048/,base.state_it_sa,base.it,4
5599,Cuccaro Vetere,84050,0974,065049,D195,http://www.comuni-italiani.it/065/049/,base.state_it_sa,base.it,4
5600,Eboli,84025,0828,065050,D390,http://www.comuni-italiani.it/065/050/,base.state_it_sa,base.it,4
5601,Felitto,84055,0828,065051,D527,http://www.comuni-italiani.it/065/051/,base.state_it_sa,base.it,4
5602,Fisciano,84084,089,065052,D615,http://www.comuni-italiani.it/065/052/,base.state_it_sa,base.it,4
5603,Furore,84010,089,065053,D826,http://www.comuni-italiani.it/065/053/,base.state_it_sa,base.it,4
5604,Futani,84050,0974,065054,D832,http://www.comuni-italiani.it/065/054/,base.state_it_sa,base.it,4
5605,Giffoni Sei Casali,84090,089,065055,E026,http://www.comuni-italiani.it/065/055/,base.state_it_sa,base.it,4
5606,Giffoni Valle Piana,84095,089,065056,E027,http://www.comuni-italiani.it/065/056/,base.state_it_sa,base.it,4
5607,Gioi,84056,0974,065057,E037,http://www.comuni-italiani.it/065/057/,base.state_it_sa,base.it,4
5608,Giungano,84050,0828,065058,E060,http://www.comuni-italiani.it/065/058/,base.state_it_sa,base.it,4
5609,Ispani,84050,0973,065059,E365,http://www.comuni-italiani.it/065/059/,base.state_it_sa,base.it,4
5610,Laureana Cilento,84050,0974,065060,E480,http://www.comuni-italiani.it/065/060/,base.state_it_sa,base.it,4
5611,Laurino,84057,0974,065061,E485,http://www.comuni-italiani.it/065/061/,base.state_it_sa,base.it,4
5612,Laurito,84050,0974,065062,E486,http://www.comuni-italiani.it/065/062/,base.state_it_sa,base.it,4
5613,Laviano,84020,0828,065063,E498,http://www.comuni-italiani.it/065/063/,base.state_it_sa,base.it,4
5614,Lustra,84050,0974,065064,E767,http://www.comuni-italiani.it/065/064/,base.state_it_sa,base.it,4
5615,Magliano Vetere,84050,0974,065065,E814,http://www.comuni-italiani.it/065/065/,base.state_it_sa,base.it,4
5616,Maiori,84010,089,065066,E839,http://www.comuni-italiani.it/065/066/,base.state_it_sa,base.it,4
5617,Mercato San Severino,84085,089,065067,F138,http://www.comuni-italiani.it/065/067/,base.state_it_sa,base.it,4
5618,Minori,84010,089,065068,F223,http://www.comuni-italiani.it/065/068/,base.state_it_sa,base.it,4
5619,Moio della Civitella,84060,0974,065069,F278,http://www.comuni-italiani.it/065/069/,base.state_it_sa,base.it,4
5620,Montano Antilia,84060,0974,065070,F426,http://www.comuni-italiani.it/065/070/,base.state_it_sa,base.it,4
5621,Montecorice,84060,0974,065071,F479,http://www.comuni-italiani.it/065/071/,base.state_it_sa,base.it,4
5622,Montecorvino Pugliano,84090,089,065072,F480,http://www.comuni-italiani.it/065/072/,base.state_it_sa,base.it,4
5623,Montecorvino Rovella,84096,089,065073,F481,http://www.comuni-italiani.it/065/073/,base.state_it_sa,base.it,4
5624,Monteforte Cilento,84060,0974,065074,F507,http://www.comuni-italiani.it/065/074/,base.state_it_sa,base.it,4
5625,Monte San Giacomo,84030,0975,065075,F618,http://www.comuni-italiani.it/065/075/,base.state_it_sa,base.it,4
5626,Montesano sulla Marcellana,84033,0975,065076,F625,http://www.comuni-italiani.it/065/076/,base.state_it_sa,base.it,4
5627,Morigerati,84030,0974,065077,F731,http://www.comuni-italiani.it/065/077/,base.state_it_sa,base.it,4
5628,Nocera Inferiore,84014,081,065078,F912,http://www.comuni-italiani.it/065/078/,base.state_it_sa,base.it,4
5629,Nocera Superiore,84015,081,065079,F913,http://www.comuni-italiani.it/065/079/,base.state_it_sa,base.it,4
5630,Novi Velia,84060,0974,065080,F967,http://www.comuni-italiani.it/065/080/,base.state_it_sa,base.it,4
5631,Ogliastro Cilento,84061,0974,065081,G011,http://www.comuni-italiani.it/065/081/,base.state_it_sa,base.it,4
5632,Olevano sul Tusciano,84062,0828,065082,G023,http://www.comuni-italiani.it/065/082/,base.state_it_sa,base.it,4
5633,Oliveto Citra,84020,0828,065083,G039,http://www.comuni-italiani.it/065/083/,base.state_it_sa,base.it,4
5634,Omignano,84060,0974,065084,G063,http://www.comuni-italiani.it/065/084/,base.state_it_sa,base.it,4
5635,Orria,84060,0974,065085,G121,http://www.comuni-italiani.it/065/085/,base.state_it_sa,base.it,4
5636,Ottati,84020,0828,065086,G192,http://www.comuni-italiani.it/065/086/,base.state_it_sa,base.it,4
5637,Padula,84034,0975,065087,G226,http://www.comuni-italiani.it/065/087/,base.state_it_sa,base.it,4
5638,Pagani,84016,081,065088,G230,http://www.comuni-italiani.it/065/088/,base.state_it_sa,base.it,4
5639,Palomonte,84020,0828,065089,G292,http://www.comuni-italiani.it/065/089/,base.state_it_sa,base.it,4
5640,Pellezzano,84080,089,065090,G426,http://www.comuni-italiani.it/065/090/,base.state_it_sa,base.it,4
5641,Perdifumo,84060,0974,065091,G447,http://www.comuni-italiani.it/065/091/,base.state_it_sa,base.it,4
5642,Perito,84060,0974,065092,G455,http://www.comuni-italiani.it/065/092/,base.state_it_sa,base.it,4
5643,Pertosa,84030,0975,065093,G476,http://www.comuni-italiani.it/065/093/,base.state_it_sa,base.it,4
5644,Petina,84020,0828,065094,G509,http://www.comuni-italiani.it/065/094/,base.state_it_sa,base.it,4
5645,Piaggine,84065,0974,065095,G538,http://www.comuni-italiani.it/065/095/,base.state_it_sa,base.it,4
5646,Pisciotta,84066,0974,065096,G707,http://www.comuni-italiani.it/065/096/,base.state_it_sa,base.it,4
5647,Polla,84035,0975,065097,G793,http://www.comuni-italiani.it/065/097/,base.state_it_sa,base.it,4
5648,Pollica,84068,0974,065098,G796,http://www.comuni-italiani.it/065/098/,base.state_it_sa,base.it,4
5649,Pontecagnano Faiano,84098,089,065099,G834,http://www.comuni-italiani.it/065/099/,base.state_it_sa,base.it,4
5650,Positano,84017,089,065100,G932,http://www.comuni-italiani.it/065/100/,base.state_it_sa,base.it,4
5651,Postiglione,84026,0828,065101,G939,http://www.comuni-italiani.it/065/101/,base.state_it_sa,base.it,4
5652,Praiano,84010,089,065102,G976,http://www.comuni-italiani.it/065/102/,base.state_it_sa,base.it,4
5653,Prignano Cilento,84060,0974,065103,H062,http://www.comuni-italiani.it/065/103/,base.state_it_sa,base.it,4
5654,Ravello,84010,089,065104,H198,http://www.comuni-italiani.it/065/104/,base.state_it_sa,base.it,4
5655,Ricigliano,84020,0828,065105,H277,http://www.comuni-italiani.it/065/105/,base.state_it_sa,base.it,4
5656,Roccadaspide,84069,0828,065106,H394,http://www.comuni-italiani.it/065/106/,base.state_it_sa,base.it,4
5657,Roccagloriosa,84060,0974,065107,H412,http://www.comuni-italiani.it/065/107/,base.state_it_sa,base.it,4
5658,Roccapiemonte,84086,081,065108,H431,http://www.comuni-italiani.it/065/108/,base.state_it_sa,base.it,4
5659,Rofrano,84070,0974,065109,H485,http://www.comuni-italiani.it/065/109/,base.state_it_sa,base.it,4
5660,Romagnano al Monte,84020,0828,065110,H503,http://www.comuni-italiani.it/065/110/,base.state_it_sa,base.it,4
5661,Roscigno,84020,0828,065111,H564,http://www.comuni-italiani.it/065/111/,base.state_it_sa,base.it,4
5662,Rutino,84070,0974,065112,H644,http://www.comuni-italiani.it/065/112/,base.state_it_sa,base.it,4
5663,Sacco,84070,0974,065113,H654,http://www.comuni-italiani.it/065/113/,base.state_it_sa,base.it,4
5664,Sala Consilina,84036,0975,065114,H683,http://www.comuni-italiani.it/065/114/,base.state_it_sa,base.it,4
5665,Salento,84070,0974,065115,H686,http://www.comuni-italiani.it/065/115/,base.state_it_sa,base.it,4
5666,Salerno,841%%,089,065116,H703,http://www.comuni-italiani.it/065/116/,base.state_it_sa,base.it,4
5667,Salvitelle,84020,0975,065117,H732,http://www.comuni-italiani.it/065/117/,base.state_it_sa,base.it,4
5668,San Cipriano Picentino,84099,089,065118,H800,http://www.comuni-italiani.it/065/118/,base.state_it_sa,base.it,4
5669,San Giovanni a Piro,84070,0974,065119,H907,http://www.comuni-italiani.it/065/119/,base.state_it_sa,base.it,4
5670,San Gregorio Magno,84020,0828,065120,H943,http://www.comuni-italiani.it/065/120/,base.state_it_sa,base.it,4
5671,San Mango Piemonte,84090,089,065121,H977,http://www.comuni-italiani.it/065/121/,base.state_it_sa,base.it,4
5672,San Marzano sul Sarno,84010,081,065122,I019,http://www.comuni-italiani.it/065/122/,base.state_it_sa,base.it,4
5673,San Mauro Cilento,84070,0974,065123,I031,http://www.comuni-italiani.it/065/123/,base.state_it_sa,base.it,4
5674,San Mauro la Bruca,84070,0974,065124,I032,http://www.comuni-italiani.it/065/124/,base.state_it_sa,base.it,4
5675,San Pietro al Tanagro,84030,0975,065125,I089,http://www.comuni-italiani.it/065/125/,base.state_it_sa,base.it,4
5676,San Rufo,84030,0975,065126,I143,http://www.comuni-italiani.it/065/126/,base.state_it_sa,base.it,4
5677,Santa Marina,84070,0974,065127,I253,http://www.comuni-italiani.it/065/127/,base.state_it_sa,base.it,4
5678,Sant'Angelo a Fasanella,84027,0828,065128,I278,http://www.comuni-italiani.it/065/128/,base.state_it_sa,base.it,4
5679,Sant'Arsenio,84037,0975,065129,I307,http://www.comuni-italiani.it/065/129/,base.state_it_sa,base.it,4
5680,Sant'Egidio del Monte Albino,84010,081,065130,I317,http://www.comuni-italiani.it/065/130/,base.state_it_sa,base.it,4
5681,Santomenna,84020,0828,065131,I260,http://www.comuni-italiani.it/065/131/,base.state_it_sa,base.it,4
5682,San Valentino Torio,84010,081,065132,I377,http://www.comuni-italiani.it/065/132/,base.state_it_sa,base.it,4
5683,Sanza,84030,0975,065133,I410,http://www.comuni-italiani.it/065/133/,base.state_it_sa,base.it,4
5684,Sapri,84073,0973,065134,I422,http://www.comuni-italiani.it/065/134/,base.state_it_sa,base.it,4
5685,Sarno,84087,081,065135,I438,http://www.comuni-italiani.it/065/135/,base.state_it_sa,base.it,4
5686,Sassano,84038,0975,065136,I451,http://www.comuni-italiani.it/065/136/,base.state_it_sa,base.it,4
5687,Scafati,84018,081,065137,I483,http://www.comuni-italiani.it/065/137/,base.state_it_sa,base.it,4
5688,Scala,84010,089,065138,I486,http://www.comuni-italiani.it/065/138/,base.state_it_sa,base.it,4
5689,Serramezzana,84070,0974,065139,I648,http://www.comuni-italiani.it/065/139/,base.state_it_sa,base.it,4
5690,Serre,84028,0828,065140,I666,http://www.comuni-italiani.it/065/140/,base.state_it_sa,base.it,4
5691,Sessa Cilento,84074,0974,065141,I677,http://www.comuni-italiani.it/065/141/,base.state_it_sa,base.it,4
5692,Siano,84088,081,065142,I720,http://www.comuni-italiani.it/065/142/,base.state_it_sa,base.it,4
5693,Sicignano degli Alburni,84029,0828,065143,M253,http://www.comuni-italiani.it/065/143/,base.state_it_sa,base.it,4
5694,Stella Cilento,84070,0974,065144,G887,http://www.comuni-italiani.it/065/144/,base.state_it_sa,base.it,4
5695,Stio,84075,0974,065145,I960,http://www.comuni-italiani.it/065/145/,base.state_it_sa,base.it,4
5696,Teggiano,84039,0975,065146,D292,http://www.comuni-italiani.it/065/146/,base.state_it_sa,base.it,4
5697,Torchiara,84076,0974,065147,L212,http://www.comuni-italiani.it/065/147/,base.state_it_sa,base.it,4
5698,Torraca,84030,0973,065148,L233,http://www.comuni-italiani.it/065/148/,base.state_it_sa,base.it,4
5699,Torre Orsaia,84077,0974,065149,L274,http://www.comuni-italiani.it/065/149/,base.state_it_sa,base.it,4
5700,Tortorella,84030,0973,065150,L306,http://www.comuni-italiani.it/065/150/,base.state_it_sa,base.it,4
5701,Tramonti,84010,089,065151,L323,http://www.comuni-italiani.it/065/151/,base.state_it_sa,base.it,4
5702,Trentinara,84070,0828,065152,L377,http://www.comuni-italiani.it/065/152/,base.state_it_sa,base.it,4
5703,Valle dell'Angelo,84070,0974,065153,G540,http://www.comuni-italiani.it/065/153/,base.state_it_sa,base.it,4
5704,Vallo della Lucania,84078,0974,065154,L628,http://www.comuni-italiani.it/065/154/,base.state_it_sa,base.it,4
5705,Valva,84020,0828,065155,L656,http://www.comuni-italiani.it/065/155/,base.state_it_sa,base.it,4
5706,Vibonati,84079,0973,065156,L835,http://www.comuni-italiani.it/065/156/,base.state_it_sa,base.it,4
5707,Vietri sul Mare,84019,089,065157,L860,http://www.comuni-italiani.it/065/157/,base.state_it_sa,base.it,4
5708,Bellizzi,84092,0828,065158,M294,http://www.comuni-italiani.it/065/158/,base.state_it_sa,base.it,4
5709,Acciano,67020,0864,066001,A018,http://www.comuni-italiani.it/066/001/,base.state_it_aq,base.it,4
5710,Aielli,67041,0863,066002,A100,http://www.comuni-italiani.it/066/002/,base.state_it_aq,base.it,4
5711,Alfedena,67030,0864,066003,A187,http://www.comuni-italiani.it/066/003/,base.state_it_aq,base.it,4
5712,Anversa degli Abruzzi,67030,0864,066004,A318,http://www.comuni-italiani.it/066/004/,base.state_it_aq,base.it,4
5713,Ateleta,67030,0864,066005,A481,http://www.comuni-italiani.it/066/005/,base.state_it_aq,base.it,4
5714,Avezzano,67051,0863,066006,A515,http://www.comuni-italiani.it/066/006/,base.state_it_aq,base.it,4
5715,Balsorano,67052,0863,066007,A603,http://www.comuni-italiani.it/066/007/,base.state_it_aq,base.it,4
5716,Barete,67010,0862,066008,A656,http://www.comuni-italiani.it/066/008/,base.state_it_aq,base.it,4
5717,Barisciano,67021,0862,066009,A667,http://www.comuni-italiani.it/066/009/,base.state_it_aq,base.it,4
5718,Barrea,67030,0864,066010,A678,http://www.comuni-italiani.it/066/010/,base.state_it_aq,base.it,4
5719,Bisegna,67050,0863,066011,A884,http://www.comuni-italiani.it/066/011/,base.state_it_aq,base.it,4
5720,Bugnara,67030,0864,066012,B256,http://www.comuni-italiani.it/066/012/,base.state_it_aq,base.it,4
5721,Cagnano Amiterno,67012,0862,066013,B358,http://www.comuni-italiani.it/066/013/,base.state_it_aq,base.it,4
5722,Calascio,67020,0862,066014,B382,http://www.comuni-italiani.it/066/014/,base.state_it_aq,base.it,4
5723,Campo di Giove,67030,0864,066015,B526,http://www.comuni-italiani.it/066/015/,base.state_it_aq,base.it,4
5724,Campotosto,67013,0862,066016,B569,http://www.comuni-italiani.it/066/016/,base.state_it_aq,base.it,4
5725,Canistro,67050,0863,066017,B606,http://www.comuni-italiani.it/066/017/,base.state_it_aq,base.it,4
5726,Cansano,67030,0864,066018,B624,http://www.comuni-italiani.it/066/018/,base.state_it_aq,base.it,4
5727,Capestrano,67022,0862,066019,B651,http://www.comuni-italiani.it/066/019/,base.state_it_aq,base.it,4
5728,Capistrello,67053,0863,066020,B656,http://www.comuni-italiani.it/066/020/,base.state_it_aq,base.it,4
5729,Capitignano,67014,0862,066021,B658,http://www.comuni-italiani.it/066/021/,base.state_it_aq,base.it,4
5730,Caporciano,67020,0862,066022,B672,http://www.comuni-italiani.it/066/022/,base.state_it_aq,base.it,4
5731,Cappadocia,67060,0863,066023,B677,http://www.comuni-italiani.it/066/023/,base.state_it_aq,base.it,4
5732,Carapelle Calvisio,67020,0862,066024,B725,http://www.comuni-italiani.it/066/024/,base.state_it_aq,base.it,4
5733,Carsoli,67061,0863,066025,B842,http://www.comuni-italiani.it/066/025/,base.state_it_aq,base.it,4
5734,Castel del Monte,67023,0862,066026,C083,http://www.comuni-italiani.it/066/026/,base.state_it_aq,base.it,4
5735,Castel di Ieri,67020,0864,066027,C090,http://www.comuni-italiani.it/066/027/,base.state_it_aq,base.it,4
5736,Castel di Sangro,67031,0864,066028,C096,http://www.comuni-italiani.it/066/028/,base.state_it_aq,base.it,4
5737,Castellafiume,67050,0863,066029,C126,http://www.comuni-italiani.it/066/029/,base.state_it_aq,base.it,4
5738,Castelvecchio Calvisio,67020,0862,066030,C278,http://www.comuni-italiani.it/066/030/,base.state_it_aq,base.it,4
5739,Castelvecchio Subequo,67024,0864,066031,C279,http://www.comuni-italiani.it/066/031/,base.state_it_aq,base.it,4
5740,Celano,67043,0863,066032,C426,http://www.comuni-italiani.it/066/032/,base.state_it_aq,base.it,4
5741,Cerchio,67044,0863,066033,C492,http://www.comuni-italiani.it/066/033/,base.state_it_aq,base.it,4
5742,Civita d'Antino,67050,0863,066034,C766,http://www.comuni-italiani.it/066/034/,base.state_it_aq,base.it,4
5743,Civitella Alfedena,67030,0864,066035,C778,http://www.comuni-italiani.it/066/035/,base.state_it_aq,base.it,4
5744,Civitella Roveto,67054,0863,066036,C783,http://www.comuni-italiani.it/066/036/,base.state_it_aq,base.it,4
5745,Cocullo,67030,0864,066037,C811,http://www.comuni-italiani.it/066/037/,base.state_it_aq,base.it,4
5746,Collarmele,67040,0863,066038,C844,http://www.comuni-italiani.it/066/038/,base.state_it_aq,base.it,4
5747,Collelongo,67050,0863,066039,C862,http://www.comuni-italiani.it/066/039/,base.state_it_aq,base.it,4
5748,Collepietro,67020,0862,066040,C866,http://www.comuni-italiani.it/066/040/,base.state_it_aq,base.it,4
5749,Corfinio,67030,0864,066041,C999,http://www.comuni-italiani.it/066/041/,base.state_it_aq,base.it,4
5750,Fagnano Alto,67020,0862,066042,D465,http://www.comuni-italiani.it/066/042/,base.state_it_aq,base.it,4
5751,Fontecchio,67020,0862,066043,D681,http://www.comuni-italiani.it/066/043/,base.state_it_aq,base.it,4
5752,Fossa,67020,0862,066044,D736,http://www.comuni-italiani.it/066/044/,base.state_it_aq,base.it,4
5753,Gagliano Aterno,67020,0864,066045,D850,http://www.comuni-italiani.it/066/045/,base.state_it_aq,base.it,4
5754,Gioia dei Marsi,67055,0863,066046,E040,http://www.comuni-italiani.it/066/046/,base.state_it_aq,base.it,4
5755,Goriano Sicoli,67030,0864,066047,E096,http://www.comuni-italiani.it/066/047/,base.state_it_aq,base.it,4
5756,Introdacqua,67030,0864,066048,E307,http://www.comuni-italiani.it/066/048/,base.state_it_aq,base.it,4
5757,L'Aquila,67100,0862,066049,A345,http://www.comuni-italiani.it/066/049/,base.state_it_aq,base.it,4
5758,Lecce nei Marsi,67050,0863,066050,E505,http://www.comuni-italiani.it/066/050/,base.state_it_aq,base.it,4
5759,Luco dei Marsi,67056,0863,066051,E723,http://www.comuni-italiani.it/066/051/,base.state_it_aq,base.it,4
5760,Lucoli,67045,0862,066052,E724,http://www.comuni-italiani.it/066/052/,base.state_it_aq,base.it,4
5761,Magliano de' Marsi,67062,0863,066053,E811,http://www.comuni-italiani.it/066/053/,base.state_it_aq,base.it,4
5762,Massa d'Albe,67050,0863,066054,F022,http://www.comuni-italiani.it/066/054/,base.state_it_aq,base.it,4
5763,Molina Aterno,67020,0864,066055,M255,http://www.comuni-italiani.it/066/055/,base.state_it_aq,base.it,4
5764,Montereale,67015,0862,066056,F595,http://www.comuni-italiani.it/066/056/,base.state_it_aq,base.it,4
5765,Morino,67050,0863,066057,F732,http://www.comuni-italiani.it/066/057/,base.state_it_aq,base.it,4
5766,Navelli,67020,0862,066058,F852,http://www.comuni-italiani.it/066/058/,base.state_it_aq,base.it,4
5767,Ocre,67040,0862,066059,F996,http://www.comuni-italiani.it/066/059/,base.state_it_aq,base.it,4
5768,Ofena,67025,0862,066060,G002,http://www.comuni-italiani.it/066/060/,base.state_it_aq,base.it,4
5769,Opi,67030,0863,066061,G079,http://www.comuni-italiani.it/066/061/,base.state_it_aq,base.it,4
5770,Oricola,67063,0863,066062,G102,http://www.comuni-italiani.it/066/062/,base.state_it_aq,base.it,4
5771,Ortona dei Marsi,67050,0863,066063,G142,http://www.comuni-italiani.it/066/063/,base.state_it_aq,base.it,4
5772,Ortucchio,67050,0863,066064,G145,http://www.comuni-italiani.it/066/064/,base.state_it_aq,base.it,4
5773,Ovindoli,67046,0863,066065,G200,http://www.comuni-italiani.it/066/065/,base.state_it_aq,base.it,4
5774,Pacentro,67030,0864,066066,G210,http://www.comuni-italiani.it/066/066/,base.state_it_aq,base.it,4
5775,Pereto,67064,0863,066067,G449,http://www.comuni-italiani.it/066/067/,base.state_it_aq,base.it,4
5776,Pescasseroli,67032,0863,066068,G484,http://www.comuni-italiani.it/066/068/,base.state_it_aq,base.it,4
5777,Pescina,67057,0863,066069,G492,http://www.comuni-italiani.it/066/069/,base.state_it_aq,base.it,4
5778,Pescocostanzo,67033,0864,066070,G493,http://www.comuni-italiani.it/066/070/,base.state_it_aq,base.it,4
5779,Pettorano sul Gizio,67034,0864,066071,G524,http://www.comuni-italiani.it/066/071/,base.state_it_aq,base.it,4
5780,Pizzoli,67017,0862,066072,G726,http://www.comuni-italiani.it/066/072/,base.state_it_aq,base.it,4
5781,Poggio Picenze,67026,0862,066073,G766,http://www.comuni-italiani.it/066/073/,base.state_it_aq,base.it,4
5782,Prata d'Ansidonia,67020,0862,066074,G992,http://www.comuni-italiani.it/066/074/,base.state_it_aq,base.it,4
5783,Pratola Peligna,67035,0864,066075,H007,http://www.comuni-italiani.it/066/075/,base.state_it_aq,base.it,4
5784,Prezza,67030,0864,066076,H056,http://www.comuni-italiani.it/066/076/,base.state_it_aq,base.it,4
5785,Raiano,67027,0864,066077,H166,http://www.comuni-italiani.it/066/077/,base.state_it_aq,base.it,4
5786,Rivisondoli,67036,0864,066078,H353,http://www.comuni-italiani.it/066/078/,base.state_it_aq,base.it,4
5787,Roccacasale,67030,0864,066079,H389,http://www.comuni-italiani.it/066/079/,base.state_it_aq,base.it,4
5788,Rocca di Botte,67066,0863,066080,H399,http://www.comuni-italiani.it/066/080/,base.state_it_aq,base.it,4
5789,Rocca di Cambio,67047,0862,066081,H400,http://www.comuni-italiani.it/066/081/,base.state_it_aq,base.it,4
5790,Rocca di Mezzo,67048,0862,066082,H402,http://www.comuni-italiani.it/066/082/,base.state_it_aq,base.it,4
5791,Rocca Pia,67030,0864,066083,H429,http://www.comuni-italiani.it/066/083/,base.state_it_aq,base.it,4
5792,Roccaraso,67037,0864,066084,H434,http://www.comuni-italiani.it/066/084/,base.state_it_aq,base.it,4
5793,San Benedetto dei Marsi,67058,0863,066085,H772,http://www.comuni-italiani.it/066/085/,base.state_it_aq,base.it,4
5794,San Benedetto in Perillis,67020,0862,066086,H773,http://www.comuni-italiani.it/066/086/,base.state_it_aq,base.it,4
5795,San Demetrio ne' Vestini,67028,0862,066087,H819,http://www.comuni-italiani.it/066/087/,base.state_it_aq,base.it,4
5796,San Pio delle Camere,67020,0862,066088,I121,http://www.comuni-italiani.it/066/088/,base.state_it_aq,base.it,4
5797,Sante Marie,67067,0863,066089,I326,http://www.comuni-italiani.it/066/089/,base.state_it_aq,base.it,4
5798,Sant'Eusanio Forconese,67020,0862,066090,I336,http://www.comuni-italiani.it/066/090/,base.state_it_aq,base.it,4
5799,Santo Stefano di Sessanio,67020,0862,066091,I360,http://www.comuni-italiani.it/066/091/,base.state_it_aq,base.it,4
5800,San Vincenzo Valle Roveto,67050,0863,066092,I389,http://www.comuni-italiani.it/066/092/,base.state_it_aq,base.it,4
5801,Scanno,67038,0864,066093,I501,http://www.comuni-italiani.it/066/093/,base.state_it_aq,base.it,4
5802,Scontrone,67030,0864,066094,I543,http://www.comuni-italiani.it/066/094/,base.state_it_aq,base.it,4
5803,Scoppito,67019,0862,066095,I546,http://www.comuni-italiani.it/066/095/,base.state_it_aq,base.it,4
5804,Scurcola Marsicana,67068,0863,066096,I553,http://www.comuni-italiani.it/066/096/,base.state_it_aq,base.it,4
5805,Secinaro,67029,0864,066097,I558,http://www.comuni-italiani.it/066/097/,base.state_it_aq,base.it,4
5806,Sulmona,67039,0864,066098,I804,http://www.comuni-italiani.it/066/098/,base.state_it_aq,base.it,4
5807,Tagliacozzo,67069,0863,066099,L025,http://www.comuni-italiani.it/066/099/,base.state_it_aq,base.it,4
5808,Tione degli Abruzzi,67020,0862,066100,L173,http://www.comuni-italiani.it/066/100/,base.state_it_aq,base.it,4
5809,Tornimparte,67049,0862,066101,L227,http://www.comuni-italiani.it/066/101/,base.state_it_aq,base.it,4
5810,Trasacco,67059,0863,066102,L334,http://www.comuni-italiani.it/066/102/,base.state_it_aq,base.it,4
5811,Villalago,67030,0864,066103,L958,http://www.comuni-italiani.it/066/103/,base.state_it_aq,base.it,4
5812,Villa Santa Lucia degli Abruzzi,67020,0862,066104,M021,http://www.comuni-italiani.it/066/104/,base.state_it_aq,base.it,4
5813,Villa Sant'Angelo,67020,0862,066105,M023,http://www.comuni-italiani.it/066/105/,base.state_it_aq,base.it,4
5814,Villavallelonga,67050,0863,066106,M031,http://www.comuni-italiani.it/066/106/,base.state_it_aq,base.it,4
5815,Villetta Barrea,67030,0864,066107,M041,http://www.comuni-italiani.it/066/107/,base.state_it_aq,base.it,4
5816,Vittorito,67030,0864,066108,M090,http://www.comuni-italiani.it/066/108/,base.state_it_aq,base.it,4
5817,Alba Adriatica,64011,0861,067001,A125,http://www.comuni-italiani.it/067/001/,base.state_it_te,base.it,4
5818,Ancarano,64010,0861,067002,A270,http://www.comuni-italiani.it/067/002/,base.state_it_te,base.it,4
5819,Arsita,64031,0861,067003,A445,http://www.comuni-italiani.it/067/003/,base.state_it_te,base.it,4
5820,Atri,64032,085,067004,A488,http://www.comuni-italiani.it/067/004/,base.state_it_te,base.it,4
5821,Basciano,64030,0861,067005,A692,http://www.comuni-italiani.it/067/005/,base.state_it_te,base.it,4
5822,Bellante,64020,0861,067006,A746,http://www.comuni-italiani.it/067/006/,base.state_it_te,base.it,4
5823,Bisenti,64033,0861,067007,A885,http://www.comuni-italiani.it/067/007/,base.state_it_te,base.it,4
5824,Campli,64012,0861,067008,B515,http://www.comuni-italiani.it/067/008/,base.state_it_te,base.it,4
5825,Canzano,64020,0861,067009,B640,http://www.comuni-italiani.it/067/009/,base.state_it_te,base.it,4
5826,Castel Castagna,64030,0861,067010,C040,http://www.comuni-italiani.it/067/010/,base.state_it_te,base.it,4
5827,Castellalto,64020,0861,067011,C128,http://www.comuni-italiani.it/067/011/,base.state_it_te,base.it,4
5828,Castelli,64041,0861,067012,C169,http://www.comuni-italiani.it/067/012/,base.state_it_te,base.it,4
5829,Castiglione Messer Raimondo,64034,0861,067013,C316,http://www.comuni-italiani.it/067/013/,base.state_it_te,base.it,4
5830,Castilenti,64035,0861,067014,C322,http://www.comuni-italiani.it/067/014/,base.state_it_te,base.it,4
5831,Cellino Attanasio,64036,0861,067015,C449,http://www.comuni-italiani.it/067/015/,base.state_it_te,base.it,4
5832,Cermignano,64037,0861,067016,C517,http://www.comuni-italiani.it/067/016/,base.state_it_te,base.it,4
5833,Civitella del Tronto,64010,0861,067017,C781,http://www.comuni-italiani.it/067/017/,base.state_it_te,base.it,4
5834,Colledara,64042,0861,067018,C311,http://www.comuni-italiani.it/067/018/,base.state_it_te,base.it,4
5835,Colonnella,64010,0861,067019,C901,http://www.comuni-italiani.it/067/019/,base.state_it_te,base.it,4
5836,Controguerra,64010,0861,067020,C972,http://www.comuni-italiani.it/067/020/,base.state_it_te,base.it,4
5837,Corropoli,64013,0861,067021,D043,http://www.comuni-italiani.it/067/021/,base.state_it_te,base.it,4
5838,Cortino,64040,0861,067022,D076,http://www.comuni-italiani.it/067/022/,base.state_it_te,base.it,4
5839,Crognaleto,64043,0861,067023,D179,http://www.comuni-italiani.it/067/023/,base.state_it_te,base.it,4
5840,Fano Adriano,64044,0861,067024,D489,http://www.comuni-italiani.it/067/024/,base.state_it_te,base.it,4
5841,Giulianova,64021,085,067025,E058,http://www.comuni-italiani.it/067/025/,base.state_it_te,base.it,4
5842,Isola del Gran Sasso d'Italia,64045,0861,067026,E343,http://www.comuni-italiani.it/067/026/,base.state_it_te,base.it,4
5843,Montefino,64030,0861,067027,F500,http://www.comuni-italiani.it/067/027/,base.state_it_te,base.it,4
5844,Montorio al Vomano,64046,0861,067028,F690,http://www.comuni-italiani.it/067/028/,base.state_it_te,base.it,4
5845,Morro d'Oro,64020,085,067029,F747,http://www.comuni-italiani.it/067/029/,base.state_it_te,base.it,4
5846,Mosciano Sant'Angelo,64023,085,067030,F764,http://www.comuni-italiani.it/067/030/,base.state_it_te,base.it,4
5847,Nereto,64015,0861,067031,F870,http://www.comuni-italiani.it/067/031/,base.state_it_te,base.it,4
5848,Notaresco,64024,085,067032,F942,http://www.comuni-italiani.it/067/032/,base.state_it_te,base.it,4
5849,Penna Sant'Andrea,64039,0861,067033,G437,http://www.comuni-italiani.it/067/033/,base.state_it_te,base.it,4
5850,Pietracamela,64047,0861,067034,G608,http://www.comuni-italiani.it/067/034/,base.state_it_te,base.it,4
5851,Pineto,64025,085,067035,F831,http://www.comuni-italiani.it/067/035/,base.state_it_te,base.it,4
5852,Rocca Santa Maria,64010,0861,067036,H440,http://www.comuni-italiani.it/067/036/,base.state_it_te,base.it,4
5853,Roseto degli Abruzzi,64026,085,067037,F585,http://www.comuni-italiani.it/067/037/,base.state_it_te,base.it,4
5854,Sant'Egidio alla Vibrata,64016,0861,067038,I318,http://www.comuni-italiani.it/067/038/,base.state_it_te,base.it,4
5855,Sant'Omero,64027,0861,067039,I348,http://www.comuni-italiani.it/067/039/,base.state_it_te,base.it,4
5856,Silvi,64028,085,067040,I741,http://www.comuni-italiani.it/067/040/,base.state_it_te,base.it,4
5857,Teramo,64100,0861,067041,L103,http://www.comuni-italiani.it/067/041/,base.state_it_te,base.it,4
5858,Torano Nuovo,64010,0861,067042,L207,http://www.comuni-italiani.it/067/042/,base.state_it_te,base.it,4
5859,Torricella Sicura,64010,0861,067043,L295,http://www.comuni-italiani.it/067/043/,base.state_it_te,base.it,4
5860,Tortoreto,64018,0861,067044,L307,http://www.comuni-italiani.it/067/044/,base.state_it_te,base.it,4
5861,Tossicia,64049,0861,067045,L314,http://www.comuni-italiani.it/067/045/,base.state_it_te,base.it,4
5862,Valle Castellana,64010,0861,067046,L597,http://www.comuni-italiani.it/067/046/,base.state_it_te,base.it,4
5863,Martinsicuro,64014,0861,067047,E989,http://www.comuni-italiani.it/067/047/,base.state_it_te,base.it,4
5864,Abbateggio,65020,085,068001,A008,http://www.comuni-italiani.it/068/001/,base.state_it_pe,base.it,4
5865,Alanno,65020,085,068002,A120,http://www.comuni-italiani.it/068/002/,base.state_it_pe,base.it,4
5866,Bolognano,65020,085,068003,A945,http://www.comuni-italiani.it/068/003/,base.state_it_pe,base.it,4
5867,Brittoli,65010,085,068004,B193,http://www.comuni-italiani.it/068/004/,base.state_it_pe,base.it,4
5868,Bussi sul Tirino,65022,085,068005,B294,http://www.comuni-italiani.it/068/005/,base.state_it_pe,base.it,4
5869,Cappelle sul Tavo,65010,085,068006,B681,http://www.comuni-italiani.it/068/006/,base.state_it_pe,base.it,4
5870,Caramanico Terme,65023,085,068007,B722,http://www.comuni-italiani.it/068/007/,base.state_it_pe,base.it,4
5871,Carpineto della Nora,65010,085,068008,B827,http://www.comuni-italiani.it/068/008/,base.state_it_pe,base.it,4
5872,Castiglione a Casauria,65020,085,068009,C308,http://www.comuni-italiani.it/068/009/,base.state_it_pe,base.it,4
5873,Catignano,65011,085,068010,C354,http://www.comuni-italiani.it/068/010/,base.state_it_pe,base.it,4
5874,Cepagatti,65012,085,068011,C474,http://www.comuni-italiani.it/068/011/,base.state_it_pe,base.it,4
5875,Città Sant'Angelo,65013,085,068012,C750,http://www.comuni-italiani.it/068/012/,base.state_it_pe,base.it,4
5876,Civitaquana,65010,085,068013,C771,http://www.comuni-italiani.it/068/013/,base.state_it_pe,base.it,4
5877,Civitella Casanova,65010,085,068014,C779,http://www.comuni-italiani.it/068/014/,base.state_it_pe,base.it,4
5878,Collecorvino,65010,085,068015,C853,http://www.comuni-italiani.it/068/015/,base.state_it_pe,base.it,4
5879,Corvara,65020,085,068016,D078,http://www.comuni-italiani.it/068/016/,base.state_it_pe,base.it,4
5880,Cugnoli,65020,085,068017,D201,http://www.comuni-italiani.it/068/017/,base.state_it_pe,base.it,4
5881,Elice,65010,085,068018,D394,http://www.comuni-italiani.it/068/018/,base.state_it_pe,base.it,4
5882,Farindola,65010,085,068019,D501,http://www.comuni-italiani.it/068/019/,base.state_it_pe,base.it,4
5883,Lettomanoppello,65020,085,068020,E558,http://www.comuni-italiani.it/068/020/,base.state_it_pe,base.it,4
5884,Loreto Aprutino,65014,085,068021,E691,http://www.comuni-italiani.it/068/021/,base.state_it_pe,base.it,4
5885,Manoppello,65024,085,068022,E892,http://www.comuni-italiani.it/068/022/,base.state_it_pe,base.it,4
5886,Montebello di Bertona,65010,085,068023,F441,http://www.comuni-italiani.it/068/023/,base.state_it_pe,base.it,4
5887,Montesilvano,65015,085,068024,F646,http://www.comuni-italiani.it/068/024/,base.state_it_pe,base.it,4
5888,Moscufo,65010,085,068025,F765,http://www.comuni-italiani.it/068/025/,base.state_it_pe,base.it,4
5889,Nocciano,65010,085,068026,F908,http://www.comuni-italiani.it/068/026/,base.state_it_pe,base.it,4
5890,Penne,65017,085,068027,G438,http://www.comuni-italiani.it/068/027/,base.state_it_pe,base.it,4
5891,Pescara,6512%,085,068028,G482,http://www.comuni-italiani.it/068/028/,base.state_it_pe,base.it,4
5892,Pescosansonesco,65020,085,068029,G499,http://www.comuni-italiani.it/068/029/,base.state_it_pe,base.it,4
5893,Pianella,65019,085,068030,G555,http://www.comuni-italiani.it/068/030/,base.state_it_pe,base.it,4
5894,Picciano,65010,085,068031,G589,http://www.comuni-italiani.it/068/031/,base.state_it_pe,base.it,4
5895,Pietranico,65020,085,068032,G621,http://www.comuni-italiani.it/068/032/,base.state_it_pe,base.it,4
5896,Popoli,65026,085,068033,G878,http://www.comuni-italiani.it/068/033/,base.state_it_pe,base.it,4
5897,Roccamorice,65020,085,068034,H425,http://www.comuni-italiani.it/068/034/,base.state_it_pe,base.it,4
5898,Rosciano,65020,085,068035,H562,http://www.comuni-italiani.it/068/035/,base.state_it_pe,base.it,4
5899,Salle,65020,085,068036,H715,http://www.comuni-italiani.it/068/036/,base.state_it_pe,base.it,4
5900,Sant'Eufemia a Maiella,65020,085,068037,I332,http://www.comuni-italiani.it/068/037/,base.state_it_pe,base.it,4
5901,San Valentino in Abruzzo Citeriore,65020,085,068038,I376,http://www.comuni-italiani.it/068/038/,base.state_it_pe,base.it,4
5902,Scafa,65027,085,068039,I482,http://www.comuni-italiani.it/068/039/,base.state_it_pe,base.it,4
5903,Serramonacesca,65025,085,068040,I649,http://www.comuni-italiani.it/068/040/,base.state_it_pe,base.it,4
5904,Spoltore,65010,085,068041,I922,http://www.comuni-italiani.it/068/041/,base.state_it_pe,base.it,4
5905,Tocco da Casauria,65028,085,068042,L186,http://www.comuni-italiani.it/068/042/,base.state_it_pe,base.it,4
5906,Torre de' Passeri,65029,085,068043,L263,http://www.comuni-italiani.it/068/043/,base.state_it_pe,base.it,4
5907,Turrivalignani,65020,085,068044,L475,http://www.comuni-italiani.it/068/044/,base.state_it_pe,base.it,4
5908,Vicoli,65010,085,068045,L846,http://www.comuni-italiani.it/068/045/,base.state_it_pe,base.it,4
5909,Villa Celiera,65010,085,068046,L922,http://www.comuni-italiani.it/068/046/,base.state_it_pe,base.it,4
5910,Altino,66040,0872,069001,A235,http://www.comuni-italiani.it/069/001/,base.state_it_ch,base.it,4
5911,Archi,66044,0872,069002,A367,http://www.comuni-italiani.it/069/002/,base.state_it_ch,base.it,4
5912,Ari,66010,0871,069003,A398,http://www.comuni-italiani.it/069/003/,base.state_it_ch,base.it,4
5913,Arielli,66030,0871,069004,A402,http://www.comuni-italiani.it/069/004/,base.state_it_ch,base.it,4
5914,Atessa,66041,0872,069005,A485,http://www.comuni-italiani.it/069/005/,base.state_it_ch,base.it,4
5915,Bomba,66042,0872,069006,A956,http://www.comuni-italiani.it/069/006/,base.state_it_ch,base.it,4
5916,Borrello,66040,0872,069007,B057,http://www.comuni-italiani.it/069/007/,base.state_it_ch,base.it,4
5917,Bucchianico,66011,0871,069008,B238,http://www.comuni-italiani.it/069/008/,base.state_it_ch,base.it,4
5918,Montebello sul Sangro,66040,0872,069009,B268,http://www.comuni-italiani.it/069/009/,base.state_it_ch,base.it,4
5919,Canosa Sannita,66010,0871,069010,B620,http://www.comuni-italiani.it/069/010/,base.state_it_ch,base.it,4
5920,Carpineto Sinello,66030,0872,069011,B826,http://www.comuni-italiani.it/069/011/,base.state_it_ch,base.it,4
5921,Carunchio,66050,0873,069012,B853,http://www.comuni-italiani.it/069/012/,base.state_it_ch,base.it,4
5922,Casacanditella,66010,0871,069013,B859,http://www.comuni-italiani.it/069/013/,base.state_it_ch,base.it,4
5923,Casalanguida,66031,0872,069014,B861,http://www.comuni-italiani.it/069/014/,base.state_it_ch,base.it,4
5924,Casalbordino,66021,0873,069015,B865,http://www.comuni-italiani.it/069/015/,base.state_it_ch,base.it,4
5925,Casalincontrada,66012,0871,069016,B896,http://www.comuni-italiani.it/069/016/,base.state_it_ch,base.it,4
5926,Casoli,66043,0872,069017,B985,http://www.comuni-italiani.it/069/017/,base.state_it_ch,base.it,4
5927,Castel Frentano,66032,0872,069018,C114,http://www.comuni-italiani.it/069/018/,base.state_it_ch,base.it,4
5928,Castelguidone,66040,0873,069019,C123,http://www.comuni-italiani.it/069/019/,base.state_it_ch,base.it,4
5929,Castiglione Messer Marino,66033,0873,069020,C298,http://www.comuni-italiani.it/069/020/,base.state_it_ch,base.it,4
5930,Celenza sul Trigno,66050,0873,069021,C428,http://www.comuni-italiani.it/069/021/,base.state_it_ch,base.it,4
5931,Chieti,66100,0871,069022,C632,http://www.comuni-italiani.it/069/022/,base.state_it_ch,base.it,4
5932,Civitaluparella,66040,0872,069023,C768,http://www.comuni-italiani.it/069/023/,base.state_it_ch,base.it,4
5933,Civitella Messer Raimondo,66010,0872,069024,C776,http://www.comuni-italiani.it/069/024/,base.state_it_ch,base.it,4
5934,Colledimacine,66010,0872,069025,C855,http://www.comuni-italiani.it/069/025/,base.state_it_ch,base.it,4
5935,Colledimezzo,66040,0872,069026,C856,http://www.comuni-italiani.it/069/026/,base.state_it_ch,base.it,4
5936,Crecchio,66014,0871,069027,D137,http://www.comuni-italiani.it/069/027/,base.state_it_ch,base.it,4
5937,Cupello,66051,0873,069028,D209,http://www.comuni-italiani.it/069/028/,base.state_it_ch,base.it,4
5938,Dogliola,66050,0873,069029,D315,http://www.comuni-italiani.it/069/029/,base.state_it_ch,base.it,4
5939,Fara Filiorum Petri,66010,0871,069030,D494,http://www.comuni-italiani.it/069/030/,base.state_it_ch,base.it,4
5940,Fara San Martino,66015,0872,069031,D495,http://www.comuni-italiani.it/069/031/,base.state_it_ch,base.it,4
5941,Filetto,66030,0871,069032,D592,http://www.comuni-italiani.it/069/032/,base.state_it_ch,base.it,4
5942,Fossacesia,66022,0872,069033,D738,http://www.comuni-italiani.it/069/033/,base.state_it_ch,base.it,4
5943,Fraine,66050,0873,069034,D757,http://www.comuni-italiani.it/069/034/,base.state_it_ch,base.it,4
5944,Francavilla al Mare,66023,085,069035,D763,http://www.comuni-italiani.it/069/035/,base.state_it_ch,base.it,4
5945,Fresagrandinaria,66050,0873,069036,D796,http://www.comuni-italiani.it/069/036/,base.state_it_ch,base.it,4
5946,Frisa,66030,0872,069037,D803,http://www.comuni-italiani.it/069/037/,base.state_it_ch,base.it,4
5947,Furci,66050,0873,069038,D823,http://www.comuni-italiani.it/069/038/,base.state_it_ch,base.it,4
5948,Gamberale,66040,0872,069039,D898,http://www.comuni-italiani.it/069/039/,base.state_it_ch,base.it,4
5949,Gessopalena,66010,0872,069040,D996,http://www.comuni-italiani.it/069/040/,base.state_it_ch,base.it,4
5950,Gissi,66052,0873,069041,E052,http://www.comuni-italiani.it/069/041/,base.state_it_ch,base.it,4
5951,Giuliano Teatino,66010,0871,069042,E056,http://www.comuni-italiani.it/069/042/,base.state_it_ch,base.it,4
5952,Guardiagrele,66016,0871,069043,E243,http://www.comuni-italiani.it/069/043/,base.state_it_ch,base.it,4
5953,Guilmi,66050,0872,069044,E266,http://www.comuni-italiani.it/069/044/,base.state_it_ch,base.it,4
5954,Lama dei Peligni,66010,0872,069045,E424,http://www.comuni-italiani.it/069/045/,base.state_it_ch,base.it,4
5955,Lanciano,66034,0872,069046,E435,http://www.comuni-italiani.it/069/046/,base.state_it_ch,base.it,4
5956,Lentella,66050,0873,069047,E531,http://www.comuni-italiani.it/069/047/,base.state_it_ch,base.it,4
5957,Lettopalena,66010,0872,069048,E559,http://www.comuni-italiani.it/069/048/,base.state_it_ch,base.it,4
5958,Liscia,66050,0873,069049,E611,http://www.comuni-italiani.it/069/049/,base.state_it_ch,base.it,4
5959,Miglianico,66010,0871,069050,F196,http://www.comuni-italiani.it/069/050/,base.state_it_ch,base.it,4
5960,Montazzoli,66030,0872,069051,F433,http://www.comuni-italiani.it/069/051/,base.state_it_ch,base.it,4
5961,Monteferrante,66040,0872,069052,F498,http://www.comuni-italiani.it/069/052/,base.state_it_ch,base.it,4
5962,Montelapiano,66040,0872,069053,F535,http://www.comuni-italiani.it/069/053/,base.state_it_ch,base.it,4
5963,Montenerodomo,66010,0872,069054,F578,http://www.comuni-italiani.it/069/054/,base.state_it_ch,base.it,4
5964,Monteodorisio,66050,0873,069055,F582,http://www.comuni-italiani.it/069/055/,base.state_it_ch,base.it,4
5965,Mozzagrogna,66030,0872,069056,F785,http://www.comuni-italiani.it/069/056/,base.state_it_ch,base.it,4
5966,Orsogna,66036,0871,069057,G128,http://www.comuni-italiani.it/069/057/,base.state_it_ch,base.it,4
5967,Ortona,66026,085,069058,G141,http://www.comuni-italiani.it/069/058/,base.state_it_ch,base.it,4
5968,Paglieta,66020,0872,069059,G237,http://www.comuni-italiani.it/069/059/,base.state_it_ch,base.it,4
5969,Palena,66017,0872,069060,G271,http://www.comuni-italiani.it/069/060/,base.state_it_ch,base.it,4
5970,Palmoli,66050,0873,069061,G290,http://www.comuni-italiani.it/069/061/,base.state_it_ch,base.it,4
5971,Palombaro,66010,0871,069062,G294,http://www.comuni-italiani.it/069/062/,base.state_it_ch,base.it,4
5972,Pennadomo,66040,0872,069063,G434,http://www.comuni-italiani.it/069/063/,base.state_it_ch,base.it,4
5973,Pennapiedimonte,66010,0871,069064,G435,http://www.comuni-italiani.it/069/064/,base.state_it_ch,base.it,4
5974,Perano,66040,0872,069065,G441,http://www.comuni-italiani.it/069/065/,base.state_it_ch,base.it,4
5975,Pizzoferrato,66040,0872,069066,G724,http://www.comuni-italiani.it/069/066/,base.state_it_ch,base.it,4
5976,Poggiofiorito,66030,0871,069067,G760,http://www.comuni-italiani.it/069/067/,base.state_it_ch,base.it,4
5977,Pollutri,66020,0873,069068,G799,http://www.comuni-italiani.it/069/068/,base.state_it_ch,base.it,4
5978,Pretoro,66010,0871,069069,H052,http://www.comuni-italiani.it/069/069/,base.state_it_ch,base.it,4
5979,Quadri,66040,0872,069070,H098,http://www.comuni-italiani.it/069/070/,base.state_it_ch,base.it,4
5980,Rapino,66010,0871,069071,H184,http://www.comuni-italiani.it/069/071/,base.state_it_ch,base.it,4
5981,Ripa Teatina,66010,0871,069072,H320,http://www.comuni-italiani.it/069/072/,base.state_it_ch,base.it,4
5982,Roccamontepiano,66010,0871,069073,H424,http://www.comuni-italiani.it/069/073/,base.state_it_ch,base.it,4
5983,Rocca San Giovanni,66020,0872,069074,H439,http://www.comuni-italiani.it/069/074/,base.state_it_ch,base.it,4
5984,Roccascalegna,66040,0872,069075,H442,http://www.comuni-italiani.it/069/075/,base.state_it_ch,base.it,4
5985,Roccaspinalveti,66050,0873,069076,H448,http://www.comuni-italiani.it/069/076/,base.state_it_ch,base.it,4
5986,Roio del Sangro,66040,0872,069077,H495,http://www.comuni-italiani.it/069/077/,base.state_it_ch,base.it,4
5987,Rosello,66040,0872,069078,H566,http://www.comuni-italiani.it/069/078/,base.state_it_ch,base.it,4
5988,San Buono,66050,0873,069079,H784,http://www.comuni-italiani.it/069/079/,base.state_it_ch,base.it,4
5989,San Giovanni Lipioni,66050,0873,069080,H923,http://www.comuni-italiani.it/069/080/,base.state_it_ch,base.it,4
5990,San Giovanni Teatino,66020,085,069081,D690,http://www.comuni-italiani.it/069/081/,base.state_it_ch,base.it,4
5991,San Martino sulla Marrucina,66010,0871,069082,H991,http://www.comuni-italiani.it/069/082/,base.state_it_ch,base.it,4
5992,San Salvo,66050,0873,069083,I148,http://www.comuni-italiani.it/069/083/,base.state_it_ch,base.it,4
5993,Santa Maria Imbaro,66030,0872,069084,I244,http://www.comuni-italiani.it/069/084/,base.state_it_ch,base.it,4
5994,Sant'Eusanio del Sangro,66037,0872,069085,I335,http://www.comuni-italiani.it/069/085/,base.state_it_ch,base.it,4
5995,San Vito Chietino,66038,0872,069086,I394,http://www.comuni-italiani.it/069/086/,base.state_it_ch,base.it,4
5996,Scerni,66020,0873,069087,I520,http://www.comuni-italiani.it/069/087/,base.state_it_ch,base.it,4
5997,Schiavi di Abruzzo,66045,0873,069088,I526,http://www.comuni-italiani.it/069/088/,base.state_it_ch,base.it,4
5998,Taranta Peligna,66018,0872,069089,L047,http://www.comuni-italiani.it/069/089/,base.state_it_ch,base.it,4
5999,Tollo,66010,0871,069090,L194,http://www.comuni-italiani.it/069/090/,base.state_it_ch,base.it,4
6000,Torino di Sangro,66020,0873,069091,L218,http://www.comuni-italiani.it/069/091/,base.state_it_ch,base.it,4
6001,Tornareccio,66046,0872,069092,L224,http://www.comuni-italiani.it/069/092/,base.state_it_ch,base.it,4
6002,Torrebruna,66050,0873,069093,L253,http://www.comuni-italiani.it/069/093/,base.state_it_ch,base.it,4
6003,Torrevecchia Teatina,66010,0871,069094,L284,http://www.comuni-italiani.it/069/094/,base.state_it_ch,base.it,4
6004,Torricella Peligna,66019,0872,069095,L291,http://www.comuni-italiani.it/069/095/,base.state_it_ch,base.it,4
6005,Treglio,66030,0872,069096,L363,http://www.comuni-italiani.it/069/096/,base.state_it_ch,base.it,4
6006,Tufillo,66050,0873,069097,L459,http://www.comuni-italiani.it/069/097/,base.state_it_ch,base.it,4
6007,Vacri,66010,0871,069098,L526,http://www.comuni-italiani.it/069/098/,base.state_it_ch,base.it,4
6008,Vasto,66054,0873,069099,E372,http://www.comuni-italiani.it/069/099/,base.state_it_ch,base.it,4
6009,Villalfonsina,66020,0873,069100,L961,http://www.comuni-italiani.it/069/100/,base.state_it_ch,base.it,4
6010,Villamagna,66010,0871,069101,L964,http://www.comuni-italiani.it/069/101/,base.state_it_ch,base.it,4
6011,Villa Santa Maria,66047,0872,069102,M022,http://www.comuni-italiani.it/069/102/,base.state_it_ch,base.it,4
6012,Pietraferrazzana,66040,0872,069103,G613,http://www.comuni-italiani.it/069/103/,base.state_it_ch,base.it,4
6013,Fallo,66040,0872,069104,D480,http://www.comuni-italiani.it/069/104/,base.state_it_ch,base.it,4
6014,Acquaviva Collecroce,86030,0875,070001,A050,http://www.comuni-italiani.it/070/001/,base.state_it_cb,base.it,4
6015,Baranello,86011,0874,070002,A616,http://www.comuni-italiani.it/070/002/,base.state_it_cb,base.it,4
6016,Bojano,86021,0874,070003,A930,http://www.comuni-italiani.it/070/003/,base.state_it_cb,base.it,4
6017,Bonefro,86041,0874,070004,A971,http://www.comuni-italiani.it/070/004/,base.state_it_cb,base.it,4
6018,Busso,86010,0874,070005,B295,http://www.comuni-italiani.it/070/005/,base.state_it_cb,base.it,4
6019,Campobasso,86100,0874,070006,B519,http://www.comuni-italiani.it/070/006/,base.state_it_cb,base.it,4
6020,Campochiaro,86020,0874,070007,B522,http://www.comuni-italiani.it/070/007/,base.state_it_cb,base.it,4
6021,Campodipietra,86010,0874,070008,B528,http://www.comuni-italiani.it/070/008/,base.state_it_cb,base.it,4
6022,Campolieto,86040,0874,070009,B544,http://www.comuni-italiani.it/070/009/,base.state_it_cb,base.it,4
6023,Campomarino,86042,0875,070010,B550,http://www.comuni-italiani.it/070/010/,base.state_it_cb,base.it,4
6024,Casacalenda,86043,0874,070011,B858,http://www.comuni-italiani.it/070/011/,base.state_it_cb,base.it,4
6025,Casalciprano,86010,0874,070012,B871,http://www.comuni-italiani.it/070/012/,base.state_it_cb,base.it,4
6026,Castelbottaccio,86030,0874,070013,C066,http://www.comuni-italiani.it/070/013/,base.state_it_cb,base.it,4
6027,Castellino del Biferno,86020,0874,070014,C175,http://www.comuni-italiani.it/070/014/,base.state_it_cb,base.it,4
6028,Castelmauro,86031,0874,070015,C197,http://www.comuni-italiani.it/070/015/,base.state_it_cb,base.it,4
6029,Castropignano,86010,0874,070016,C346,http://www.comuni-italiani.it/070/016/,base.state_it_cb,base.it,4
6030,Cercemaggiore,86012,0874,070017,C486,http://www.comuni-italiani.it/070/017/,base.state_it_cb,base.it,4
6031,Cercepiccola,86010,0874,070018,C488,http://www.comuni-italiani.it/070/018/,base.state_it_cb,base.it,4
6032,Civitacampomarano,86030,0874,070019,C764,http://www.comuni-italiani.it/070/019/,base.state_it_cb,base.it,4
6033,Colle d'Anchise,86020,0874,070020,C854,http://www.comuni-italiani.it/070/020/,base.state_it_cb,base.it,4
6034,Colletorto,86044,0874,070021,C875,http://www.comuni-italiani.it/070/021/,base.state_it_cb,base.it,4
6035,Duronia,86020,0874,070022,C772,http://www.comuni-italiani.it/070/022/,base.state_it_cb,base.it,4
6036,Ferrazzano,86010,0874,070023,D550,http://www.comuni-italiani.it/070/023/,base.state_it_cb,base.it,4
6037,Fossalto,86020,0874,070024,D737,http://www.comuni-italiani.it/070/024/,base.state_it_cb,base.it,4
6038,Gambatesa,86013,0874,070025,D896,http://www.comuni-italiani.it/070/025/,base.state_it_cb,base.it,4
6039,Gildone,86010,0874,070026,E030,http://www.comuni-italiani.it/070/026/,base.state_it_cb,base.it,4
6040,Guardialfiera,86030,0874,070027,E244,http://www.comuni-italiani.it/070/027/,base.state_it_cb,base.it,4
6041,Guardiaregia,86014,0874,070028,E248,http://www.comuni-italiani.it/070/028/,base.state_it_cb,base.it,4
6042,Guglionesi,86034,0875,070029,E259,http://www.comuni-italiani.it/070/029/,base.state_it_cb,base.it,4
6043,Jelsi,86015,0874,070030,E381,http://www.comuni-italiani.it/070/030/,base.state_it_cb,base.it,4
6044,Larino,86035,0874,070031,E456,http://www.comuni-italiani.it/070/031/,base.state_it_cb,base.it,4
6045,Limosano,86022,0874,070032,E599,http://www.comuni-italiani.it/070/032/,base.state_it_cb,base.it,4
6046,Lucito,86030,0874,070033,E722,http://www.comuni-italiani.it/070/033/,base.state_it_cb,base.it,4
6047,Lupara,86030,0874,070034,E748,http://www.comuni-italiani.it/070/034/,base.state_it_cb,base.it,4
6048,Macchia Valfortore,86040,0874,070035,E780,http://www.comuni-italiani.it/070/035/,base.state_it_cb,base.it,4
6049,Mafalda,86030,0875,070036,E799,http://www.comuni-italiani.it/070/036/,base.state_it_cb,base.it,4
6050,Matrice,86030,0874,070037,F055,http://www.comuni-italiani.it/070/037/,base.state_it_cb,base.it,4
6051,Mirabello Sannitico,86010,0874,070038,F233,http://www.comuni-italiani.it/070/038/,base.state_it_cb,base.it,4
6052,Molise,86020,0874,070039,F294,http://www.comuni-italiani.it/070/039/,base.state_it_cb,base.it,4
6053,Monacilioni,86040,0874,070040,F322,http://www.comuni-italiani.it/070/040/,base.state_it_cb,base.it,4
6054,Montagano,86023,0874,070041,F391,http://www.comuni-italiani.it/070/041/,base.state_it_cb,base.it,4
6055,Montecilfone,86032,0875,070042,F475,http://www.comuni-italiani.it/070/042/,base.state_it_cb,base.it,4
6056,Montefalcone nel Sannio,86033,0874,070043,F495,http://www.comuni-italiani.it/070/043/,base.state_it_cb,base.it,4
6057,Montelongo,86040,0874,070044,F548,http://www.comuni-italiani.it/070/044/,base.state_it_cb,base.it,4
6058,Montemitro,86030,0874,070045,F569,http://www.comuni-italiani.it/070/045/,base.state_it_cb,base.it,4
6059,Montenero di Bisaccia,86036,0875,070046,F576,http://www.comuni-italiani.it/070/046/,base.state_it_cb,base.it,4
6060,Montorio nei Frentani,86040,0874,070047,F689,http://www.comuni-italiani.it/070/047/,base.state_it_cb,base.it,4
6061,Morrone del Sannio,86040,0874,070048,F748,http://www.comuni-italiani.it/070/048/,base.state_it_cb,base.it,4
6062,Oratino,86010,0874,070049,G086,http://www.comuni-italiani.it/070/049/,base.state_it_cb,base.it,4
6063,Palata,86037,0875,070050,G257,http://www.comuni-italiani.it/070/050/,base.state_it_cb,base.it,4
6064,Petacciato,86038,0875,070051,G506,http://www.comuni-italiani.it/070/051/,base.state_it_cb,base.it,4
6065,Petrella Tifernina,86024,0874,070052,G512,http://www.comuni-italiani.it/070/052/,base.state_it_cb,base.it,4
6066,Pietracatella,86040,0874,070053,G609,http://www.comuni-italiani.it/070/053/,base.state_it_cb,base.it,4
6067,Pietracupa,86020,0874,070054,G610,http://www.comuni-italiani.it/070/054/,base.state_it_cb,base.it,4
6068,Portocannone,86045,0875,070055,G910,http://www.comuni-italiani.it/070/055/,base.state_it_cb,base.it,4
6069,Provvidenti,86040,0874,070056,H083,http://www.comuni-italiani.it/070/056/,base.state_it_cb,base.it,4
6070,Riccia,86016,0874,070057,H273,http://www.comuni-italiani.it/070/057/,base.state_it_cb,base.it,4
6071,Ripabottoni,86040,0874,070058,H311,http://www.comuni-italiani.it/070/058/,base.state_it_cb,base.it,4
6072,Ripalimosani,86025,0874,070059,H313,http://www.comuni-italiani.it/070/059/,base.state_it_cb,base.it,4
6073,Roccavivara,86020,0874,070060,H454,http://www.comuni-italiani.it/070/060/,base.state_it_cb,base.it,4
6074,Rotello,86040,0874,070061,H589,http://www.comuni-italiani.it/070/061/,base.state_it_cb,base.it,4
6075,Salcito,86026,0874,070062,H693,http://www.comuni-italiani.it/070/062/,base.state_it_cb,base.it,4
6076,San Biase,86020,0874,070063,H782,http://www.comuni-italiani.it/070/063/,base.state_it_cb,base.it,4
6077,San Felice del Molise,86030,0874,070064,H833,http://www.comuni-italiani.it/070/064/,base.state_it_cb,base.it,4
6078,San Giacomo degli Schiavoni,86030,0875,070065,H867,http://www.comuni-italiani.it/070/065/,base.state_it_cb,base.it,4
6079,San Giovanni in Galdo,86010,0874,070066,H920,http://www.comuni-italiani.it/070/066/,base.state_it_cb,base.it,4
6080,San Giuliano del Sannio,86010,0874,070067,H928,http://www.comuni-italiani.it/070/067/,base.state_it_cb,base.it,4
6081,San Giuliano di Puglia,86040,0874,070068,H929,http://www.comuni-italiani.it/070/068/,base.state_it_cb,base.it,4
6082,San Martino in Pensilis,86046,0875,070069,H990,http://www.comuni-italiani.it/070/069/,base.state_it_cb,base.it,4
6083,San Massimo,86027,0874,070070,I023,http://www.comuni-italiani.it/070/070/,base.state_it_cb,base.it,4
6084,San Polo Matese,86020,0874,070071,I122,http://www.comuni-italiani.it/070/071/,base.state_it_cb,base.it,4
6085,Santa Croce di Magliano,86047,0874,070072,I181,http://www.comuni-italiani.it/070/072/,base.state_it_cb,base.it,4
6086,Sant'Angelo Limosano,86020,0874,070073,I289,http://www.comuni-italiani.it/070/073/,base.state_it_cb,base.it,4
6087,Sant'Elia a Pianisi,86048,0874,070074,I320,http://www.comuni-italiani.it/070/074/,base.state_it_cb,base.it,4
6088,Sepino,86017,0874,070075,I618,http://www.comuni-italiani.it/070/075/,base.state_it_cb,base.it,4
6089,Spinete,86020,0874,070076,I910,http://www.comuni-italiani.it/070/076/,base.state_it_cb,base.it,4
6090,Tavenna,86030,0875,070077,L069,http://www.comuni-italiani.it/070/077/,base.state_it_cb,base.it,4
6091,Termoli,86039,0875,070078,L113,http://www.comuni-italiani.it/070/078/,base.state_it_cb,base.it,4
6092,Torella del Sannio,86028,0874,070079,L215,http://www.comuni-italiani.it/070/079/,base.state_it_cb,base.it,4
6093,Toro,86018,0874,070080,L230,http://www.comuni-italiani.it/070/080/,base.state_it_cb,base.it,4
6094,Trivento,86029,0874,070081,L435,http://www.comuni-italiani.it/070/081/,base.state_it_cb,base.it,4
6095,Tufara,86010,0874,070082,L458,http://www.comuni-italiani.it/070/082/,base.state_it_cb,base.it,4
6096,Ururi,86049,0874,070083,L505,http://www.comuni-italiani.it/070/083/,base.state_it_cb,base.it,4
6097,Vinchiaturo,86019,0874,070084,M057,http://www.comuni-italiani.it/070/084/,base.state_it_cb,base.it,4
6098,Accadia,71021,0881,071001,A015,http://www.comuni-italiani.it/071/001/,base.state_it_fg,base.it,4
6099,Alberona,71031,0881,071002,A150,http://www.comuni-italiani.it/071/002/,base.state_it_fg,base.it,4
6100,Anzano di Puglia,71020,0881,071003,A320,http://www.comuni-italiani.it/071/003/,base.state_it_fg,base.it,4
6101,Apricena,71011,0882,071004,A339,http://www.comuni-italiani.it/071/004/,base.state_it_fg,base.it,4
6102,Ascoli Satriano,71022,0885,071005,A463,http://www.comuni-italiani.it/071/005/,base.state_it_fg,base.it,4
6103,Biccari,71032,0881,071006,A854,http://www.comuni-italiani.it/071/006/,base.state_it_fg,base.it,4
6104,Bovino,71023,0881,071007,B104,http://www.comuni-italiani.it/071/007/,base.state_it_fg,base.it,4
6105,Cagnano Varano,71010,0884,071008,B357,http://www.comuni-italiani.it/071/008/,base.state_it_fg,base.it,4
6106,Candela,71024,0885,071009,B584,http://www.comuni-italiani.it/071/009/,base.state_it_fg,base.it,4
6107,Carapelle,71041,0885,071010,B724,http://www.comuni-italiani.it/071/010/,base.state_it_fg,base.it,4
6108,Carlantino,71030,0881,071011,B784,http://www.comuni-italiani.it/071/011/,base.state_it_fg,base.it,4
6109,Carpino,71010,0884,071012,B829,http://www.comuni-italiani.it/071/012/,base.state_it_fg,base.it,4
6110,Casalnuovo Monterotaro,71033,0881,071013,B904,http://www.comuni-italiani.it/071/013/,base.state_it_fg,base.it,4
6111,Casalvecchio di Puglia,71030,0881,071014,B917,http://www.comuni-italiani.it/071/014/,base.state_it_fg,base.it,4
6112,Castelluccio dei Sauri,71025,0881,071015,C198,http://www.comuni-italiani.it/071/015/,base.state_it_fg,base.it,4
6113,Castelluccio Valmaggiore,71020,0881,071016,C202,http://www.comuni-italiani.it/071/016/,base.state_it_fg,base.it,4
6114,Castelnuovo della Daunia,71034,0881,071017,C222,http://www.comuni-italiani.it/071/017/,base.state_it_fg,base.it,4
6115,Celenza Valfortore,71035,0881,071018,C429,http://www.comuni-italiani.it/071/018/,base.state_it_fg,base.it,4
6116,Celle di San Vito,71020,0881,071019,C442,http://www.comuni-italiani.it/071/019/,base.state_it_fg,base.it,4
6117,Cerignola,71042,0885,071020,C514,http://www.comuni-italiani.it/071/020/,base.state_it_fg,base.it,4
6118,Chieuti,71010,0882,071021,C633,http://www.comuni-italiani.it/071/021/,base.state_it_fg,base.it,4
6119,Deliceto,71026,0881,071022,D269,http://www.comuni-italiani.it/071/022/,base.state_it_fg,base.it,4
6120,Faeto,71020,0881,071023,D459,http://www.comuni-italiani.it/071/023/,base.state_it_fg,base.it,4
6121,Foggia,7112%,0881,071024,D643,http://www.comuni-italiani.it/071/024/,base.state_it_fg,base.it,4
6122,Ischitella,71010,0884,071025,E332,http://www.comuni-italiani.it/071/025/,base.state_it_fg,base.it,4
6123,Isole Tremiti,71040,0882,071026,E363,http://www.comuni-italiani.it/071/026/,base.state_it_fg,base.it,4
6124,Lesina,71010,0882,071027,E549,http://www.comuni-italiani.it/071/027/,base.state_it_fg,base.it,4
6125,Lucera,71036,0881,071028,E716,http://www.comuni-italiani.it/071/028/,base.state_it_fg,base.it,4
6126,Manfredonia,71043,0884,071029,E885,http://www.comuni-italiani.it/071/029/,base.state_it_fg,base.it,4
6128,Mattinata,71030,0884,071031,F059,http://www.comuni-italiani.it/071/031/,base.state_it_fg,base.it,4
6129,Monteleone di Puglia,71020,0881,071032,F538,http://www.comuni-italiani.it/071/032/,base.state_it_fg,base.it,4
6130,Monte Sant'Angelo,71037,0884,071033,F631,http://www.comuni-italiani.it/071/033/,base.state_it_fg,base.it,4
6131,Motta Montecorvino,71030,0881,071034,F777,http://www.comuni-italiani.it/071/034/,base.state_it_fg,base.it,4
6132,Orsara di Puglia,71027,0881,071035,G125,http://www.comuni-italiani.it/071/035/,base.state_it_fg,base.it,4
6133,Orta Nova,71045,0885,071036,G131,http://www.comuni-italiani.it/071/036/,base.state_it_fg,base.it,4
6134,Panni,71020,0881,071037,G312,http://www.comuni-italiani.it/071/037/,base.state_it_fg,base.it,4
6135,Peschici,71010,0884,071038,G487,http://www.comuni-italiani.it/071/038/,base.state_it_fg,base.it,4
6136,Pietramontecorvino,71038,0881,071039,G604,http://www.comuni-italiani.it/071/039/,base.state_it_fg,base.it,4
6137,Poggio Imperiale,71010,0882,071040,G761,http://www.comuni-italiani.it/071/040/,base.state_it_fg,base.it,4
6138,Rignano Garganico,71010,0882,071041,H287,http://www.comuni-italiani.it/071/041/,base.state_it_fg,base.it,4
6139,Rocchetta Sant'Antonio,71020,0885,071042,H467,http://www.comuni-italiani.it/071/042/,base.state_it_fg,base.it,4
6140,Rodi Garganico,71012,0884,071043,H480,http://www.comuni-italiani.it/071/043/,base.state_it_fg,base.it,4
6141,Roseto Valfortore,71039,0881,071044,H568,http://www.comuni-italiani.it/071/044/,base.state_it_fg,base.it,4
6143,San Giovanni Rotondo,71013,0882,071046,H926,http://www.comuni-italiani.it/071/046/,base.state_it_fg,base.it,4
6144,San Marco in Lamis,71014,0882,071047,H985,http://www.comuni-italiani.it/071/047/,base.state_it_fg,base.it,4
6145,San Marco la Catola,71030,0881,071048,H986,http://www.comuni-italiani.it/071/048/,base.state_it_fg,base.it,4
6146,San Nicandro Garganico,71015,0882,071049,I054,http://www.comuni-italiani.it/071/049/,base.state_it_fg,base.it,4
6147,San Paolo di Civitate,71010,0882,071050,I072,http://www.comuni-italiani.it/071/050/,base.state_it_fg,base.it,4
6148,San Severo,71016,0882,071051,I158,http://www.comuni-italiani.it/071/051/,base.state_it_fg,base.it,4
6149,Sant'Agata di Puglia,71028,0881,071052,I193,http://www.comuni-italiani.it/071/052/,base.state_it_fg,base.it,4
6150,Serracapriola,71010,0882,071053,I641,http://www.comuni-italiani.it/071/053/,base.state_it_fg,base.it,4
6151,Stornara,71047,0885,071054,I962,http://www.comuni-italiani.it/071/054/,base.state_it_fg,base.it,4
6152,Stornarella,71048,0885,071055,I963,http://www.comuni-italiani.it/071/055/,base.state_it_fg,base.it,4
6153,Torremaggiore,71017,0882,071056,L273,http://www.comuni-italiani.it/071/056/,base.state_it_fg,base.it,4
6155,Troia,71029,0881,071058,L447,http://www.comuni-italiani.it/071/058/,base.state_it_fg,base.it,4
6156,Vico del Gargano,71018,0884,071059,L842,http://www.comuni-italiani.it/071/059/,base.state_it_fg,base.it,4
6157,Vieste,71019,0884,071060,L858,http://www.comuni-italiani.it/071/060/,base.state_it_fg,base.it,4
6158,Volturara Appula,71030,0881,071061,M131,http://www.comuni-italiani.it/071/061/,base.state_it_fg,base.it,4
6159,Volturino,71030,0881,071062,M132,http://www.comuni-italiani.it/071/062/,base.state_it_fg,base.it,4
6160,Ordona,71040,0885,071063,M266,http://www.comuni-italiani.it/071/063/,base.state_it_fg,base.it,4
6161,Zapponeta,71030,0884,071064,M267,http://www.comuni-italiani.it/071/064/,base.state_it_fg,base.it,4
6162,Acquaviva delle Fonti,70021,080,072001,A048,http://www.comuni-italiani.it/072/001/,base.state_it_ba,base.it,4
6163,Adelfia,70010,080,072002,A055,http://www.comuni-italiani.it/072/002/,base.state_it_ba,base.it,4
6164,Alberobello,70011,080,072003,A149,http://www.comuni-italiani.it/072/003/,base.state_it_ba,base.it,4
6165,Altamura,70022,080,072004,A225,http://www.comuni-italiani.it/072/004/,base.state_it_ba,base.it,4
6167,Bari,701%%,080,072006,A662,http://www.comuni-italiani.it/072/006/,base.state_it_ba,base.it,4
6169,Binetto,70020,080,072008,A874,http://www.comuni-italiani.it/072/008/,base.state_it_ba,base.it,4
6171,Bitetto,70020,080,072010,A892,http://www.comuni-italiani.it/072/010/,base.state_it_ba,base.it,4
6172,Bitonto,70032,080,072011,A893,http://www.comuni-italiani.it/072/011/,base.state_it_ba,base.it,4
6173,Bitritto,70020,080,072012,A894,http://www.comuni-italiani.it/072/012/,base.state_it_ba,base.it,4
6175,Capurso,70010,080,072014,B716,http://www.comuni-italiani.it/072/014/,base.state_it_ba,base.it,4
6176,Casamassima,70010,080,072015,B923,http://www.comuni-italiani.it/072/015/,base.state_it_ba,base.it,4
6177,Cassano delle Murge,70020,080,072016,B998,http://www.comuni-italiani.it/072/016/,base.state_it_ba,base.it,4
6178,Castellana Grotte,70013,080,072017,C134,http://www.comuni-italiani.it/072/017/,base.state_it_ba,base.it,4
6179,Cellamare,70010,080,072018,C436,http://www.comuni-italiani.it/072/018/,base.state_it_ba,base.it,4
6180,Conversano,70014,080,072019,C975,http://www.comuni-italiani.it/072/019/,base.state_it_ba,base.it,4
6181,Corato,70033,080,072020,C983,http://www.comuni-italiani.it/072/020/,base.state_it_ba,base.it,4
6182,Gioia del Colle,70023,080,072021,E038,http://www.comuni-italiani.it/072/021/,base.state_it_ba,base.it,4
6183,Giovinazzo,70054,080,072022,E047,http://www.comuni-italiani.it/072/022/,base.state_it_ba,base.it,4
6184,Gravina in Puglia,70024,080,072023,E155,http://www.comuni-italiani.it/072/023/,base.state_it_ba,base.it,4
6185,Grumo Appula,70025,080,072024,E223,http://www.comuni-italiani.it/072/024/,base.state_it_ba,base.it,4
6186,Locorotondo,70010,080,072025,E645,http://www.comuni-italiani.it/072/025/,base.state_it_ba,base.it,4
6188,Modugno,70026,080,072027,F262,http://www.comuni-italiani.it/072/027/,base.state_it_ba,base.it,4
6189,Mola di Bari,70042,080,072028,F280,http://www.comuni-italiani.it/072/028/,base.state_it_ba,base.it,4
6190,Molfetta,70056,080,072029,F284,http://www.comuni-italiani.it/072/029/,base.state_it_ba,base.it,4
6191,Monopoli,70043,080,072030,F376,http://www.comuni-italiani.it/072/030/,base.state_it_ba,base.it,4
6192,Noci,70015,080,072031,F915,http://www.comuni-italiani.it/072/031/,base.state_it_ba,base.it,4
6193,Noicattaro,70016,080,072032,F923,http://www.comuni-italiani.it/072/032/,base.state_it_ba,base.it,4
6194,Palo del Colle,70027,080,072033,G291,http://www.comuni-italiani.it/072/033/,base.state_it_ba,base.it,4
6195,Poggiorsini,70020,080,072034,G769,http://www.comuni-italiani.it/072/034/,base.state_it_ba,base.it,4
6196,Polignano a Mare,70044,080,072035,G787,http://www.comuni-italiani.it/072/035/,base.state_it_ba,base.it,4
6197,Putignano,70017,080,072036,H096,http://www.comuni-italiani.it/072/036/,base.state_it_ba,base.it,4
6198,Rutigliano,70018,080,072037,H643,http://www.comuni-italiani.it/072/037/,base.state_it_ba,base.it,4
6199,Ruvo di Puglia,70037,080,072038,H645,http://www.comuni-italiani.it/072/038/,base.state_it_ba,base.it,4
6200,Sammichele di Bari,70010,080,072039,H749,http://www.comuni-italiani.it/072/039/,base.state_it_ba,base.it,4
6201,Sannicandro di Bari,70028,080,072040,I053,http://www.comuni-italiani.it/072/040/,base.state_it_ba,base.it,4
6202,Santeramo in Colle,70029,080,072041,I330,http://www.comuni-italiani.it/072/041/,base.state_it_ba,base.it,4
6204,Terlizzi,70038,080,072043,L109,http://www.comuni-italiani.it/072/043/,base.state_it_ba,base.it,4
6205,Toritto,70020,080,072044,L220,http://www.comuni-italiani.it/072/044/,base.state_it_ba,base.it,4
6207,Triggiano,70019,080,072046,L425,http://www.comuni-italiani.it/072/046/,base.state_it_ba,base.it,4
6208,Turi,70010,080,072047,L472,http://www.comuni-italiani.it/072/047/,base.state_it_ba,base.it,4
6209,Valenzano,70010,080,072048,L571,http://www.comuni-italiani.it/072/048/,base.state_it_ba,base.it,4
6210,Avetrana,74020,099,073001,A514,http://www.comuni-italiani.it/073/001/,base.state_it_ta,base.it,4
6211,Carosino,74021,099,073002,B808,http://www.comuni-italiani.it/073/002/,base.state_it_ta,base.it,4
6212,Castellaneta,74011,099,073003,C136,http://www.comuni-italiani.it/073/003/,base.state_it_ta,base.it,4
6213,Crispiano,74012,099,073004,D171,http://www.comuni-italiani.it/073/004/,base.state_it_ta,base.it,4
6214,Faggiano,74020,099,073005,D463,http://www.comuni-italiani.it/073/005/,base.state_it_ta,base.it,4
6215,Fragagnano,74022,099,073006,D754,http://www.comuni-italiani.it/073/006/,base.state_it_ta,base.it,4
6216,Ginosa,74013,099,073007,E036,http://www.comuni-italiani.it/073/007/,base.state_it_ta,base.it,4
6217,Grottaglie,74023,099,073008,E205,http://www.comuni-italiani.it/073/008/,base.state_it_ta,base.it,4
6218,Laterza,74014,099,073009,E469,http://www.comuni-italiani.it/073/009/,base.state_it_ta,base.it,4
6219,Leporano,74020,099,073010,E537,http://www.comuni-italiani.it/073/010/,base.state_it_ta,base.it,4
6220,Lizzano,74020,099,073011,E630,http://www.comuni-italiani.it/073/011/,base.state_it_ta,base.it,4
6221,Manduria,74024,099,073012,E882,http://www.comuni-italiani.it/073/012/,base.state_it_ta,base.it,4
6222,Martina Franca,74015,080,073013,E986,http://www.comuni-italiani.it/073/013/,base.state_it_ta,base.it,4
6223,Maruggio,74020,099,073014,E995,http://www.comuni-italiani.it/073/014/,base.state_it_ta,base.it,4
6224,Massafra,74016,099,073015,F027,http://www.comuni-italiani.it/073/015/,base.state_it_ta,base.it,4
6225,Monteiasi,74020,099,073016,F531,http://www.comuni-italiani.it/073/016/,base.state_it_ta,base.it,4
6226,Montemesola,74020,099,073017,F563,http://www.comuni-italiani.it/073/017/,base.state_it_ta,base.it,4
6227,Monteparano,74020,099,073018,F587,http://www.comuni-italiani.it/073/018/,base.state_it_ta,base.it,4
6228,Mottola,74017,099,073019,F784,http://www.comuni-italiani.it/073/019/,base.state_it_ta,base.it,4
6229,Palagianello,74018,099,073020,G251,http://www.comuni-italiani.it/073/020/,base.state_it_ta,base.it,4
6230,Palagiano,74019,099,073021,G252,http://www.comuni-italiani.it/073/021/,base.state_it_ta,base.it,4
6231,Pulsano,74026,099,073022,H090,http://www.comuni-italiani.it/073/022/,base.state_it_ta,base.it,4
6232,Roccaforzata,74020,099,073023,H409,http://www.comuni-italiani.it/073/023/,base.state_it_ta,base.it,4
6233,San Giorgio Ionico,74027,099,073024,H882,http://www.comuni-italiani.it/073/024/,base.state_it_ta,base.it,4
6234,San Marzano di San Giuseppe,74020,099,073025,I018,http://www.comuni-italiani.it/073/025/,base.state_it_ta,base.it,4
6235,Sava,74028,099,073026,I467,http://www.comuni-italiani.it/073/026/,base.state_it_ta,base.it,4
6236,Taranto,7412%,099,073027,L049,http://www.comuni-italiani.it/073/027/,base.state_it_ta,base.it,4
6237,Torricella,74020,099,073028,L294,http://www.comuni-italiani.it/073/028/,base.state_it_ta,base.it,4
6238,Statte,74010,099,073029,M298,http://www.comuni-italiani.it/073/029/,base.state_it_ta,base.it,4
6239,Brindisi,72100,0831,074001,B180,http://www.comuni-italiani.it/074/001/,base.state_it_br,base.it,4
6240,Carovigno,72012,0831,074002,B809,http://www.comuni-italiani.it/074/002/,base.state_it_br,base.it,4
6241,Ceglie Messapica,72013,0831,074003,C424,http://www.comuni-italiani.it/074/003/,base.state_it_br,base.it,4
6242,Cellino San Marco,72020,0831,074004,C448,http://www.comuni-italiani.it/074/004/,base.state_it_br,base.it,4
6243,Cisternino,72014,080,074005,C741,http://www.comuni-italiani.it/074/005/,base.state_it_br,base.it,4
6244,Erchie,72020,0831,074006,D422,http://www.comuni-italiani.it/074/006/,base.state_it_br,base.it,4
6245,Fasano,72015,080,074007,D508,http://www.comuni-italiani.it/074/007/,base.state_it_br,base.it,4
6246,Francavilla Fontana,72021,0831,074008,D761,http://www.comuni-italiani.it/074/008/,base.state_it_br,base.it,4
6247,Latiano,72022,0831,074009,E471,http://www.comuni-italiani.it/074/009/,base.state_it_br,base.it,4
6248,Mesagne,72023,0831,074010,F152,http://www.comuni-italiani.it/074/010/,base.state_it_br,base.it,4
6249,Oria,72024,0831,074011,G098,http://www.comuni-italiani.it/074/011/,base.state_it_br,base.it,4
6250,Ostuni,72017,0831,074012,G187,http://www.comuni-italiani.it/074/012/,base.state_it_br,base.it,4
6251,San Donaci,72025,0831,074013,H822,http://www.comuni-italiani.it/074/013/,base.state_it_br,base.it,4
6252,San Michele Salentino,72018,0831,074014,I045,http://www.comuni-italiani.it/074/014/,base.state_it_br,base.it,4
6253,San Pancrazio Salentino,72026,0831,074015,I066,http://www.comuni-italiani.it/074/015/,base.state_it_br,base.it,4
6254,San Pietro Vernotico,72027,0831,074016,I119,http://www.comuni-italiani.it/074/016/,base.state_it_br,base.it,4
6255,San Vito dei Normanni,72019,0831,074017,I396,http://www.comuni-italiani.it/074/017/,base.state_it_br,base.it,4
6256,Torchiarolo,72020,0831,074018,L213,http://www.comuni-italiani.it/074/018/,base.state_it_br,base.it,4
6257,Torre Santa Susanna,72028,0831,074019,L280,http://www.comuni-italiani.it/074/019/,base.state_it_br,base.it,4
6258,Villa Castelli,72029,0831,074020,L920,http://www.comuni-italiani.it/074/020/,base.state_it_br,base.it,4
6259,Acquarica del Capo,73040,0833,075001,A042,http://www.comuni-italiani.it/075/001/,base.state_it_le,base.it,4
6260,Alessano,73031,0833,075002,A184,http://www.comuni-italiani.it/075/002/,base.state_it_le,base.it,4
6261,Alezio,73011,0833,075003,A185,http://www.comuni-italiani.it/075/003/,base.state_it_le,base.it,4
6262,Alliste,73040,0833,075004,A208,http://www.comuni-italiani.it/075/004/,base.state_it_le,base.it,4
6263,Andrano,73032,0836,075005,A281,http://www.comuni-italiani.it/075/005/,base.state_it_le,base.it,4
6264,Aradeo,73040,0836,075006,A350,http://www.comuni-italiani.it/075/006/,base.state_it_le,base.it,4
6265,Arnesano,73010,0832,075007,A425,http://www.comuni-italiani.it/075/007/,base.state_it_le,base.it,4
6266,Bagnolo del Salento,73020,0836,075008,A572,http://www.comuni-italiani.it/075/008/,base.state_it_le,base.it,4
6267,Botrugno,73020,0836,075009,B086,http://www.comuni-italiani.it/075/009/,base.state_it_le,base.it,4
6268,Calimera,73021,0832,075010,B413,http://www.comuni-italiani.it/075/010/,base.state_it_le,base.it,4
6269,Campi Salentina,73012,0832,075011,B506,http://www.comuni-italiani.it/075/011/,base.state_it_le,base.it,4
6270,Cannole,73020,0836,075012,B616,http://www.comuni-italiani.it/075/012/,base.state_it_le,base.it,4
6271,Caprarica di Lecce,73010,0832,075013,B690,http://www.comuni-italiani.it/075/013/,base.state_it_le,base.it,4
6272,Carmiano,73041,0832,075014,B792,http://www.comuni-italiani.it/075/014/,base.state_it_le,base.it,4
6273,Carpignano Salentino,73020,0836,075015,B822,http://www.comuni-italiani.it/075/015/,base.state_it_le,base.it,4
6274,Casarano,73042,0833,075016,B936,http://www.comuni-italiani.it/075/016/,base.state_it_le,base.it,4
6275,Castri di Lecce,73020,0832,075017,C334,http://www.comuni-italiani.it/075/017/,base.state_it_le,base.it,4
6276,Castrignano de' Greci,73020,0836,075018,C335,http://www.comuni-italiani.it/075/018/,base.state_it_le,base.it,4
6277,Castrignano del Capo,73040,0833,075019,C336,http://www.comuni-italiani.it/075/019/,base.state_it_le,base.it,4
6278,Cavallino,73020,0832,075020,C377,http://www.comuni-italiani.it/075/020/,base.state_it_le,base.it,4
6279,Collepasso,73040,0833,075021,C865,http://www.comuni-italiani.it/075/021/,base.state_it_le,base.it,4
6280,Copertino,73043,0832,075022,C978,http://www.comuni-italiani.it/075/022/,base.state_it_le,base.it,4
6281,Corigliano d'Otranto,73022,0836,075023,D006,http://www.comuni-italiani.it/075/023/,base.state_it_le,base.it,4
6282,Corsano,73033,0833,075024,D044,http://www.comuni-italiani.it/075/024/,base.state_it_le,base.it,4
6283,Cursi,73020,0836,075025,D223,http://www.comuni-italiani.it/075/025/,base.state_it_le,base.it,4
6284,Cutrofiano,73020,0836,075026,D237,http://www.comuni-italiani.it/075/026/,base.state_it_le,base.it,4
6285,Diso,73030,0836,075027,D305,http://www.comuni-italiani.it/075/027/,base.state_it_le,base.it,4
6286,Gagliano del Capo,73034,0833,075028,D851,http://www.comuni-italiani.it/075/028/,base.state_it_le,base.it,4
6287,Galatina,73013,0836,075029,D862,http://www.comuni-italiani.it/075/029/,base.state_it_le,base.it,4
6288,Galatone,73044,0833,075030,D863,http://www.comuni-italiani.it/075/030/,base.state_it_le,base.it,4
6289,Gallipoli,73014,0833,075031,D883,http://www.comuni-italiani.it/075/031/,base.state_it_le,base.it,4
6290,Giuggianello,73030,0836,075032,E053,http://www.comuni-italiani.it/075/032/,base.state_it_le,base.it,4
6291,Giurdignano,73020,0836,075033,E061,http://www.comuni-italiani.it/075/033/,base.state_it_le,base.it,4
6292,Guagnano,73010,0832,075034,E227,http://www.comuni-italiani.it/075/034/,base.state_it_le,base.it,4
6293,Lecce,73100,0832,075035,E506,http://www.comuni-italiani.it/075/035/,base.state_it_le,base.it,4
6294,Lequile,73010,0832,075036,E538,http://www.comuni-italiani.it/075/036/,base.state_it_le,base.it,4
6295,Leverano,73045,0832,075037,E563,http://www.comuni-italiani.it/075/037/,base.state_it_le,base.it,4
6296,Lizzanello,73023,0832,075038,E629,http://www.comuni-italiani.it/075/038/,base.state_it_le,base.it,4
6297,Maglie,73024,0836,075039,E815,http://www.comuni-italiani.it/075/039/,base.state_it_le,base.it,4
6298,Martano,73025,0836,075040,E979,http://www.comuni-italiani.it/075/040/,base.state_it_le,base.it,4
6299,Martignano,73020,0832,075041,E984,http://www.comuni-italiani.it/075/041/,base.state_it_le,base.it,4
6300,Matino,73046,0833,075042,F054,http://www.comuni-italiani.it/075/042/,base.state_it_le,base.it,4
6301,Melendugno,73026,0832,075043,F101,http://www.comuni-italiani.it/075/043/,base.state_it_le,base.it,4
6302,Melissano,73040,0833,075044,F109,http://www.comuni-italiani.it/075/044/,base.state_it_le,base.it,4
6303,Melpignano,73020,0836,075045,F117,http://www.comuni-italiani.it/075/045/,base.state_it_le,base.it,4
6304,Miggiano,73035,0833,075046,F194,http://www.comuni-italiani.it/075/046/,base.state_it_le,base.it,4
6305,Minervino di Lecce,73027,0836,075047,F221,http://www.comuni-italiani.it/075/047/,base.state_it_le,base.it,4
6306,Monteroni di Lecce,73047,0832,075048,F604,http://www.comuni-italiani.it/075/048/,base.state_it_le,base.it,4
6307,Montesano Salentino,73030,0833,075049,F623,http://www.comuni-italiani.it/075/049/,base.state_it_le,base.it,4
6308,Morciano di Leuca,73040,0833,075050,F716,http://www.comuni-italiani.it/075/050/,base.state_it_le,base.it,4
6309,Muro Leccese,73036,0836,075051,F816,http://www.comuni-italiani.it/075/051/,base.state_it_le,base.it,4
6310,Nardò,73048,0833,075052,F842,http://www.comuni-italiani.it/075/052/,base.state_it_le,base.it,4
6311,Neviano,73040,0836,075053,F881,http://www.comuni-italiani.it/075/053/,base.state_it_le,base.it,4
6312,Nociglia,73020,0836,075054,F916,http://www.comuni-italiani.it/075/054/,base.state_it_le,base.it,4
6313,Novoli,73051,0832,075055,F970,http://www.comuni-italiani.it/075/055/,base.state_it_le,base.it,4
6314,Ortelle,73030,0836,075056,G136,http://www.comuni-italiani.it/075/056/,base.state_it_le,base.it,4
6315,Otranto,73028,0836,075057,G188,http://www.comuni-italiani.it/075/057/,base.state_it_le,base.it,4
6316,Palmariggi,73020,0836,075058,G285,http://www.comuni-italiani.it/075/058/,base.state_it_le,base.it,4
6317,Parabita,73052,0833,075059,G325,http://www.comuni-italiani.it/075/059/,base.state_it_le,base.it,4
6318,Patù,73053,0833,075060,G378,http://www.comuni-italiani.it/075/060/,base.state_it_le,base.it,4
6319,Poggiardo,73037,0836,075061,G751,http://www.comuni-italiani.it/075/061/,base.state_it_le,base.it,4
6320,Presicce,73054,0833,075062,H047,http://www.comuni-italiani.it/075/062/,base.state_it_le,base.it,4
6321,Racale,73055,0833,075063,H147,http://www.comuni-italiani.it/075/063/,base.state_it_le,base.it,4
6322,Ruffano,73049,0833,075064,H632,http://www.comuni-italiani.it/075/064/,base.state_it_le,base.it,4
6323,Salice Salentino,73015,0832,075065,H708,http://www.comuni-italiani.it/075/065/,base.state_it_le,base.it,4
6324,Salve,73050,0833,075066,H729,http://www.comuni-italiani.it/075/066/,base.state_it_le,base.it,4
6325,Sanarica,73030,0836,075067,H757,http://www.comuni-italiani.it/075/067/,base.state_it_le,base.it,4
6326,San Cesario di Lecce,73016,0832,075068,H793,http://www.comuni-italiani.it/075/068/,base.state_it_le,base.it,4
6327,San Donato di Lecce,73010,0832,075069,H826,http://www.comuni-italiani.it/075/069/,base.state_it_le,base.it,4
6328,Sannicola,73017,0833,075070,I059,http://www.comuni-italiani.it/075/070/,base.state_it_le,base.it,4
6329,San Pietro in Lama,73010,0832,075071,I115,http://www.comuni-italiani.it/075/071/,base.state_it_le,base.it,4
6330,Santa Cesarea Terme,73020,0836,075072,I172,http://www.comuni-italiani.it/075/072/,base.state_it_le,base.it,4
6331,Scorrano,73020,0836,075073,I549,http://www.comuni-italiani.it/075/073/,base.state_it_le,base.it,4
6332,Seclì,73050,0836,075074,I559,http://www.comuni-italiani.it/075/074/,base.state_it_le,base.it,4
6333,Sogliano Cavour,73010,0836,075075,I780,http://www.comuni-italiani.it/075/075/,base.state_it_le,base.it,4
6334,Soleto,73010,0836,075076,I800,http://www.comuni-italiani.it/075/076/,base.state_it_le,base.it,4
6335,Specchia,73040,0833,075077,I887,http://www.comuni-italiani.it/075/077/,base.state_it_le,base.it,4
6336,Spongano,73038,0836,075078,I923,http://www.comuni-italiani.it/075/078/,base.state_it_le,base.it,4
6337,Squinzano,73018,0832,075079,I930,http://www.comuni-italiani.it/075/079/,base.state_it_le,base.it,4
6338,Sternatia,73010,0836,075080,I950,http://www.comuni-italiani.it/075/080/,base.state_it_le,base.it,4
6339,Supersano,73040,0833,075081,L008,http://www.comuni-italiani.it/075/081/,base.state_it_le,base.it,4
6340,Surano,73030,0836,075082,L010,http://www.comuni-italiani.it/075/082/,base.state_it_le,base.it,4
6341,Surbo,73010,0832,075083,L011,http://www.comuni-italiani.it/075/083/,base.state_it_le,base.it,4
6342,Taurisano,73056,0833,075084,L064,http://www.comuni-italiani.it/075/084/,base.state_it_le,base.it,4
6343,Taviano,73057,0833,075085,L074,http://www.comuni-italiani.it/075/085/,base.state_it_le,base.it,4
6344,Tiggiano,73030,0833,075086,L166,http://www.comuni-italiani.it/075/086/,base.state_it_le,base.it,4
6345,Trepuzzi,73019,0832,075087,L383,http://www.comuni-italiani.it/075/087/,base.state_it_le,base.it,4
6346,Tricase,73039,0833,075088,L419,http://www.comuni-italiani.it/075/088/,base.state_it_le,base.it,4
6347,Tuglie,73058,0833,075089,L462,http://www.comuni-italiani.it/075/089/,base.state_it_le,base.it,4
6348,Ugento,73059,0833,075090,L484,http://www.comuni-italiani.it/075/090/,base.state_it_le,base.it,4
6349,Uggiano la Chiesa,73020,0836,075091,L485,http://www.comuni-italiani.it/075/091/,base.state_it_le,base.it,4
6350,Veglie,73010,0832,075092,L711,http://www.comuni-italiani.it/075/092/,base.state_it_le,base.it,4
6351,Vernole,73029,0832,075093,L776,http://www.comuni-italiani.it/075/093/,base.state_it_le,base.it,4
6352,Zollino,73010,0836,075094,M187,http://www.comuni-italiani.it/075/094/,base.state_it_le,base.it,4
6353,San Cassiano,73020,0836,075095,M264,http://www.comuni-italiani.it/075/095/,base.state_it_le,base.it,4
6354,Castro,73030,0836,075096,M261,http://www.comuni-italiani.it/075/096/,base.state_it_le,base.it,4
6355,Porto Cesareo,73010,0833,075097,M263,http://www.comuni-italiani.it/075/097/,base.state_it_le,base.it,4
6356,Abriola,85010,0971,076001,A013,http://www.comuni-italiani.it/076/001/,base.state_it_pz,base.it,4
6357,Acerenza,85011,0971,076002,A020,http://www.comuni-italiani.it/076/002/,base.state_it_pz,base.it,4
6358,Albano di Lucania,85010,0971,076003,A131,http://www.comuni-italiani.it/076/003/,base.state_it_pz,base.it,4
6359,Anzi,85010,0971,076004,A321,http://www.comuni-italiani.it/076/004/,base.state_it_pz,base.it,4
6360,Armento,85010,0971,076005,A415,http://www.comuni-italiani.it/076/005/,base.state_it_pz,base.it,4
6361,Atella,85020,0972,076006,A482,http://www.comuni-italiani.it/076/006/,base.state_it_pz,base.it,4
6362,Avigliano,85021,0971,076007,A519,http://www.comuni-italiani.it/076/007/,base.state_it_pz,base.it,4
6363,Balvano,85050,0971,076008,A604,http://www.comuni-italiani.it/076/008/,base.state_it_pz,base.it,4
6364,Banzi,85010,0971,076009,A612,http://www.comuni-italiani.it/076/009/,base.state_it_pz,base.it,4
6365,Baragiano,85050,0971,076010,A615,http://www.comuni-italiani.it/076/010/,base.state_it_pz,base.it,4
6366,Barile,85022,0972,076011,A666,http://www.comuni-italiani.it/076/011/,base.state_it_pz,base.it,4
6367,Bella,85051,0976,076012,A743,http://www.comuni-italiani.it/076/012/,base.state_it_pz,base.it,4
6368,Brienza,85050,0975,076013,B173,http://www.comuni-italiani.it/076/013/,base.state_it_pz,base.it,4
6369,Brindisi Montagna,85010,0971,076014,B181,http://www.comuni-italiani.it/076/014/,base.state_it_pz,base.it,4
6370,Calvello,85010,0971,076015,B440,http://www.comuni-italiani.it/076/015/,base.state_it_pz,base.it,4
6371,Calvera,85030,0973,076016,B443,http://www.comuni-italiani.it/076/016/,base.state_it_pz,base.it,4
6372,Campomaggiore,85010,0971,076017,B549,http://www.comuni-italiani.it/076/017/,base.state_it_pz,base.it,4
6373,Cancellara,85010,0971,076018,B580,http://www.comuni-italiani.it/076/018/,base.state_it_pz,base.it,4
6374,Carbone,85030,0973,076019,B743,http://www.comuni-italiani.it/076/019/,base.state_it_pz,base.it,4
6375,San Paolo Albanese,85030,0973,076020,B906,http://www.comuni-italiani.it/076/020/,base.state_it_pz,base.it,4
6376,Castelgrande,85050,0976,076021,C120,http://www.comuni-italiani.it/076/021/,base.state_it_pz,base.it,4
6377,Castelluccio Inferiore,85040,0973,076022,C199,http://www.comuni-italiani.it/076/022/,base.state_it_pz,base.it,4
6378,Castelluccio Superiore,85040,0973,076023,C201,http://www.comuni-italiani.it/076/023/,base.state_it_pz,base.it,4
6379,Castelmezzano,85010,0971,076024,C209,http://www.comuni-italiani.it/076/024/,base.state_it_pz,base.it,4
6380,Castelsaraceno,85031,0973,076025,C271,http://www.comuni-italiani.it/076/025/,base.state_it_pz,base.it,4
6381,Castronuovo di Sant'Andrea,85030,0973,076026,C345,http://www.comuni-italiani.it/076/026/,base.state_it_pz,base.it,4
6382,Cersosimo,85030,0973,076027,C539,http://www.comuni-italiani.it/076/027/,base.state_it_pz,base.it,4
6383,Chiaromonte,85032,0973,076028,C619,http://www.comuni-italiani.it/076/028/,base.state_it_pz,base.it,4
6384,Corleto Perticara,85012,0971,076029,D010,http://www.comuni-italiani.it/076/029/,base.state_it_pz,base.it,4
6385,Episcopia,85033,0973,076030,D414,http://www.comuni-italiani.it/076/030/,base.state_it_pz,base.it,4
6386,Fardella,85034,0973,076031,D497,http://www.comuni-italiani.it/076/031/,base.state_it_pz,base.it,4
6387,Filiano,85020,0971,076032,D593,http://www.comuni-italiani.it/076/032/,base.state_it_pz,base.it,4
6388,Forenza,85023,0971,076033,D696,http://www.comuni-italiani.it/076/033/,base.state_it_pz,base.it,4
6389,Francavilla in Sinni,85034,0973,076034,D766,http://www.comuni-italiani.it/076/034/,base.state_it_pz,base.it,4
6390,Gallicchio,85010,0971,076035,D876,http://www.comuni-italiani.it/076/035/,base.state_it_pz,base.it,4
6391,Genzano di Lucania,85013,0971,076036,D971,http://www.comuni-italiani.it/076/036/,base.state_it_pz,base.it,4
6392,Grumento Nova,85050,0975,076037,E221,http://www.comuni-italiani.it/076/037/,base.state_it_pz,base.it,4
6393,Guardia Perticara,85010,0971,076038,E246,http://www.comuni-italiani.it/076/038/,base.state_it_pz,base.it,4
6394,Lagonegro,85042,0973,076039,E409,http://www.comuni-italiani.it/076/039/,base.state_it_pz,base.it,4
6395,Latronico,85043,0973,076040,E474,http://www.comuni-italiani.it/076/040/,base.state_it_pz,base.it,4
6396,Laurenzana,85014,0971,076041,E482,http://www.comuni-italiani.it/076/041/,base.state_it_pz,base.it,4
6397,Lauria,85044,0973,076042,E483,http://www.comuni-italiani.it/076/042/,base.state_it_pz,base.it,4
6398,Lavello,85024,0972,076043,E493,http://www.comuni-italiani.it/076/043/,base.state_it_pz,base.it,4
6399,Maratea,85046,0973,076044,E919,http://www.comuni-italiani.it/076/044/,base.state_it_pz,base.it,4
6400,Marsico Nuovo,85052,0975,076045,E976,http://www.comuni-italiani.it/076/045/,base.state_it_pz,base.it,4
6401,Marsicovetere,85050,0975,076046,E977,http://www.comuni-italiani.it/076/046/,base.state_it_pz,base.it,4
6402,Maschito,85020,0972,076047,F006,http://www.comuni-italiani.it/076/047/,base.state_it_pz,base.it,4
6403,Melfi,85025,0972,076048,F104,http://www.comuni-italiani.it/076/048/,base.state_it_pz,base.it,4
6404,Missanello,85010,0971,076049,F249,http://www.comuni-italiani.it/076/049/,base.state_it_pz,base.it,4
6405,Moliterno,85047,0975,076050,F295,http://www.comuni-italiani.it/076/050/,base.state_it_pz,base.it,4
6406,Montemilone,85020,0972,076051,F568,http://www.comuni-italiani.it/076/051/,base.state_it_pz,base.it,4
6407,Montemurro,85053,0971,076052,F573,http://www.comuni-italiani.it/076/052/,base.state_it_pz,base.it,4
6408,Muro Lucano,85054,0976,076053,F817,http://www.comuni-italiani.it/076/053/,base.state_it_pz,base.it,4
6409,Nemoli,85040,0973,076054,F866,http://www.comuni-italiani.it/076/054/,base.state_it_pz,base.it,4
6410,Noepoli,85035,0973,076055,F917,http://www.comuni-italiani.it/076/055/,base.state_it_pz,base.it,4
6411,Oppido Lucano,85015,0971,076056,G081,http://www.comuni-italiani.it/076/056/,base.state_it_pz,base.it,4
6412,Palazzo San Gervasio,85026,0972,076057,G261,http://www.comuni-italiani.it/076/057/,base.state_it_pz,base.it,4
6413,Pescopagano,85020,0976,076058,G496,http://www.comuni-italiani.it/076/058/,base.state_it_pz,base.it,4
6414,Picerno,85055,0971,076059,G590,http://www.comuni-italiani.it/076/059/,base.state_it_pz,base.it,4
6415,Pietragalla,85016,0971,076060,G616,http://www.comuni-italiani.it/076/060/,base.state_it_pz,base.it,4
6416,Pietrapertosa,85010,0971,076061,G623,http://www.comuni-italiani.it/076/061/,base.state_it_pz,base.it,4
6417,Pignola,85010,0971,076062,G663,http://www.comuni-italiani.it/076/062/,base.state_it_pz,base.it,4
6418,Potenza,85100,0971,076063,G942,http://www.comuni-italiani.it/076/063/,base.state_it_pz,base.it,4
6419,Rapolla,85027,0972,076064,H186,http://www.comuni-italiani.it/076/064/,base.state_it_pz,base.it,4
6420,Rapone,85020,0976,076065,H187,http://www.comuni-italiani.it/076/065/,base.state_it_pz,base.it,4
6421,Rionero in Vulture,85028,0972,076066,H307,http://www.comuni-italiani.it/076/066/,base.state_it_pz,base.it,4
6422,Ripacandida,85020,0972,076067,H312,http://www.comuni-italiani.it/076/067/,base.state_it_pz,base.it,4
6423,Rivello,85040,0973,076068,H348,http://www.comuni-italiani.it/076/068/,base.state_it_pz,base.it,4
6424,Roccanova,85036,0973,076069,H426,http://www.comuni-italiani.it/076/069/,base.state_it_pz,base.it,4
6425,Rotonda,85048,0973,076070,H590,http://www.comuni-italiani.it/076/070/,base.state_it_pz,base.it,4
6426,Ruoti,85056,0971,076071,H641,http://www.comuni-italiani.it/076/071/,base.state_it_pz,base.it,4
6427,Ruvo del Monte,85020,0976,076072,H646,http://www.comuni-italiani.it/076/072/,base.state_it_pz,base.it,4
6428,San Chirico Nuovo,85010,0971,076073,H795,http://www.comuni-italiani.it/076/073/,base.state_it_pz,base.it,4
6429,San Chirico Raparo,85030,0973,076074,H796,http://www.comuni-italiani.it/076/074/,base.state_it_pz,base.it,4
6430,San Costantino Albanese,85030,0973,076075,H808,http://www.comuni-italiani.it/076/075/,base.state_it_pz,base.it,4
6431,San Fele,85020,0976,076076,H831,http://www.comuni-italiani.it/076/076/,base.state_it_pz,base.it,4
6432,San Martino d'Agri,85030,0973,076077,H994,http://www.comuni-italiani.it/076/077/,base.state_it_pz,base.it,4
6433,San Severino Lucano,85030,0973,076078,I157,http://www.comuni-italiani.it/076/078/,base.state_it_pz,base.it,4
6434,Sant'Angelo Le Fratte,85050,0975,076079,I288,http://www.comuni-italiani.it/076/079/,base.state_it_pz,base.it,4
6435,Sant'Arcangelo,85037,0973,076080,I305,http://www.comuni-italiani.it/076/080/,base.state_it_pz,base.it,4
6436,Sarconi,85050,0975,076081,I426,http://www.comuni-italiani.it/076/081/,base.state_it_pz,base.it,4
6437,Sasso di Castalda,85050,0975,076082,I457,http://www.comuni-italiani.it/076/082/,base.state_it_pz,base.it,4
6438,Satriano di Lucania,85050,0975,076083,G614,http://www.comuni-italiani.it/076/083/,base.state_it_pz,base.it,4
6439,Savoia di Lucania,85050,0971,076084,H730,http://www.comuni-italiani.it/076/084/,base.state_it_pz,base.it,4
6440,Senise,85038,0973,076085,I610,http://www.comuni-italiani.it/076/085/,base.state_it_pz,base.it,4
6441,Spinoso,85039,0971,076086,I917,http://www.comuni-italiani.it/076/086/,base.state_it_pz,base.it,4
6442,Teana,85032,0973,076087,L082,http://www.comuni-italiani.it/076/087/,base.state_it_pz,base.it,4
6443,Terranova di Pollino,85030,0973,076088,L126,http://www.comuni-italiani.it/076/088/,base.state_it_pz,base.it,4
6444,Tito,85050,0971,076089,L181,http://www.comuni-italiani.it/076/089/,base.state_it_pz,base.it,4
6445,Tolve,85017,0971,076090,L197,http://www.comuni-italiani.it/076/090/,base.state_it_pz,base.it,4
6446,Tramutola,85057,0975,076091,L326,http://www.comuni-italiani.it/076/091/,base.state_it_pz,base.it,4
6447,Trecchina,85049,0973,076092,L357,http://www.comuni-italiani.it/076/092/,base.state_it_pz,base.it,4
6448,Trivigno,85018,0971,076093,L439,http://www.comuni-italiani.it/076/093/,base.state_it_pz,base.it,4
6449,Vaglio Basilicata,85010,0971,076094,L532,http://www.comuni-italiani.it/076/094/,base.state_it_pz,base.it,4
6450,Venosa,85029,0972,076095,L738,http://www.comuni-italiani.it/076/095/,base.state_it_pz,base.it,4
6451,Vietri di Potenza,85058,0971,076096,L859,http://www.comuni-italiani.it/076/096/,base.state_it_pz,base.it,4
6452,Viggianello,85040,0973,076097,L873,http://www.comuni-italiani.it/076/097/,base.state_it_pz,base.it,4
6453,Viggiano,85059,0975,076098,L874,http://www.comuni-italiani.it/076/098/,base.state_it_pz,base.it,4
6454,Ginestra,85020,0972,076099,E033,http://www.comuni-italiani.it/076/099/,base.state_it_pz,base.it,4
6455,Paterno,85050,0975,076100,M269,http://www.comuni-italiani.it/076/100/,base.state_it_pz,base.it,4
6456,Accettura,75011,0835,077001,A017,http://www.comuni-italiani.it/077/001/,base.state_it_mt,base.it,4
6457,Aliano,75010,0835,077002,A196,http://www.comuni-italiani.it/077/002/,base.state_it_mt,base.it,4
6458,Bernalda,75012,0835,077003,A801,http://www.comuni-italiani.it/077/003/,base.state_it_mt,base.it,4
6459,Calciano,75010,0835,077004,B391,http://www.comuni-italiani.it/077/004/,base.state_it_mt,base.it,4
6460,Cirigliano,75010,0835,077005,C723,http://www.comuni-italiani.it/077/005/,base.state_it_mt,base.it,4
6461,Colobraro,75021,0835,077006,C888,http://www.comuni-italiani.it/077/006/,base.state_it_mt,base.it,4
6462,Craco,75010,0835,077007,D128,http://www.comuni-italiani.it/077/007/,base.state_it_mt,base.it,4
6463,Ferrandina,75013,0835,077008,D547,http://www.comuni-italiani.it/077/008/,base.state_it_mt,base.it,4
6464,Garaguso,75010,0835,077009,D909,http://www.comuni-italiani.it/077/009/,base.state_it_mt,base.it,4
6465,Gorgoglione,75010,0835,077010,E093,http://www.comuni-italiani.it/077/010/,base.state_it_mt,base.it,4
6466,Grassano,75014,0835,077011,E147,http://www.comuni-italiani.it/077/011/,base.state_it_mt,base.it,4
6467,Grottole,75010,0835,077012,E213,http://www.comuni-italiani.it/077/012/,base.state_it_mt,base.it,4
6468,Irsina,75022,0835,077013,E326,http://www.comuni-italiani.it/077/013/,base.state_it_mt,base.it,4
6469,Matera,75100,0835,077014,F052,http://www.comuni-italiani.it/077/014/,base.state_it_mt,base.it,4
6470,Miglionico,75010,0835,077015,F201,http://www.comuni-italiani.it/077/015/,base.state_it_mt,base.it,4
6471,Montalbano Jonico,75023,0835,077016,F399,http://www.comuni-italiani.it/077/016/,base.state_it_mt,base.it,4
6472,Montescaglioso,75024,0835,077017,F637,http://www.comuni-italiani.it/077/017/,base.state_it_mt,base.it,4
6473,Nova Siri,75020,0835,077018,A942,http://www.comuni-italiani.it/077/018/,base.state_it_mt,base.it,4
6474,Oliveto Lucano,75010,0835,077019,G037,http://www.comuni-italiani.it/077/019/,base.state_it_mt,base.it,4
6475,Pisticci,75015,0835,077020,G712,http://www.comuni-italiani.it/077/020/,base.state_it_mt,base.it,4
6476,Policoro,75025,0835,077021,G786,http://www.comuni-italiani.it/077/021/,base.state_it_mt,base.it,4
6477,Pomarico,75016,0835,077022,G806,http://www.comuni-italiani.it/077/022/,base.state_it_mt,base.it,4
6478,Rotondella,75026,0835,077023,H591,http://www.comuni-italiani.it/077/023/,base.state_it_mt,base.it,4
6479,Salandra,75017,0835,077024,H687,http://www.comuni-italiani.it/077/024/,base.state_it_mt,base.it,4
6480,San Giorgio Lucano,75027,0835,077025,H888,http://www.comuni-italiani.it/077/025/,base.state_it_mt,base.it,4
6481,San Mauro Forte,75010,0835,077026,I029,http://www.comuni-italiani.it/077/026/,base.state_it_mt,base.it,4
6482,Stigliano,75018,0835,077027,I954,http://www.comuni-italiani.it/077/027/,base.state_it_mt,base.it,4
6483,Tricarico,75019,0835,077028,L418,http://www.comuni-italiani.it/077/028/,base.state_it_mt,base.it,4
6484,Tursi,75028,0835,077029,L477,http://www.comuni-italiani.it/077/029/,base.state_it_mt,base.it,4
6485,Valsinni,75029,0835,077030,D513,http://www.comuni-italiani.it/077/030/,base.state_it_mt,base.it,4
6486,Scanzano Jonico,75020,0835,077031,M256,http://www.comuni-italiani.it/077/031/,base.state_it_mt,base.it,4
6487,Acquaformosa,87010,0981,078001,A033,http://www.comuni-italiani.it/078/001/,base.state_it_cs,base.it,4
6488,Acquappesa,87020,0982,078002,A041,http://www.comuni-italiani.it/078/002/,base.state_it_cs,base.it,4
6489,Acri,87041,0984,078003,A053,http://www.comuni-italiani.it/078/003/,base.state_it_cs,base.it,4
6490,Aiello Calabro,87031,0982,078004,A102,http://www.comuni-italiani.it/078/004/,base.state_it_cs,base.it,4
6491,Aieta,87020,0985,078005,A105,http://www.comuni-italiani.it/078/005/,base.state_it_cs,base.it,4
6492,Albidona,87070,0981,078006,A160,http://www.comuni-italiani.it/078/006/,base.state_it_cs,base.it,4
6493,Alessandria del Carretto,87070,0981,078007,A183,http://www.comuni-italiani.it/078/007/,base.state_it_cs,base.it,4
6494,Altilia,87040,0984,078008,A234,http://www.comuni-italiani.it/078/008/,base.state_it_cs,base.it,4
6495,Altomonte,87042,0981,078009,A240,http://www.comuni-italiani.it/078/009/,base.state_it_cs,base.it,4
6496,Amantea,87032,0982,078010,A253,http://www.comuni-italiani.it/078/010/,base.state_it_cs,base.it,4
6497,Amendolara,87071,0981,078011,A263,http://www.comuni-italiani.it/078/011/,base.state_it_cs,base.it,4
6498,Aprigliano,87051,0984,078012,A340,http://www.comuni-italiani.it/078/012/,base.state_it_cs,base.it,4
6499,Belmonte Calabro,87033,0982,078013,A762,http://www.comuni-italiani.it/078/013/,base.state_it_cs,base.it,4
6500,Belsito,87030,0984,078014,A768,http://www.comuni-italiani.it/078/014/,base.state_it_cs,base.it,4
6501,Belvedere Marittimo,87021,0985,078015,A773,http://www.comuni-italiani.it/078/015/,base.state_it_cs,base.it,4
6502,Bianchi,87050,0984,078016,A842,http://www.comuni-italiani.it/078/016/,base.state_it_cs,base.it,4
6503,Bisignano,87043,0984,078017,A887,http://www.comuni-italiani.it/078/017/,base.state_it_cs,base.it,4
6504,Bocchigliero,87060,0983,078018,A912,http://www.comuni-italiani.it/078/018/,base.state_it_cs,base.it,4
6505,Bonifati,87020,0982,078019,A973,http://www.comuni-italiani.it/078/019/,base.state_it_cs,base.it,4
6506,Buonvicino,87020,0985,078020,B270,http://www.comuni-italiani.it/078/020/,base.state_it_cs,base.it,4
6507,Calopezzati,87060,0983,078021,B424,http://www.comuni-italiani.it/078/021/,base.state_it_cs,base.it,4
6508,Caloveto,87060,0983,078022,B426,http://www.comuni-italiani.it/078/022/,base.state_it_cs,base.it,4
6509,Campana,87061,0983,078023,B500,http://www.comuni-italiani.it/078/023/,base.state_it_cs,base.it,4
6510,Canna,87070,0981,078024,B607,http://www.comuni-italiani.it/078/024/,base.state_it_cs,base.it,4
6511,Cariati,87062,0983,078025,B774,http://www.comuni-italiani.it/078/025/,base.state_it_cs,base.it,4
6512,Carolei,87030,0984,078026,B802,http://www.comuni-italiani.it/078/026/,base.state_it_cs,base.it,4
6513,Carpanzano,87050,0984,078027,B813,http://www.comuni-italiani.it/078/027/,base.state_it_cs,base.it,4
6514,Casole Bruzio,87050,0984,078028,B983,http://www.comuni-italiani.it/078/028/,base.state_it_cs,base.it,4
6515,Cassano all'Ionio,87011,0981,078029,C002,http://www.comuni-italiani.it/078/029/,base.state_it_cs,base.it,4
6516,Castiglione Cosentino,87040,0984,078030,C301,http://www.comuni-italiani.it/078/030/,base.state_it_cs,base.it,4
6517,Castrolibero,87040,0984,078031,C108,http://www.comuni-italiani.it/078/031/,base.state_it_cs,base.it,4
6518,Castroregio,87070,0981,078032,C348,http://www.comuni-italiani.it/078/032/,base.state_it_cs,base.it,4
6519,Castrovillari,87012,0981,078033,C349,http://www.comuni-italiani.it/078/033/,base.state_it_cs,base.it,4
6520,Celico,87053,0984,078034,C430,http://www.comuni-italiani.it/078/034/,base.state_it_cs,base.it,4
6521,Cellara,87050,0984,078035,C437,http://www.comuni-italiani.it/078/035/,base.state_it_cs,base.it,4
6522,Cerchiara di Calabria,87070,0981,078036,C489,http://www.comuni-italiani.it/078/036/,base.state_it_cs,base.it,4
6523,Cerisano,87044,0984,078037,C515,http://www.comuni-italiani.it/078/037/,base.state_it_cs,base.it,4
6524,Cervicati,87010,0984,078038,C554,http://www.comuni-italiani.it/078/038/,base.state_it_cs,base.it,4
6525,Cerzeto,87040,0984,078039,C560,http://www.comuni-italiani.it/078/039/,base.state_it_cs,base.it,4
6526,Cetraro,87022,0982,078040,C588,http://www.comuni-italiani.it/078/040/,base.state_it_cs,base.it,4
6527,Civita,87010,0981,078041,C763,http://www.comuni-italiani.it/078/041/,base.state_it_cs,base.it,4
6528,Cleto,87030,0982,078042,C795,http://www.comuni-italiani.it/078/042/,base.state_it_cs,base.it,4
6529,Colosimi,87050,0984,078043,C905,http://www.comuni-italiani.it/078/043/,base.state_it_cs,base.it,4
6530,Corigliano Calabro,87064,0983,078044,D005,http://www.comuni-italiani.it/078/044/,base.state_it_cs,base.it,4
6531,Cosenza,87100,0984,078045,D086,http://www.comuni-italiani.it/078/045/,base.state_it_cs,base.it,4
6532,Cropalati,87060,0983,078046,D180,http://www.comuni-italiani.it/078/046/,base.state_it_cs,base.it,4
6533,Crosia,87060,0983,078047,D184,http://www.comuni-italiani.it/078/047/,base.state_it_cs,base.it,4
6534,Diamante,87023,0985,078048,D289,http://www.comuni-italiani.it/078/048/,base.state_it_cs,base.it,4
6535,Dipignano,87045,0984,078049,D304,http://www.comuni-italiani.it/078/049/,base.state_it_cs,base.it,4
6536,Domanico,87030,0984,078050,D328,http://www.comuni-italiani.it/078/050/,base.state_it_cs,base.it,4
6537,Fagnano Castello,87013,0984,078051,D464,http://www.comuni-italiani.it/078/051/,base.state_it_cs,base.it,4
6538,Falconara Albanese,87030,0982,078052,D473,http://www.comuni-italiani.it/078/052/,base.state_it_cs,base.it,4
6539,Figline Vegliaturo,87050,0984,078053,D582,http://www.comuni-italiani.it/078/053/,base.state_it_cs,base.it,4
6540,Firmo,87010,0981,078054,D614,http://www.comuni-italiani.it/078/054/,base.state_it_cs,base.it,4
6541,Fiumefreddo Bruzio,87030,0982,078055,D624,http://www.comuni-italiani.it/078/055/,base.state_it_cs,base.it,4
6542,Francavilla Marittima,87072,0981,078056,D764,http://www.comuni-italiani.it/078/056/,base.state_it_cs,base.it,4
6543,Frascineto,87010,0981,078057,D774,http://www.comuni-italiani.it/078/057/,base.state_it_cs,base.it,4
6544,Fuscaldo,87024,0982,078058,D828,http://www.comuni-italiani.it/078/058/,base.state_it_cs,base.it,4
6545,Grimaldi,87034,0984,078059,E180,http://www.comuni-italiani.it/078/059/,base.state_it_cs,base.it,4
6546,Grisolia,87020,0985,078060,E185,http://www.comuni-italiani.it/078/060/,base.state_it_cs,base.it,4
6547,Guardia Piemontese,87020,0982,078061,E242,http://www.comuni-italiani.it/078/061/,base.state_it_cs,base.it,4
6548,Lago,87035,0982,078062,E407,http://www.comuni-italiani.it/078/062/,base.state_it_cs,base.it,4
6549,Laino Borgo,87014,0981,078063,E417,http://www.comuni-italiani.it/078/063/,base.state_it_cs,base.it,4
6550,Laino Castello,87015,0981,078064,E419,http://www.comuni-italiani.it/078/064/,base.state_it_cs,base.it,4
6551,Lappano,87050,0984,078065,E450,http://www.comuni-italiani.it/078/065/,base.state_it_cs,base.it,4
6552,Lattarico,87010,0984,078066,E475,http://www.comuni-italiani.it/078/066/,base.state_it_cs,base.it,4
6553,Longobardi,87030,0982,078067,E677,http://www.comuni-italiani.it/078/067/,base.state_it_cs,base.it,4
6554,Longobucco,87066,0983,078068,E678,http://www.comuni-italiani.it/078/068/,base.state_it_cs,base.it,4
6555,Lungro,87010,0981,078069,E745,http://www.comuni-italiani.it/078/069/,base.state_it_cs,base.it,4
6556,Luzzi,87040,0984,078070,E773,http://www.comuni-italiani.it/078/070/,base.state_it_cs,base.it,4
6557,Maierà,87020,0985,078071,E835,http://www.comuni-italiani.it/078/071/,base.state_it_cs,base.it,4
6558,Malito,87030,0984,078072,E859,http://www.comuni-italiani.it/078/072/,base.state_it_cs,base.it,4
6559,Malvito,87010,0984,078073,E872,http://www.comuni-italiani.it/078/073/,base.state_it_cs,base.it,4
6560,Mandatoriccio,87060,0983,078074,E878,http://www.comuni-italiani.it/078/074/,base.state_it_cs,base.it,4
6561,Mangone,87050,0984,078075,E888,http://www.comuni-italiani.it/078/075/,base.state_it_cs,base.it,4
6562,Marano Marchesato,87040,0984,078076,E914,http://www.comuni-italiani.it/078/076/,base.state_it_cs,base.it,4
6563,Marano Principato,87040,0984,078077,E915,http://www.comuni-italiani.it/078/077/,base.state_it_cs,base.it,4
6564,Marzi,87050,0984,078078,F001,http://www.comuni-italiani.it/078/078/,base.state_it_cs,base.it,4
6565,Mendicino,87040,0984,078079,F125,http://www.comuni-italiani.it/078/079/,base.state_it_cs,base.it,4
6566,Mongrassano,87040,0984,078080,F370,http://www.comuni-italiani.it/078/080/,base.state_it_cs,base.it,4
6567,Montalto Uffugo,87046,0984,078081,F416,http://www.comuni-italiani.it/078/081/,base.state_it_cs,base.it,4
6568,Montegiordano,87070,0981,078082,F519,http://www.comuni-italiani.it/078/082/,base.state_it_cs,base.it,4
6569,Morano Calabro,87016,0981,078083,F708,http://www.comuni-italiani.it/078/083/,base.state_it_cs,base.it,4
6570,Mormanno,87026,0981,078084,F735,http://www.comuni-italiani.it/078/084/,base.state_it_cs,base.it,4
6571,Mottafollone,87010,0981,078085,F775,http://www.comuni-italiani.it/078/085/,base.state_it_cs,base.it,4
6572,Nocara,87070,0981,078086,F907,http://www.comuni-italiani.it/078/086/,base.state_it_cs,base.it,4
6573,Oriolo,87073,0981,078087,G110,http://www.comuni-italiani.it/078/087/,base.state_it_cs,base.it,4
6574,Orsomarso,87020,0985,078088,G129,http://www.comuni-italiani.it/078/088/,base.state_it_cs,base.it,4
6575,Paludi,87060,0983,078089,G298,http://www.comuni-italiani.it/078/089/,base.state_it_cs,base.it,4
6576,Panettieri,87050,0968,078090,G307,http://www.comuni-italiani.it/078/090/,base.state_it_cs,base.it,4
6577,Paola,87027,0982,078091,G317,http://www.comuni-italiani.it/078/091/,base.state_it_cs,base.it,4
6578,Papasidero,87020,0981,078092,G320,http://www.comuni-italiani.it/078/092/,base.state_it_cs,base.it,4
6579,Parenti,87040,0984,078093,G331,http://www.comuni-italiani.it/078/093/,base.state_it_cs,base.it,4
6580,Paterno Calabro,87040,0984,078094,G372,http://www.comuni-italiani.it/078/094/,base.state_it_cs,base.it,4
6581,Pedace,87050,0984,078095,G400,http://www.comuni-italiani.it/078/095/,base.state_it_cs,base.it,4
6582,Pedivigliano,87050,0984,078096,G411,http://www.comuni-italiani.it/078/096/,base.state_it_cs,base.it,4
6583,Piane Crati,87050,0984,078097,G553,http://www.comuni-italiani.it/078/097/,base.state_it_cs,base.it,4
6584,Pietrafitta,87050,0984,078098,G615,http://www.comuni-italiani.it/078/098/,base.state_it_cs,base.it,4
6585,Pietrapaola,87060,0983,078099,G622,http://www.comuni-italiani.it/078/099/,base.state_it_cs,base.it,4
6586,Plataci,87070,0981,078100,G733,http://www.comuni-italiani.it/078/100/,base.state_it_cs,base.it,4
6587,Praia a Mare,87028,0985,078101,G975,http://www.comuni-italiani.it/078/101/,base.state_it_cs,base.it,4
6588,Rende,87036,0984,078102,H235,http://www.comuni-italiani.it/078/102/,base.state_it_cs,base.it,4
6589,Rocca Imperiale,87074,0981,078103,H416,http://www.comuni-italiani.it/078/103/,base.state_it_cs,base.it,4
6590,Roggiano Gravina,87017,0984,078104,H488,http://www.comuni-italiani.it/078/104/,base.state_it_cs,base.it,4
6591,Rogliano,87054,0984,078105,H490,http://www.comuni-italiani.it/078/105/,base.state_it_cs,base.it,4
6592,Rose,87040,0984,078106,H565,http://www.comuni-italiani.it/078/106/,base.state_it_cs,base.it,4
6593,Roseto Capo Spulico,87070,0981,078107,H572,http://www.comuni-italiani.it/078/107/,base.state_it_cs,base.it,4
6594,Rossano,87067,0983,078108,H579,http://www.comuni-italiani.it/078/108/,base.state_it_cs,base.it,4
6595,Rota Greca,87010,0984,078109,H585,http://www.comuni-italiani.it/078/109/,base.state_it_cs,base.it,4
6596,Rovito,87050,0984,078110,H621,http://www.comuni-italiani.it/078/110/,base.state_it_cs,base.it,4
6597,San Basile,87010,0981,078111,H765,http://www.comuni-italiani.it/078/111/,base.state_it_cs,base.it,4
6598,San Benedetto Ullano,87040,0984,078112,H774,http://www.comuni-italiani.it/078/112/,base.state_it_cs,base.it,4
6599,San Cosmo Albanese,87060,0983,078113,H806,http://www.comuni-italiani.it/078/113/,base.state_it_cs,base.it,4
6600,San Demetrio Corone,87069,0984,078114,H818,http://www.comuni-italiani.it/078/114/,base.state_it_cs,base.it,4
6601,San Donato di Ninea,87010,0981,078115,H825,http://www.comuni-italiani.it/078/115/,base.state_it_cs,base.it,4
6602,San Fili,87037,0984,078116,H841,http://www.comuni-italiani.it/078/116/,base.state_it_cs,base.it,4
6603,Sangineto,87020,0982,078117,H877,http://www.comuni-italiani.it/078/117/,base.state_it_cs,base.it,4
6604,San Giorgio Albanese,87060,0983,078118,H881,http://www.comuni-italiani.it/078/118/,base.state_it_cs,base.it,4
6605,San Giovanni in Fiore,87055,0984,078119,H919,http://www.comuni-italiani.it/078/119/,base.state_it_cs,base.it,4
6606,San Lorenzo Bellizzi,87070,0981,078120,H961,http://www.comuni-italiani.it/078/120/,base.state_it_cs,base.it,4
6607,San Lorenzo del Vallo,87040,0981,078121,H962,http://www.comuni-italiani.it/078/121/,base.state_it_cs,base.it,4
6608,San Lucido,87038,0982,078122,H971,http://www.comuni-italiani.it/078/122/,base.state_it_cs,base.it,4
6609,San Marco Argentano,87018,0984,078123,H981,http://www.comuni-italiani.it/078/123/,base.state_it_cs,base.it,4
6610,San Martino di Finita,87010,0984,078124,H992,http://www.comuni-italiani.it/078/124/,base.state_it_cs,base.it,4
6611,San Nicola Arcella,87020,0985,078125,I060,http://www.comuni-italiani.it/078/125/,base.state_it_cs,base.it,4
6612,San Pietro in Amantea,87030,0982,078126,I108,http://www.comuni-italiani.it/078/126/,base.state_it_cs,base.it,4
6613,San Pietro in Guarano,87047,0984,078127,I114,http://www.comuni-italiani.it/078/127/,base.state_it_cs,base.it,4
6614,San Sosti,87010,0981,078128,I165,http://www.comuni-italiani.it/078/128/,base.state_it_cs,base.it,4
6615,Santa Caterina Albanese,87010,0984,078129,I171,http://www.comuni-italiani.it/078/129/,base.state_it_cs,base.it,4
6616,Santa Domenica Talao,87020,0985,078130,I183,http://www.comuni-italiani.it/078/130/,base.state_it_cs,base.it,4
6617,Sant'Agata di Esaro,87010,0981,078131,I192,http://www.comuni-italiani.it/078/131/,base.state_it_cs,base.it,4
6618,Santa Maria del Cedro,87020,0985,078132,C717,http://www.comuni-italiani.it/078/132/,base.state_it_cs,base.it,4
6619,Santa Sofia d'Epiro,87048,0984,078133,I309,http://www.comuni-italiani.it/078/133/,base.state_it_cs,base.it,4
6620,Santo Stefano di Rogliano,87056,0984,078134,I359,http://www.comuni-italiani.it/078/134/,base.state_it_cs,base.it,4
6621,San Vincenzo La Costa,87030,0984,078135,I388,http://www.comuni-italiani.it/078/135/,base.state_it_cs,base.it,4
6622,Saracena,87010,0981,078136,I423,http://www.comuni-italiani.it/078/136/,base.state_it_cs,base.it,4
6623,Scala Coeli,87060,0983,078137,I485,http://www.comuni-italiani.it/078/137/,base.state_it_cs,base.it,4
6624,Scalea,87029,0985,078138,I489,http://www.comuni-italiani.it/078/138/,base.state_it_cs,base.it,4
6625,Scigliano,87057,0984,078139,D290,http://www.comuni-italiani.it/078/139/,base.state_it_cs,base.it,4
6626,Serra d'Aiello,87030,0982,078140,I642,http://www.comuni-italiani.it/078/140/,base.state_it_cs,base.it,4
6627,Serra Pedace,87050,0984,078141,I650,http://www.comuni-italiani.it/078/141/,base.state_it_cs,base.it,4
6628,Spezzano Albanese,87019,0981,078142,I895,http://www.comuni-italiani.it/078/142/,base.state_it_cs,base.it,4
6629,Spezzano della Sila,87058,0984,078143,I896,http://www.comuni-italiani.it/078/143/,base.state_it_cs,base.it,4
6630,Spezzano Piccolo,87050,0984,078144,I898,http://www.comuni-italiani.it/078/144/,base.state_it_cs,base.it,4
6631,Tarsia,87040,0981,078145,L055,http://www.comuni-italiani.it/078/145/,base.state_it_cs,base.it,4
6632,Terranova da Sibari,87010,0981,078146,L124,http://www.comuni-italiani.it/078/146/,base.state_it_cs,base.it,4
6633,Terravecchia,87060,0983,078147,L134,http://www.comuni-italiani.it/078/147/,base.state_it_cs,base.it,4
6634,Torano Castello,87010,0984,078148,L206,http://www.comuni-italiani.it/078/148/,base.state_it_cs,base.it,4
6635,Tortora,87020,0985,078149,L305,http://www.comuni-italiani.it/078/149/,base.state_it_cs,base.it,4
6636,Trebisacce,87075,0981,078150,L353,http://www.comuni-italiani.it/078/150/,base.state_it_cs,base.it,4
6637,Trenta,87050,0984,078151,L375,http://www.comuni-italiani.it/078/151/,base.state_it_cs,base.it,4
6638,Vaccarizzo Albanese,87060,0983,078152,L524,http://www.comuni-italiani.it/078/152/,base.state_it_cs,base.it,4
6639,Verbicaro,87020,0985,078153,L747,http://www.comuni-italiani.it/078/153/,base.state_it_cs,base.it,4
6640,Villapiana,87076,0981,078154,B903,http://www.comuni-italiani.it/078/154/,base.state_it_cs,base.it,4
6641,Zumpano,87040,0984,078155,M202,http://www.comuni-italiani.it/078/155/,base.state_it_cs,base.it,4
6642,Albi,88055,0961,079002,A155,http://www.comuni-italiani.it/079/002/,base.state_it_cz,base.it,4
6643,Amaroni,88050,0961,079003,A255,http://www.comuni-italiani.it/079/003/,base.state_it_cz,base.it,4
6644,Amato,88040,0961,079004,A257,http://www.comuni-italiani.it/079/004/,base.state_it_cz,base.it,4
6645,Andali,88050,0961,079005,A272,http://www.comuni-italiani.it/079/005/,base.state_it_cz,base.it,4
6646,Argusto,88060,0967,079007,A397,http://www.comuni-italiani.it/079/007/,base.state_it_cz,base.it,4
6647,Badolato,88060,0967,079008,A542,http://www.comuni-italiani.it/079/008/,base.state_it_cz,base.it,4
6648,Belcastro,88050,0961,079009,A736,http://www.comuni-italiani.it/079/009/,base.state_it_cz,base.it,4
6649,Borgia,88021,0961,079011,B002,http://www.comuni-italiani.it/079/011/,base.state_it_cz,base.it,4
6650,Botricello,88070,0961,079012,B085,http://www.comuni-italiani.it/079/012/,base.state_it_cz,base.it,4
6651,Caraffa di Catanzaro,88050,0961,079017,B717,http://www.comuni-italiani.it/079/017/,base.state_it_cz,base.it,4
6652,Cardinale,88062,0967,079018,B758,http://www.comuni-italiani.it/079/018/,base.state_it_cz,base.it,4
6653,Carlopoli,88040,0968,079020,B790,http://www.comuni-italiani.it/079/020/,base.state_it_cz,base.it,4
6654,Catanzaro,88100,0961,079023,C352,http://www.comuni-italiani.it/079/023/,base.state_it_cz,base.it,4
6655,Cenadi,88067,0967,079024,C453,http://www.comuni-italiani.it/079/024/,base.state_it_cz,base.it,4
6656,Centrache,88067,0967,079025,C472,http://www.comuni-italiani.it/079/025/,base.state_it_cz,base.it,4
6657,Cerva,88050,0961,079027,C542,http://www.comuni-italiani.it/079/027/,base.state_it_cz,base.it,4
6658,Chiaravalle Centrale,88064,0967,079029,C616,http://www.comuni-italiani.it/079/029/,base.state_it_cz,base.it,4
6659,Cicala,88040,0968,079030,C674,http://www.comuni-italiani.it/079/030/,base.state_it_cz,base.it,4
6660,Conflenti,88040,0968,079033,C960,http://www.comuni-italiani.it/079/033/,base.state_it_cz,base.it,4
6661,Cortale,88020,0968,079034,D049,http://www.comuni-italiani.it/079/034/,base.state_it_cz,base.it,4
6662,Cropani,88051,0961,079036,D181,http://www.comuni-italiani.it/079/036/,base.state_it_cz,base.it,4
6663,Curinga,88022,0968,079039,D218,http://www.comuni-italiani.it/079/039/,base.state_it_cz,base.it,4
6664,Davoli,88060,0967,079042,D257,http://www.comuni-italiani.it/079/042/,base.state_it_cz,base.it,4
6665,Decollatura,88041,0968,079043,D261,http://www.comuni-italiani.it/079/043/,base.state_it_cz,base.it,4
6666,Falerna,88042,0968,079047,D476,http://www.comuni-italiani.it/079/047/,base.state_it_cz,base.it,4
6667,Feroleto Antico,88040,0968,079048,D544,http://www.comuni-italiani.it/079/048/,base.state_it_cz,base.it,4
6668,Fossato Serralta,88050,0961,079052,D744,http://www.comuni-italiani.it/079/052/,base.state_it_cz,base.it,4
6669,Gagliato,88060,0967,079055,D852,http://www.comuni-italiani.it/079/055/,base.state_it_cz,base.it,4
6670,Gasperina,88060,0967,079056,D932,http://www.comuni-italiani.it/079/056/,base.state_it_cz,base.it,4
6671,Gimigliano,88045,0961,079058,E031,http://www.comuni-italiani.it/079/058/,base.state_it_cz,base.it,4
6672,Girifalco,88024,0968,079059,E050,http://www.comuni-italiani.it/079/059/,base.state_it_cz,base.it,4
6673,Gizzeria,88040,0968,079060,E068,http://www.comuni-italiani.it/079/060/,base.state_it_cz,base.it,4
6674,Guardavalle,88065,0967,079061,E239,http://www.comuni-italiani.it/079/061/,base.state_it_cz,base.it,4
6675,Isca sullo Ionio,88060,0967,079063,E328,http://www.comuni-italiani.it/079/063/,base.state_it_cz,base.it,4
6676,Jacurso,88020,0968,079065,E274,http://www.comuni-italiani.it/079/065/,base.state_it_cz,base.it,4
6677,Magisano,88050,0961,079068,E806,http://www.comuni-italiani.it/079/068/,base.state_it_cz,base.it,4
6678,Maida,88025,0968,079069,E834,http://www.comuni-italiani.it/079/069/,base.state_it_cz,base.it,4
6679,Marcedusa,88050,0961,079071,E923,http://www.comuni-italiani.it/079/071/,base.state_it_cz,base.it,4
6680,Marcellinara,88044,0961,079072,E925,http://www.comuni-italiani.it/079/072/,base.state_it_cz,base.it,4
6681,Martirano,88040,0968,079073,E990,http://www.comuni-italiani.it/079/073/,base.state_it_cz,base.it,4
6682,Martirano Lombardo,88040,0968,079074,E991,http://www.comuni-italiani.it/079/074/,base.state_it_cz,base.it,4
6683,Miglierina,88040,0961,079077,F200,http://www.comuni-italiani.it/079/077/,base.state_it_cz,base.it,4
6684,Montauro,88060,0967,079080,F432,http://www.comuni-italiani.it/079/080/,base.state_it_cz,base.it,4
6685,Montepaone,88060,0967,079081,F586,http://www.comuni-italiani.it/079/081/,base.state_it_cz,base.it,4
6686,Motta Santa Lucia,88040,0968,079083,F780,http://www.comuni-italiani.it/079/083/,base.state_it_cz,base.it,4
6687,Nocera Terinese,88047,0968,079087,F910,http://www.comuni-italiani.it/079/087/,base.state_it_cz,base.it,4
6688,Olivadi,88067,0967,079088,G034,http://www.comuni-italiani.it/079/088/,base.state_it_cz,base.it,4
6689,Palermiti,88050,0961,079089,G272,http://www.comuni-italiani.it/079/089/,base.state_it_cz,base.it,4
6690,Pentone,88050,0961,079092,G439,http://www.comuni-italiani.it/079/092/,base.state_it_cz,base.it,4
6691,Petrizzi,88060,0967,079094,G517,http://www.comuni-italiani.it/079/094/,base.state_it_cz,base.it,4
6692,Petronà,88050,0961,079095,G518,http://www.comuni-italiani.it/079/095/,base.state_it_cz,base.it,4
6693,Pianopoli,88040,0968,079096,D546,http://www.comuni-italiani.it/079/096/,base.state_it_cz,base.it,4
6694,Platania,88040,0968,079099,G734,http://www.comuni-italiani.it/079/099/,base.state_it_cz,base.it,4
6695,San Floro,88021,0961,079108,H846,http://www.comuni-italiani.it/079/108/,base.state_it_cz,base.it,4
6696,San Mango d'Aquino,88040,0968,079110,H976,http://www.comuni-italiani.it/079/110/,base.state_it_cz,base.it,4
6697,San Pietro a Maida,88025,0968,079114,I093,http://www.comuni-italiani.it/079/114/,base.state_it_cz,base.it,4
6698,San Pietro Apostolo,88040,0961,079115,I095,http://www.comuni-italiani.it/079/115/,base.state_it_cz,base.it,4
6699,San Sostene,88060,0967,079116,I164,http://www.comuni-italiani.it/079/116/,base.state_it_cz,base.it,4
6700,Santa Caterina dello Ionio,88060,0967,079117,I170,http://www.comuni-italiani.it/079/117/,base.state_it_cz,base.it,4
6701,Sant'Andrea Apostolo dello Ionio,88060,0967,079118,I266,http://www.comuni-italiani.it/079/118/,base.state_it_cz,base.it,4
6702,San Vito sullo Ionio,88067,0967,079122,I393,http://www.comuni-italiani.it/079/122/,base.state_it_cz,base.it,4
6703,Satriano,88060,0967,079123,I463,http://www.comuni-italiani.it/079/123/,base.state_it_cz,base.it,4
6704,Sellia,88050,0961,079126,I589,http://www.comuni-italiani.it/079/126/,base.state_it_cz,base.it,4
6705,Sellia Marina,88050,0961,079127,I590,http://www.comuni-italiani.it/079/127/,base.state_it_cz,base.it,4
6706,Serrastretta,88040,0968,079129,I655,http://www.comuni-italiani.it/079/129/,base.state_it_cz,base.it,4
6707,Sersale,88054,0961,079130,I671,http://www.comuni-italiani.it/079/130/,base.state_it_cz,base.it,4
6708,Settingiano,88040,0961,079131,I704,http://www.comuni-italiani.it/079/131/,base.state_it_cz,base.it,4
6709,Simeri Crichi,88050,0961,079133,I745,http://www.comuni-italiani.it/079/133/,base.state_it_cz,base.it,4
6710,Sorbo San Basile,88050,0961,079134,I844,http://www.comuni-italiani.it/079/134/,base.state_it_cz,base.it,4
6711,Soverato,88068,0967,079137,I872,http://www.comuni-italiani.it/079/137/,base.state_it_cz,base.it,4
6712,Soveria Mannelli,88049,0968,079138,I874,http://www.comuni-italiani.it/079/138/,base.state_it_cz,base.it,4
6713,Soveria Simeri,88050,0961,079139,I875,http://www.comuni-italiani.it/079/139/,base.state_it_cz,base.it,4
6714,Squillace,88069,0961,079142,I929,http://www.comuni-italiani.it/079/142/,base.state_it_cz,base.it,4
6715,Stalettì,88069,0961,079143,I937,http://www.comuni-italiani.it/079/143/,base.state_it_cz,base.it,4
6716,Taverna,88055,0961,079146,L070,http://www.comuni-italiani.it/079/146/,base.state_it_cz,base.it,4
6717,Tiriolo,88056,0961,079147,L177,http://www.comuni-italiani.it/079/147/,base.state_it_cz,base.it,4
6718,Torre di Ruggiero,88060,0967,079148,L240,http://www.comuni-italiani.it/079/148/,base.state_it_cz,base.it,4
6719,Vallefiorita,88050,0961,079151,I322,http://www.comuni-italiani.it/079/151/,base.state_it_cz,base.it,4
6720,Zagarise,88050,0961,079157,M140,http://www.comuni-italiani.it/079/157/,base.state_it_cz,base.it,4
6721,Lamezia Terme,88046,0968,079160,M208,http://www.comuni-italiani.it/079/160/,base.state_it_cz,base.it,4
6722,Africo,89030,0964,080001,A065,http://www.comuni-italiani.it/080/001/,base.state_it_rc,base.it,4
6723,Agnana Calabra,89040,0964,080002,A077,http://www.comuni-italiani.it/080/002/,base.state_it_rc,base.it,4
6724,Anoia,89020,0966,080003,A303,http://www.comuni-italiani.it/080/003/,base.state_it_rc,base.it,4
6725,Antonimina,89040,0964,080004,A314,http://www.comuni-italiani.it/080/004/,base.state_it_rc,base.it,4
6726,Ardore,89031,0964,080005,A385,http://www.comuni-italiani.it/080/005/,base.state_it_rc,base.it,4
6727,Bagaladi,89060,0965,080006,A544,http://www.comuni-italiani.it/080/006/,base.state_it_rc,base.it,4
6728,Bagnara Calabra,89011,0966,080007,A552,http://www.comuni-italiani.it/080/007/,base.state_it_rc,base.it,4
6729,Benestare,89030,0964,080008,A780,http://www.comuni-italiani.it/080/008/,base.state_it_rc,base.it,4
6730,Bianco,89032,0964,080009,A843,http://www.comuni-italiani.it/080/009/,base.state_it_rc,base.it,4
6731,Bivongi,89040,0964,080010,A897,http://www.comuni-italiani.it/080/010/,base.state_it_rc,base.it,4
6732,Bova,89033,0965,080011,B097,http://www.comuni-italiani.it/080/011/,base.state_it_rc,base.it,4
6733,Bovalino,89034,0964,080012,B098,http://www.comuni-italiani.it/080/012/,base.state_it_rc,base.it,4
6734,Bova Marina,89035,0965,080013,B099,http://www.comuni-italiani.it/080/013/,base.state_it_rc,base.it,4
6735,Brancaleone,89036,0964,080014,B118,http://www.comuni-italiani.it/080/014/,base.state_it_rc,base.it,4
6736,Bruzzano Zeffirio,89030,0964,080015,B234,http://www.comuni-italiani.it/080/015/,base.state_it_rc,base.it,4
6737,Calanna,89050,0965,080016,B379,http://www.comuni-italiani.it/080/016/,base.state_it_rc,base.it,4
6738,Camini,89040,0964,080017,B481,http://www.comuni-italiani.it/080/017/,base.state_it_rc,base.it,4
6739,Campo Calabro,89052,0965,080018,B516,http://www.comuni-italiani.it/080/018/,base.state_it_rc,base.it,4
6740,Candidoni,89020,0966,080019,B591,http://www.comuni-italiani.it/080/019/,base.state_it_rc,base.it,4
6741,Canolo,89040,0964,080020,B617,http://www.comuni-italiani.it/080/020/,base.state_it_rc,base.it,4
6742,Caraffa del Bianco,89030,0964,080021,B718,http://www.comuni-italiani.it/080/021/,base.state_it_rc,base.it,4
6743,Cardeto,89060,0965,080022,B756,http://www.comuni-italiani.it/080/022/,base.state_it_rc,base.it,4
6744,Careri,89030,0964,080023,B766,http://www.comuni-italiani.it/080/023/,base.state_it_rc,base.it,4
6745,Casignana,89030,0964,080024,B966,http://www.comuni-italiani.it/080/024/,base.state_it_rc,base.it,4
6746,Caulonia,89041,0964,080025,C285,http://www.comuni-italiani.it/080/025/,base.state_it_rc,base.it,4
6747,Ciminà,89040,0964,080026,C695,http://www.comuni-italiani.it/080/026/,base.state_it_rc,base.it,4
6748,Cinquefrondi,89021,0966,080027,C710,http://www.comuni-italiani.it/080/027/,base.state_it_rc,base.it,4
6749,Cittanova,89022,0966,080028,C747,http://www.comuni-italiani.it/080/028/,base.state_it_rc,base.it,4
6750,Condofuri,89030,0965,080029,C954,http://www.comuni-italiani.it/080/029/,base.state_it_rc,base.it,4
6751,Cosoleto,89050,0966,080030,D089,http://www.comuni-italiani.it/080/030/,base.state_it_rc,base.it,4
6752,Delianuova,89012,0966,080031,D268,http://www.comuni-italiani.it/080/031/,base.state_it_rc,base.it,4
6753,Feroleto della Chiesa,89050,0966,080032,D545,http://www.comuni-italiani.it/080/032/,base.state_it_rc,base.it,4
6754,Ferruzzano,89030,0964,080033,D557,http://www.comuni-italiani.it/080/033/,base.state_it_rc,base.it,4
6755,Fiumara,89050,0965,080034,D619,http://www.comuni-italiani.it/080/034/,base.state_it_rc,base.it,4
6756,Galatro,89054,0966,080035,D864,http://www.comuni-italiani.it/080/035/,base.state_it_rc,base.it,4
6757,Gerace,89040,0964,080036,D975,http://www.comuni-italiani.it/080/036/,base.state_it_rc,base.it,4
6758,Giffone,89020,0966,080037,E025,http://www.comuni-italiani.it/080/037/,base.state_it_rc,base.it,4
6759,Gioia Tauro,89013,0966,080038,E041,http://www.comuni-italiani.it/080/038/,base.state_it_rc,base.it,4
6760,Gioiosa Ionica,89042,0964,080039,E044,http://www.comuni-italiani.it/080/039/,base.state_it_rc,base.it,4
6761,Grotteria,89043,0964,080040,E212,http://www.comuni-italiani.it/080/040/,base.state_it_rc,base.it,4
6762,Laganadi,89050,0965,080041,E402,http://www.comuni-italiani.it/080/041/,base.state_it_rc,base.it,4
6763,Laureana di Borrello,89023,0966,080042,E479,http://www.comuni-italiani.it/080/042/,base.state_it_rc,base.it,4
6764,Locri,89044,0964,080043,D976,http://www.comuni-italiani.it/080/043/,base.state_it_rc,base.it,4
6765,Mammola,89045,0964,080044,E873,http://www.comuni-italiani.it/080/044/,base.state_it_rc,base.it,4
6766,Marina di Gioiosa Ionica,89046,0964,080045,E956,http://www.comuni-italiani.it/080/045/,base.state_it_rc,base.it,4
6767,Maropati,89020,0966,080046,E968,http://www.comuni-italiani.it/080/046/,base.state_it_rc,base.it,4
6768,Martone,89040,0964,080047,E993,http://www.comuni-italiani.it/080/047/,base.state_it_rc,base.it,4
6769,Melicuccà,89020,0966,080048,F105,http://www.comuni-italiani.it/080/048/,base.state_it_rc,base.it,4
6770,Melicucco,89020,0966,080049,F106,http://www.comuni-italiani.it/080/049/,base.state_it_rc,base.it,4
6771,Melito di Porto Salvo,89063,0965,080050,F112,http://www.comuni-italiani.it/080/050/,base.state_it_rc,base.it,4
6772,Molochio,89010,0966,080051,F301,http://www.comuni-italiani.it/080/051/,base.state_it_rc,base.it,4
6773,Monasterace,89040,0964,080052,F324,http://www.comuni-italiani.it/080/052/,base.state_it_rc,base.it,4
6774,Montebello Ionico,89064,0965,080053,D746,http://www.comuni-italiani.it/080/053/,base.state_it_rc,base.it,4
6775,Motta San Giovanni,89065,0965,080054,F779,http://www.comuni-italiani.it/080/054/,base.state_it_rc,base.it,4
6776,Oppido Mamertina,89014,0966,080055,G082,http://www.comuni-italiani.it/080/055/,base.state_it_rc,base.it,4
6777,Palizzi,89038,0965,080056,G277,http://www.comuni-italiani.it/080/056/,base.state_it_rc,base.it,4
6778,Palmi,89015,0966,080057,G288,http://www.comuni-italiani.it/080/057/,base.state_it_rc,base.it,4
6779,Pazzano,89040,0964,080058,G394,http://www.comuni-italiani.it/080/058/,base.state_it_rc,base.it,4
6780,Placanica,89040,0964,080059,G729,http://www.comuni-italiani.it/080/059/,base.state_it_rc,base.it,4
6781,Platì,89039,0964,080060,G735,http://www.comuni-italiani.it/080/060/,base.state_it_rc,base.it,4
6782,Polistena,89024,0966,080061,G791,http://www.comuni-italiani.it/080/061/,base.state_it_rc,base.it,4
6783,Portigliola,89040,0964,080062,G905,http://www.comuni-italiani.it/080/062/,base.state_it_rc,base.it,4
6784,Reggio di Calabria,891%%,0965,080063,H224,http://www.comuni-italiani.it/080/063/,base.state_it_rc,base.it,4
6785,Riace,89040,0964,080064,H265,http://www.comuni-italiani.it/080/064/,base.state_it_rc,base.it,4
6786,Rizziconi,89016,0966,080065,H359,http://www.comuni-italiani.it/080/065/,base.state_it_rc,base.it,4
6787,Roccaforte del Greco,89060,0965,080066,H408,http://www.comuni-italiani.it/080/066/,base.state_it_rc,base.it,4
6788,Roccella Ionica,89047,0964,080067,H456,http://www.comuni-italiani.it/080/067/,base.state_it_rc,base.it,4
6789,Roghudi,89060,0965,080068,H489,http://www.comuni-italiani.it/080/068/,base.state_it_rc,base.it,4
6790,Rosarno,89025,0966,080069,H558,http://www.comuni-italiani.it/080/069/,base.state_it_rc,base.it,4
6791,Samo,89030,0964,080070,H013,http://www.comuni-italiani.it/080/070/,base.state_it_rc,base.it,4
6792,San Giorgio Morgeto,89017,0966,080071,H889,http://www.comuni-italiani.it/080/071/,base.state_it_rc,base.it,4
6793,San Giovanni di Gerace,89040,0964,080072,H903,http://www.comuni-italiani.it/080/072/,base.state_it_rc,base.it,4
6794,San Lorenzo,89069,0965,080073,H959,http://www.comuni-italiani.it/080/073/,base.state_it_rc,base.it,4
6795,San Luca,89030,0964,080074,H970,http://www.comuni-italiani.it/080/074/,base.state_it_rc,base.it,4
6796,San Pietro di Caridà,89020,0966,080075,I102,http://www.comuni-italiani.it/080/075/,base.state_it_rc,base.it,4
6797,San Procopio,89020,0966,080076,I132,http://www.comuni-italiani.it/080/076/,base.state_it_rc,base.it,4
6798,San Roberto,89050,0965,080077,I139,http://www.comuni-italiani.it/080/077/,base.state_it_rc,base.it,4
6799,Santa Cristina d'Aspromonte,89056,0966,080078,I176,http://www.comuni-italiani.it/080/078/,base.state_it_rc,base.it,4
6800,Sant'Agata del Bianco,89030,0964,080079,I198,http://www.comuni-italiani.it/080/079/,base.state_it_rc,base.it,4
6801,Sant'Alessio in Aspromonte,89050,0965,080080,I214,http://www.comuni-italiani.it/080/080/,base.state_it_rc,base.it,4
6802,Sant'Eufemia d'Aspromonte,89027,0966,080081,I333,http://www.comuni-italiani.it/080/081/,base.state_it_rc,base.it,4
6803,Sant'Ilario dello Ionio,89040,0964,080082,I341,http://www.comuni-italiani.it/080/082/,base.state_it_rc,base.it,4
6804,Santo Stefano in Aspromonte,89057,0965,080083,I371,http://www.comuni-italiani.it/080/083/,base.state_it_rc,base.it,4
6805,Scido,89010,0966,080084,I536,http://www.comuni-italiani.it/080/084/,base.state_it_rc,base.it,4
6806,Scilla,89058,0965,080085,I537,http://www.comuni-italiani.it/080/085/,base.state_it_rc,base.it,4
6807,Seminara,89028,0966,080086,I600,http://www.comuni-italiani.it/080/086/,base.state_it_rc,base.it,4
6808,Serrata,89020,0966,080087,I656,http://www.comuni-italiani.it/080/087/,base.state_it_rc,base.it,4
6809,Siderno,89048,0964,080088,I725,http://www.comuni-italiani.it/080/088/,base.state_it_rc,base.it,4
6810,Sinopoli,89020,0966,080089,I753,http://www.comuni-italiani.it/080/089/,base.state_it_rc,base.it,4
6811,Staiti,89030,0964,080090,I936,http://www.comuni-italiani.it/080/090/,base.state_it_rc,base.it,4
6812,Stignano,89040,0964,080091,I955,http://www.comuni-italiani.it/080/091/,base.state_it_rc,base.it,4
6813,Stilo,89049,0964,080092,I956,http://www.comuni-italiani.it/080/092/,base.state_it_rc,base.it,4
6814,Taurianova,89029,0966,080093,L063,http://www.comuni-italiani.it/080/093/,base.state_it_rc,base.it,4
6815,Terranova Sappo Minulio,89010,0966,080094,L127,http://www.comuni-italiani.it/080/094/,base.state_it_rc,base.it,4
6816,Varapodio,89010,0966,080095,L673,http://www.comuni-italiani.it/080/095/,base.state_it_rc,base.it,4
6817,Villa San Giovanni,89018,0965,080096,M018,http://www.comuni-italiani.it/080/096/,base.state_it_rc,base.it,4
6818,San Ferdinando,89026,0966,080097,M277,http://www.comuni-italiani.it/080/097/,base.state_it_rc,base.it,4
6819,Alcamo,91011,0924,081001,A176,http://www.comuni-italiani.it/081/001/,base.state_it_tp,base.it,4
6820,Buseto Palizzolo,91012,0923,081002,B288,http://www.comuni-italiani.it/081/002/,base.state_it_tp,base.it,4
6821,Calatafimi-Segesta,91013,0924,081003,B385,http://www.comuni-italiani.it/081/003/,base.state_it_tp,base.it,4
6822,Campobello di Mazara,91021,0924,081004,B521,http://www.comuni-italiani.it/081/004/,base.state_it_tp,base.it,4
6823,Castellammare del Golfo,91014,0924,081005,C130,http://www.comuni-italiani.it/081/005/,base.state_it_tp,base.it,4
6824,Castelvetrano,91022,0924,081006,C286,http://www.comuni-italiani.it/081/006/,base.state_it_tp,base.it,4
6825,Custonaci,91015,0923,081007,D234,http://www.comuni-italiani.it/081/007/,base.state_it_tp,base.it,4
6826,Erice,91016,0923,081008,D423,http://www.comuni-italiani.it/081/008/,base.state_it_tp,base.it,4
6827,Favignana,91023,0923,081009,D518,http://www.comuni-italiani.it/081/009/,base.state_it_tp,base.it,4
6828,Gibellina,91024,0924,081010,E023,http://www.comuni-italiani.it/081/010/,base.state_it_tp,base.it,4
6829,Marsala,91025,0923,081011,E974,http://www.comuni-italiani.it/081/011/,base.state_it_tp,base.it,4
6830,Mazara del Vallo,91026,0923,081012,F061,http://www.comuni-italiani.it/081/012/,base.state_it_tp,base.it,4
6831,Paceco,91027,0923,081013,G208,http://www.comuni-italiani.it/081/013/,base.state_it_tp,base.it,4
6832,Pantelleria,91017,0923,081014,G315,http://www.comuni-italiani.it/081/014/,base.state_it_tp,base.it,4
6833,Partanna,91028,0924,081015,G347,http://www.comuni-italiani.it/081/015/,base.state_it_tp,base.it,4
6834,Poggioreale,91020,0924,081016,G767,http://www.comuni-italiani.it/081/016/,base.state_it_tp,base.it,4
6835,Salaparuta,91020,0924,081017,H688,http://www.comuni-italiani.it/081/017/,base.state_it_tp,base.it,4
6836,Salemi,91018,0924,081018,H700,http://www.comuni-italiani.it/081/018/,base.state_it_tp,base.it,4
6837,Santa Ninfa,91029,0924,081019,I291,http://www.comuni-italiani.it/081/019/,base.state_it_tp,base.it,4
6838,San Vito Lo Capo,91010,0923,081020,I407,http://www.comuni-italiani.it/081/020/,base.state_it_tp,base.it,4
6839,Trapani,91100,0923,081021,L331,http://www.comuni-italiani.it/081/021/,base.state_it_tp,base.it,4
6840,Valderice,91019,0923,081022,G319,http://www.comuni-italiani.it/081/022/,base.state_it_tp,base.it,4
6841,Vita,91010,0924,081023,M081,http://www.comuni-italiani.it/081/023/,base.state_it_tp,base.it,4
6842,Petrosino,91020,0923,081024,M281,http://www.comuni-italiani.it/081/024/,base.state_it_tp,base.it,4
6843,Alia,90021,091,082001,A195,http://www.comuni-italiani.it/082/001/,base.state_it_pa,base.it,4
6844,Alimena,90020,0921,082002,A202,http://www.comuni-italiani.it/082/002/,base.state_it_pa,base.it,4
6845,Aliminusa,90020,091,082003,A203,http://www.comuni-italiani.it/082/003/,base.state_it_pa,base.it,4
6846,Altavilla Milicia,90010,091,082004,A229,http://www.comuni-italiani.it/082/004/,base.state_it_pa,base.it,4
6847,Altofonte,90030,091,082005,A239,http://www.comuni-italiani.it/082/005/,base.state_it_pa,base.it,4
6848,Bagheria,90011,091,082006,A546,http://www.comuni-italiani.it/082/006/,base.state_it_pa,base.it,4
6849,Balestrate,90041,091,082007,A592,http://www.comuni-italiani.it/082/007/,base.state_it_pa,base.it,4
6850,Baucina,90020,091,082008,A719,http://www.comuni-italiani.it/082/008/,base.state_it_pa,base.it,4
6851,Belmonte Mezzagno,90031,091,082009,A764,http://www.comuni-italiani.it/082/009/,base.state_it_pa,base.it,4
6852,Bisacquino,90032,091,082010,A882,http://www.comuni-italiani.it/082/010/,base.state_it_pa,base.it,4
6853,Bolognetta,90030,091,082011,A946,http://www.comuni-italiani.it/082/011/,base.state_it_pa,base.it,4
6854,Bompietro,90020,0921,082012,A958,http://www.comuni-italiani.it/082/012/,base.state_it_pa,base.it,4
6855,Borgetto,90042,091,082013,A991,http://www.comuni-italiani.it/082/013/,base.state_it_pa,base.it,4
6856,Caccamo,90012,091,082014,B315,http://www.comuni-italiani.it/082/014/,base.state_it_pa,base.it,4
6857,Caltavuturo,90022,0921,082015,B430,http://www.comuni-italiani.it/082/015/,base.state_it_pa,base.it,4
6858,Campofelice di Fitalia,90030,091,082016,B533,http://www.comuni-italiani.it/082/016/,base.state_it_pa,base.it,4
6859,Campofelice di Roccella,90010,0921,082017,B532,http://www.comuni-italiani.it/082/017/,base.state_it_pa,base.it,4
6860,Campofiorito,90030,091,082018,B535,http://www.comuni-italiani.it/082/018/,base.state_it_pa,base.it,4
6861,Camporeale,90043,0924,082019,B556,http://www.comuni-italiani.it/082/019/,base.state_it_pa,base.it,4
6862,Capaci,90040,091,082020,B645,http://www.comuni-italiani.it/082/020/,base.state_it_pa,base.it,4
6863,Carini,90044,091,082021,B780,http://www.comuni-italiani.it/082/021/,base.state_it_pa,base.it,4
6864,Castelbuono,90013,0921,082022,C067,http://www.comuni-italiani.it/082/022/,base.state_it_pa,base.it,4
6865,Casteldaccia,90014,091,082023,C074,http://www.comuni-italiani.it/082/023/,base.state_it_pa,base.it,4
6866,Castellana Sicula,90020,0921,082024,C135,http://www.comuni-italiani.it/082/024/,base.state_it_pa,base.it,4
6867,Castronovo di Sicilia,90030,091,082025,C344,http://www.comuni-italiani.it/082/025/,base.state_it_pa,base.it,4
6868,Cefalà Diana,90030,091,082026,C420,http://www.comuni-italiani.it/082/026/,base.state_it_pa,base.it,4
6869,Cefalù,90015,0921,082027,C421,http://www.comuni-italiani.it/082/027/,base.state_it_pa,base.it,4
6870,Cerda,90010,091,082028,C496,http://www.comuni-italiani.it/082/028/,base.state_it_pa,base.it,4
6871,Chiusa Sclafani,90033,091,082029,C654,http://www.comuni-italiani.it/082/029/,base.state_it_pa,base.it,4
6872,Ciminna,90023,091,082030,C696,http://www.comuni-italiani.it/082/030/,base.state_it_pa,base.it,4
6873,Cinisi,90045,091,082031,C708,http://www.comuni-italiani.it/082/031/,base.state_it_pa,base.it,4
6874,Collesano,90016,0921,082032,C871,http://www.comuni-italiani.it/082/032/,base.state_it_pa,base.it,4
6875,Contessa Entellina,90030,091,082033,C968,http://www.comuni-italiani.it/082/033/,base.state_it_pa,base.it,4
6876,Corleone,90034,091,082034,D009,http://www.comuni-italiani.it/082/034/,base.state_it_pa,base.it,4
6877,Ficarazzi,90010,091,082035,D567,http://www.comuni-italiani.it/082/035/,base.state_it_pa,base.it,4
6878,Gangi,90024,0921,082036,D907,http://www.comuni-italiani.it/082/036/,base.state_it_pa,base.it,4
6879,Geraci Siculo,90010,0921,082037,D977,http://www.comuni-italiani.it/082/037/,base.state_it_pa,base.it,4
6880,Giardinello,90040,091,082038,E013,http://www.comuni-italiani.it/082/038/,base.state_it_pa,base.it,4
6881,Giuliana,90030,091,082039,E055,http://www.comuni-italiani.it/082/039/,base.state_it_pa,base.it,4
6882,Godrano,90030,091,082040,E074,http://www.comuni-italiani.it/082/040/,base.state_it_pa,base.it,4
6883,Gratteri,90010,0921,082041,E149,http://www.comuni-italiani.it/082/041/,base.state_it_pa,base.it,4
6884,Isnello,90010,0921,082042,E337,http://www.comuni-italiani.it/082/042/,base.state_it_pa,base.it,4
6885,Isola delle Femmine,90040,091,082043,E350,http://www.comuni-italiani.it/082/043/,base.state_it_pa,base.it,4
6886,Lascari,90010,0921,082044,E459,http://www.comuni-italiani.it/082/044/,base.state_it_pa,base.it,4
6887,Lercara Friddi,90025,091,082045,E541,http://www.comuni-italiani.it/082/045/,base.state_it_pa,base.it,4
6888,Marineo,90035,091,082046,E957,http://www.comuni-italiani.it/082/046/,base.state_it_pa,base.it,4
6889,Mezzojuso,90030,091,082047,F184,http://www.comuni-italiani.it/082/047/,base.state_it_pa,base.it,4
6890,Misilmeri,90036,091,082048,F246,http://www.comuni-italiani.it/082/048/,base.state_it_pa,base.it,4
6891,Monreale,90046,091,082049,F377,http://www.comuni-italiani.it/082/049/,base.state_it_pa,base.it,4
6892,Montelepre,90040,091,082050,F544,http://www.comuni-italiani.it/082/050/,base.state_it_pa,base.it,4
6893,Montemaggiore Belsito,90020,091,082051,F553,http://www.comuni-italiani.it/082/051/,base.state_it_pa,base.it,4
6894,Palazzo Adriano,90030,091,082052,G263,http://www.comuni-italiani.it/082/052/,base.state_it_pa,base.it,4
6895,Palermo,901%%,091,082053,G273,http://www.comuni-italiani.it/082/053/,base.state_it_pa,base.it,4
6896,Partinico,90047,091,082054,G348,http://www.comuni-italiani.it/082/054/,base.state_it_pa,base.it,4
6897,Petralia Soprana,90026,0921,082055,G510,http://www.comuni-italiani.it/082/055/,base.state_it_pa,base.it,4
6898,Petralia Sottana,90027,0921,082056,G511,http://www.comuni-italiani.it/082/056/,base.state_it_pa,base.it,4
6899,Piana degli Albanesi,90037,091,082057,G543,http://www.comuni-italiani.it/082/057/,base.state_it_pa,base.it,4
6900,Polizzi Generosa,90028,0921,082058,G792,http://www.comuni-italiani.it/082/058/,base.state_it_pa,base.it,4
6901,Pollina,90010,0921,082059,G797,http://www.comuni-italiani.it/082/059/,base.state_it_pa,base.it,4
6902,Prizzi,90038,091,082060,H070,http://www.comuni-italiani.it/082/060/,base.state_it_pa,base.it,4
6903,Roccamena,90040,091,082061,H422,http://www.comuni-italiani.it/082/061/,base.state_it_pa,base.it,4
6904,Roccapalumba,90020,091,082062,H428,http://www.comuni-italiani.it/082/062/,base.state_it_pa,base.it,4
6905,San Cipirello,90040,091,082063,H797,http://www.comuni-italiani.it/082/063/,base.state_it_pa,base.it,4
6906,San Giuseppe Jato,90048,091,082064,H933,http://www.comuni-italiani.it/082/064/,base.state_it_pa,base.it,4
6907,San Mauro Castelverde,90010,0921,082065,I028,http://www.comuni-italiani.it/082/065/,base.state_it_pa,base.it,4
6908,Santa Cristina Gela,90030,091,082066,I174,http://www.comuni-italiani.it/082/066/,base.state_it_pa,base.it,4
6909,Santa Flavia,90017,091,082067,I188,http://www.comuni-italiani.it/082/067/,base.state_it_pa,base.it,4
6910,Sciara,90020,091,082068,I534,http://www.comuni-italiani.it/082/068/,base.state_it_pa,base.it,4
6911,Sclafani Bagni,90020,0921,082069,I541,http://www.comuni-italiani.it/082/069/,base.state_it_pa,base.it,4
6912,Termini Imerese,90018,091,082070,L112,http://www.comuni-italiani.it/082/070/,base.state_it_pa,base.it,4
6913,Terrasini,90049,091,082071,L131,http://www.comuni-italiani.it/082/071/,base.state_it_pa,base.it,4
6914,Torretta,90040,091,082072,L282,http://www.comuni-italiani.it/082/072/,base.state_it_pa,base.it,4
6915,Trabia,90019,091,082073,L317,http://www.comuni-italiani.it/082/073/,base.state_it_pa,base.it,4
6916,Trappeto,90040,091,082074,L332,http://www.comuni-italiani.it/082/074/,base.state_it_pa,base.it,4
6917,Ustica,90010,091,082075,L519,http://www.comuni-italiani.it/082/075/,base.state_it_pa,base.it,4
6918,Valledolmo,90029,0921,082076,L603,http://www.comuni-italiani.it/082/076/,base.state_it_pa,base.it,4
6919,Ventimiglia di Sicilia,90020,091,082077,L740,http://www.comuni-italiani.it/082/077/,base.state_it_pa,base.it,4
6920,Vicari,90020,091,082078,L837,http://www.comuni-italiani.it/082/078/,base.state_it_pa,base.it,4
6921,Villabate,90039,091,082079,L916,http://www.comuni-italiani.it/082/079/,base.state_it_pa,base.it,4
6922,Villafrati,90030,091,082080,L951,http://www.comuni-italiani.it/082/080/,base.state_it_pa,base.it,4
6923,Scillato,90020,0921,082081,I538,http://www.comuni-italiani.it/082/081/,base.state_it_pa,base.it,4
6924,Blufi,90020,0921,082082,M268,http://www.comuni-italiani.it/082/082/,base.state_it_pa,base.it,4
6925,Alcara li Fusi,98070,0941,083001,A177,http://www.comuni-italiani.it/083/001/,base.state_it_me,base.it,4
6926,Alì,98020,0942,083002,A194,http://www.comuni-italiani.it/083/002/,base.state_it_me,base.it,4
6927,Alì Terme,98021,0942,083003,A201,http://www.comuni-italiani.it/083/003/,base.state_it_me,base.it,4
6928,Antillo,98030,0942,083004,A313,http://www.comuni-italiani.it/083/004/,base.state_it_me,base.it,4
6929,Barcellona Pozzo di Gotto,98051,090,083005,A638,http://www.comuni-italiani.it/083/005/,base.state_it_me,base.it,4
6930,Basicò,98060,0941,083006,A698,http://www.comuni-italiani.it/083/006/,base.state_it_me,base.it,4
6931,Brolo,98061,0941,083007,B198,http://www.comuni-italiani.it/083/007/,base.state_it_me,base.it,4
6932,Capizzi,98031,0935,083008,B660,http://www.comuni-italiani.it/083/008/,base.state_it_me,base.it,4
6933,Capo d'Orlando,98071,0941,083009,B666,http://www.comuni-italiani.it/083/009/,base.state_it_me,base.it,4
6934,Capri Leone,98070,0941,083010,B695,http://www.comuni-italiani.it/083/010/,base.state_it_me,base.it,4
6935,Caronia,98072,0921,083011,B804,http://www.comuni-italiani.it/083/011/,base.state_it_me,base.it,4
6936,Casalvecchio Siculo,98032,0942,083012,B918,http://www.comuni-italiani.it/083/012/,base.state_it_me,base.it,4
6937,Castel di Lucio,98070,0921,083013,C094,http://www.comuni-italiani.it/083/013/,base.state_it_me,base.it,4
6938,Castell'Umberto,98070,0941,083014,C051,http://www.comuni-italiani.it/083/014/,base.state_it_me,base.it,4
6939,Castelmola,98030,0942,083015,C210,http://www.comuni-italiani.it/083/015/,base.state_it_me,base.it,4
6940,Castroreale,98053,090,083016,C347,http://www.comuni-italiani.it/083/016/,base.state_it_me,base.it,4
6941,Cesarò,98033,095,083017,C568,http://www.comuni-italiani.it/083/017/,base.state_it_me,base.it,4
6942,Condrò,98040,090,083018,C956,http://www.comuni-italiani.it/083/018/,base.state_it_me,base.it,4
6943,Falcone,98060,0941,083019,D474,http://www.comuni-italiani.it/083/019/,base.state_it_me,base.it,4
6944,Ficarra,98062,0941,083020,D569,http://www.comuni-italiani.it/083/020/,base.state_it_me,base.it,4
6945,Fiumedinisi,98022,0942,083021,D622,http://www.comuni-italiani.it/083/021/,base.state_it_me,base.it,4
6946,Floresta,98030,0941,083022,D635,http://www.comuni-italiani.it/083/022/,base.state_it_me,base.it,4
6947,Fondachelli-Fantina,98050,0941,083023,D661,http://www.comuni-italiani.it/083/023/,base.state_it_me,base.it,4
6948,Forza d'Agrò,98030,0942,083024,D733,http://www.comuni-italiani.it/083/024/,base.state_it_me,base.it,4
6949,Francavilla di Sicilia,98034,0942,083025,D765,http://www.comuni-italiani.it/083/025/,base.state_it_me,base.it,4
6950,Frazzanò,98070,0941,083026,D793,http://www.comuni-italiani.it/083/026/,base.state_it_me,base.it,4
6951,Furci Siculo,98023,0942,083027,D824,http://www.comuni-italiani.it/083/027/,base.state_it_me,base.it,4
6952,Furnari,98054,0941,083028,D825,http://www.comuni-italiani.it/083/028/,base.state_it_me,base.it,4
6953,Gaggi,98030,0942,083029,D844,http://www.comuni-italiani.it/083/029/,base.state_it_me,base.it,4
6954,Galati Mamertino,98070,0941,083030,D861,http://www.comuni-italiani.it/083/030/,base.state_it_me,base.it,4
6955,Gallodoro,98030,0942,083031,D885,http://www.comuni-italiani.it/083/031/,base.state_it_me,base.it,4
6956,Giardini-Naxos,98035,0942,083032,E014,http://www.comuni-italiani.it/083/032/,base.state_it_me,base.it,4
6957,Gioiosa Marea,98063,0941,083033,E043,http://www.comuni-italiani.it/083/033/,base.state_it_me,base.it,4
6958,Graniti,98036,0942,083034,E142,http://www.comuni-italiani.it/083/034/,base.state_it_me,base.it,4
6959,Gualtieri Sicaminò,98040,090,083035,E233,http://www.comuni-italiani.it/083/035/,base.state_it_me,base.it,4
6960,Itala,98025,090,083036,E374,http://www.comuni-italiani.it/083/036/,base.state_it_me,base.it,4
6961,Leni,98050,090,083037,E523,http://www.comuni-italiani.it/083/037/,base.state_it_me,base.it,4
6962,Letojanni,98037,0942,083038,E555,http://www.comuni-italiani.it/083/038/,base.state_it_me,base.it,4
6963,Librizzi,98064,0941,083039,E571,http://www.comuni-italiani.it/083/039/,base.state_it_me,base.it,4
6964,Limina,98030,0942,083040,E594,http://www.comuni-italiani.it/083/040/,base.state_it_me,base.it,4
6965,Lipari,98055,090,083041,E606,http://www.comuni-italiani.it/083/041/,base.state_it_me,base.it,4
6966,Longi,98070,0941,083042,E674,http://www.comuni-italiani.it/083/042/,base.state_it_me,base.it,4
6967,Malfa,98050,090,083043,E855,http://www.comuni-italiani.it/083/043/,base.state_it_me,base.it,4
6968,Malvagna,98030,0942,083044,E869,http://www.comuni-italiani.it/083/044/,base.state_it_me,base.it,4
6969,Mandanici,98020,0942,083045,E876,http://www.comuni-italiani.it/083/045/,base.state_it_me,base.it,4
6970,Mazzarrà Sant'Andrea,98056,0941,083046,F066,http://www.comuni-italiani.it/083/046/,base.state_it_me,base.it,4
6971,Merì,98040,090,083047,F147,http://www.comuni-italiani.it/083/047/,base.state_it_me,base.it,4
6972,Messina,981%%,090,083048,F158,http://www.comuni-italiani.it/083/048/,base.state_it_me,base.it,4
6973,Milazzo,98057,090,083049,F206,http://www.comuni-italiani.it/083/049/,base.state_it_me,base.it,4
6974,Militello Rosmarino,98070,0941,083050,F210,http://www.comuni-italiani.it/083/050/,base.state_it_me,base.it,4
6975,Mirto,98070,0941,083051,F242,http://www.comuni-italiani.it/083/051/,base.state_it_me,base.it,4
6976,Mistretta,98073,0921,083052,F251,http://www.comuni-italiani.it/083/052/,base.state_it_me,base.it,4
6977,Moio Alcantara,98030,0942,083053,F277,http://www.comuni-italiani.it/083/053/,base.state_it_me,base.it,4
6978,Monforte San Giorgio,98041,090,083054,F359,http://www.comuni-italiani.it/083/054/,base.state_it_me,base.it,4
6979,Mongiuffi Melia,98030,0942,083055,F368,http://www.comuni-italiani.it/083/055/,base.state_it_me,base.it,4
6980,Montagnareale,98060,0941,083056,F395,http://www.comuni-italiani.it/083/056/,base.state_it_me,base.it,4
6981,Montalbano Elicona,98065,0941,083057,F400,http://www.comuni-italiani.it/083/057/,base.state_it_me,base.it,4
6982,Motta Camastra,98030,0942,083058,F772,http://www.comuni-italiani.it/083/058/,base.state_it_me,base.it,4
6983,Motta d'Affermo,98070,0921,083059,F773,http://www.comuni-italiani.it/083/059/,base.state_it_me,base.it,4
6984,Naso,98074,0941,083060,F848,http://www.comuni-italiani.it/083/060/,base.state_it_me,base.it,4
6985,Nizza di Sicilia,98026,0942,083061,F901,http://www.comuni-italiani.it/083/061/,base.state_it_me,base.it,4
6986,Novara di Sicilia,98058,0941,083062,F951,http://www.comuni-italiani.it/083/062/,base.state_it_me,base.it,4
6987,Oliveri,98060,0941,083063,G036,http://www.comuni-italiani.it/083/063/,base.state_it_me,base.it,4
6988,Pace del Mela,98042,090,083064,G209,http://www.comuni-italiani.it/083/064/,base.state_it_me,base.it,4
6989,Pagliara,98020,0942,083065,G234,http://www.comuni-italiani.it/083/065/,base.state_it_me,base.it,4
6990,Patti,98066,0941,083066,G377,http://www.comuni-italiani.it/083/066/,base.state_it_me,base.it,4
6991,Pettineo,98070,0921,083067,G522,http://www.comuni-italiani.it/083/067/,base.state_it_me,base.it,4
6992,Piraino,98060,0941,083068,G699,http://www.comuni-italiani.it/083/068/,base.state_it_me,base.it,4
6993,Raccuja,98067,0941,083069,H151,http://www.comuni-italiani.it/083/069/,base.state_it_me,base.it,4
6994,Reitano,98070,0921,083070,H228,http://www.comuni-italiani.it/083/070/,base.state_it_me,base.it,4
6995,Roccafiorita,98030,0942,083071,H405,http://www.comuni-italiani.it/083/071/,base.state_it_me,base.it,4
6996,Roccalumera,98027,0942,083072,H418,http://www.comuni-italiani.it/083/072/,base.state_it_me,base.it,4
6997,Roccavaldina,98040,090,083073,H380,http://www.comuni-italiani.it/083/073/,base.state_it_me,base.it,4
6998,Roccella Valdemone,98030,0942,083074,H455,http://www.comuni-italiani.it/083/074/,base.state_it_me,base.it,4
6999,Rodì Milici,98059,090,083075,H479,http://www.comuni-italiani.it/083/075/,base.state_it_me,base.it,4
7000,Rometta,98043,090,083076,H519,http://www.comuni-italiani.it/083/076/,base.state_it_me,base.it,4
7001,San Filippo del Mela,98044,090,083077,H842,http://www.comuni-italiani.it/083/077/,base.state_it_me,base.it,4
7002,San Fratello,98075,0941,083078,H850,http://www.comuni-italiani.it/083/078/,base.state_it_me,base.it,4
7003,San Marco d'Alunzio,98070,0941,083079,H982,http://www.comuni-italiani.it/083/079/,base.state_it_me,base.it,4
7004,San Pier Niceto,98045,090,083080,I084,http://www.comuni-italiani.it/083/080/,base.state_it_me,base.it,4
7005,San Piero Patti,98068,0941,083081,I086,http://www.comuni-italiani.it/083/081/,base.state_it_me,base.it,4
7006,San Salvatore di Fitalia,98070,0941,083082,I147,http://www.comuni-italiani.it/083/082/,base.state_it_me,base.it,4
7007,Santa Domenica Vittoria,98030,095,083083,I184,http://www.comuni-italiani.it/083/083/,base.state_it_me,base.it,4
7008,Sant'Agata di Militello,98076,0941,083084,I199,http://www.comuni-italiani.it/083/084/,base.state_it_me,base.it,4
7009,Sant'Alessio Siculo,98030,0942,083085,I215,http://www.comuni-italiani.it/083/085/,base.state_it_me,base.it,4
7010,Santa Lucia del Mela,98046,090,083086,I220,http://www.comuni-italiani.it/083/086/,base.state_it_me,base.it,4
7011,Santa Marina Salina,98050,090,083087,I254,http://www.comuni-italiani.it/083/087/,base.state_it_me,base.it,4
7012,Sant'Angelo di Brolo,98060,0941,083088,I283,http://www.comuni-italiani.it/083/088/,base.state_it_me,base.it,4
7013,Santa Teresa di Riva,98028,0942,083089,I311,http://www.comuni-italiani.it/083/089/,base.state_it_me,base.it,4
7014,San Teodoro,98030,095,083090,I328,http://www.comuni-italiani.it/083/090/,base.state_it_me,base.it,4
7015,Santo Stefano di Camastra,98077,0921,083091,I370,http://www.comuni-italiani.it/083/091/,base.state_it_me,base.it,4
7016,Saponara,98047,090,083092,I420,http://www.comuni-italiani.it/083/092/,base.state_it_me,base.it,4
7017,Savoca,98038,0942,083093,I477,http://www.comuni-italiani.it/083/093/,base.state_it_me,base.it,4
7018,Scaletta Zanclea,98029,090,083094,I492,http://www.comuni-italiani.it/083/094/,base.state_it_me,base.it,4
7019,Sinagra,98069,0941,083095,I747,http://www.comuni-italiani.it/083/095/,base.state_it_me,base.it,4
7020,Spadafora,98048,090,083096,I881,http://www.comuni-italiani.it/083/096/,base.state_it_me,base.it,4
7021,Taormina,98039,0942,083097,L042,http://www.comuni-italiani.it/083/097/,base.state_it_me,base.it,4
7022,Torregrotta,98040,090,083098,L271,http://www.comuni-italiani.it/083/098/,base.state_it_me,base.it,4
7023,Tortorici,98078,0941,083099,L308,http://www.comuni-italiani.it/083/099/,base.state_it_me,base.it,4
7024,Tripi,98060,0941,083100,L431,http://www.comuni-italiani.it/083/100/,base.state_it_me,base.it,4
7025,Tusa,98079,0921,083101,L478,http://www.comuni-italiani.it/083/101/,base.state_it_me,base.it,4
7026,Ucria,98060,0941,083102,L482,http://www.comuni-italiani.it/083/102/,base.state_it_me,base.it,4
7027,Valdina,98040,090,083103,L561,http://www.comuni-italiani.it/083/103/,base.state_it_me,base.it,4
7028,Venetico,98040,090,083104,L735,http://www.comuni-italiani.it/083/104/,base.state_it_me,base.it,4
7029,Villafranca Tirrena,98049,090,083105,L950,http://www.comuni-italiani.it/083/105/,base.state_it_me,base.it,4
7030,Terme Vigliatore,98050,090,083106,M210,http://www.comuni-italiani.it/083/106/,base.state_it_me,base.it,4
7031,Acquedolci,98070,0941,083107,M211,http://www.comuni-italiani.it/083/107/,base.state_it_me,base.it,4
7032,Torrenova,98070,0941,083108,M286,http://www.comuni-italiani.it/083/108/,base.state_it_me,base.it,4
7033,Agrigento,92100,0922,084001,A089,http://www.comuni-italiani.it/084/001/,base.state_it_ag,base.it,4
7034,Alessandria della Rocca,92010,0922,084002,A181,http://www.comuni-italiani.it/084/002/,base.state_it_ag,base.it,4
7035,Aragona,92021,0922,084003,A351,http://www.comuni-italiani.it/084/003/,base.state_it_ag,base.it,4
7036,Bivona,92010,0922,084004,A896,http://www.comuni-italiani.it/084/004/,base.state_it_ag,base.it,4
7037,Burgio,92010,0925,084005,B275,http://www.comuni-italiani.it/084/005/,base.state_it_ag,base.it,4
7038,Calamonaci,92010,0925,084006,B377,http://www.comuni-italiani.it/084/006/,base.state_it_ag,base.it,4
7039,Caltabellotta,92010,0925,084007,B427,http://www.comuni-italiani.it/084/007/,base.state_it_ag,base.it,4
7040,Camastra,92020,0922,084008,B460,http://www.comuni-italiani.it/084/008/,base.state_it_ag,base.it,4
7041,Cammarata,92022,0922,084009,B486,http://www.comuni-italiani.it/084/009/,base.state_it_ag,base.it,4
7042,Campobello di Licata,92023,0922,084010,B520,http://www.comuni-italiani.it/084/010/,base.state_it_ag,base.it,4
7043,Canicattì,92024,0922,084011,B602,http://www.comuni-italiani.it/084/011/,base.state_it_ag,base.it,4
7044,Casteltermini,92025,0922,084012,C275,http://www.comuni-italiani.it/084/012/,base.state_it_ag,base.it,4
7045,Castrofilippo,92020,0922,084013,C341,http://www.comuni-italiani.it/084/013/,base.state_it_ag,base.it,4
7046,Cattolica Eraclea,92011,0922,084014,C356,http://www.comuni-italiani.it/084/014/,base.state_it_ag,base.it,4
7047,Cianciana,92012,0922,084015,C668,http://www.comuni-italiani.it/084/015/,base.state_it_ag,base.it,4
7048,Comitini,92020,0922,084016,C928,http://www.comuni-italiani.it/084/016/,base.state_it_ag,base.it,4
7049,Favara,92026,0922,084017,D514,http://www.comuni-italiani.it/084/017/,base.state_it_ag,base.it,4
7050,Grotte,92020,0922,084018,E209,http://www.comuni-italiani.it/084/018/,base.state_it_ag,base.it,4
7051,Joppolo Giancaxio,92010,0922,084019,E390,http://www.comuni-italiani.it/084/019/,base.state_it_ag,base.it,4
7052,Lampedusa e Linosa,92010,0922,084020,E431,http://www.comuni-italiani.it/084/020/,base.state_it_ag,base.it,4
7053,Licata,92027,0922,084021,E573,http://www.comuni-italiani.it/084/021/,base.state_it_ag,base.it,4
7054,Lucca Sicula,92010,0925,084022,E714,http://www.comuni-italiani.it/084/022/,base.state_it_ag,base.it,4
7055,Menfi,92013,0925,084023,F126,http://www.comuni-italiani.it/084/023/,base.state_it_ag,base.it,4
7056,Montallegro,92010,0922,084024,F414,http://www.comuni-italiani.it/084/024/,base.state_it_ag,base.it,4
7057,Montevago,92010,0925,084025,F655,http://www.comuni-italiani.it/084/025/,base.state_it_ag,base.it,4
7058,Naro,92028,0922,084026,F845,http://www.comuni-italiani.it/084/026/,base.state_it_ag,base.it,4
7059,Palma di Montechiaro,92020,0922,084027,G282,http://www.comuni-italiani.it/084/027/,base.state_it_ag,base.it,4
7060,Porto Empedocle,92014,0922,084028,F299,http://www.comuni-italiani.it/084/028/,base.state_it_ag,base.it,4
7061,Racalmuto,92020,0922,084029,H148,http://www.comuni-italiani.it/084/029/,base.state_it_ag,base.it,4
7062,Raffadali,92015,0922,084030,H159,http://www.comuni-italiani.it/084/030/,base.state_it_ag,base.it,4
7063,Ravanusa,92029,0922,084031,H194,http://www.comuni-italiani.it/084/031/,base.state_it_ag,base.it,4
7064,Realmonte,92010,0922,084032,H205,http://www.comuni-italiani.it/084/032/,base.state_it_ag,base.it,4
7065,Ribera,92016,0925,084033,H269,http://www.comuni-italiani.it/084/033/,base.state_it_ag,base.it,4
7066,Sambuca di Sicilia,92017,0925,084034,H743,http://www.comuni-italiani.it/084/034/,base.state_it_ag,base.it,4
7067,San Biagio Platani,92020,0922,084035,H778,http://www.comuni-italiani.it/084/035/,base.state_it_ag,base.it,4
7068,San Giovanni Gemini,92020,0922,084036,H914,http://www.comuni-italiani.it/084/036/,base.state_it_ag,base.it,4
7069,Santa Elisabetta,92020,0922,084037,I185,http://www.comuni-italiani.it/084/037/,base.state_it_ag,base.it,4
7070,Santa Margherita di Belice,92018,0925,084038,I224,http://www.comuni-italiani.it/084/038/,base.state_it_ag,base.it,4
7071,Sant'Angelo Muxaro,92020,0922,084039,I290,http://www.comuni-italiani.it/084/039/,base.state_it_ag,base.it,4
7072,Santo Stefano Quisquina,92020,0922,084040,I356,http://www.comuni-italiani.it/084/040/,base.state_it_ag,base.it,4
7073,Sciacca,92019,0925,084041,I533,http://www.comuni-italiani.it/084/041/,base.state_it_ag,base.it,4
7074,Siculiana,92010,0922,084042,I723,http://www.comuni-italiani.it/084/042/,base.state_it_ag,base.it,4
7075,Villafranca Sicula,92020,0925,084043,L944,http://www.comuni-italiani.it/084/043/,base.state_it_ag,base.it,4
7076,Acquaviva Platani,93010,0934,085001,A049,http://www.comuni-italiani.it/085/001/,base.state_it_cl,base.it,4
7077,Bompensiere,93010,0934,085002,A957,http://www.comuni-italiani.it/085/002/,base.state_it_cl,base.it,4
7078,Butera,93011,0934,085003,B302,http://www.comuni-italiani.it/085/003/,base.state_it_cl,base.it,4
7079,Caltanissetta,93100,0934,085004,B429,http://www.comuni-italiani.it/085/004/,base.state_it_cl,base.it,4
7080,Campofranco,93010,0934,085005,B537,http://www.comuni-italiani.it/085/005/,base.state_it_cl,base.it,4
7081,Delia,93010,0922,085006,D267,http://www.comuni-italiani.it/085/006/,base.state_it_cl,base.it,4
7082,Gela,93012,0933,085007,D960,http://www.comuni-italiani.it/085/007/,base.state_it_cl,base.it,4
7083,Marianopoli,93010,0934,085008,E953,http://www.comuni-italiani.it/085/008/,base.state_it_cl,base.it,4
7084,Mazzarino,93013,0934,085009,F065,http://www.comuni-italiani.it/085/009/,base.state_it_cl,base.it,4
7085,Milena,93010,0934,085010,E618,http://www.comuni-italiani.it/085/010/,base.state_it_cl,base.it,4
7086,Montedoro,93010,0934,085011,F489,http://www.comuni-italiani.it/085/011/,base.state_it_cl,base.it,4
7087,Mussomeli,93014,0934,085012,F830,http://www.comuni-italiani.it/085/012/,base.state_it_cl,base.it,4
7088,Niscemi,93015,0933,085013,F899,http://www.comuni-italiani.it/085/013/,base.state_it_cl,base.it,4
7089,Resuttano,93010,0934,085014,H245,http://www.comuni-italiani.it/085/014/,base.state_it_cl,base.it,4
7090,Riesi,93016,0934,085015,H281,http://www.comuni-italiani.it/085/015/,base.state_it_cl,base.it,4
7091,San Cataldo,93017,0934,085016,H792,http://www.comuni-italiani.it/085/016/,base.state_it_cl,base.it,4
7092,Santa Caterina Villarmosa,93018,0934,085017,I169,http://www.comuni-italiani.it/085/017/,base.state_it_cl,base.it,4
7093,Serradifalco,93010,0934,085018,I644,http://www.comuni-italiani.it/085/018/,base.state_it_cl,base.it,4
7094,Sommatino,93019,0922,085019,I824,http://www.comuni-italiani.it/085/019/,base.state_it_cl,base.it,4
7095,Sutera,93010,0934,085020,L016,http://www.comuni-italiani.it/085/020/,base.state_it_cl,base.it,4
7096,Vallelunga Pratameno,93010,0934,085021,L609,http://www.comuni-italiani.it/085/021/,base.state_it_cl,base.it,4
7097,Villalba,93010,0934,085022,L959,http://www.comuni-italiani.it/085/022/,base.state_it_cl,base.it,4
7098,Agira,94011,0935,086001,A070,http://www.comuni-italiani.it/086/001/,base.state_it_en,base.it,4
7099,Aidone,94010,0935,086002,A098,http://www.comuni-italiani.it/086/002/,base.state_it_en,base.it,4
7100,Assoro,94010,0935,086003,A478,http://www.comuni-italiani.it/086/003/,base.state_it_en,base.it,4
7101,Barrafranca,94012,0934,086004,A676,http://www.comuni-italiani.it/086/004/,base.state_it_en,base.it,4
7102,Calascibetta,94010,0935,086005,B381,http://www.comuni-italiani.it/086/005/,base.state_it_en,base.it,4
7103,Catenanuova,94010,0935,086006,C353,http://www.comuni-italiani.it/086/006/,base.state_it_en,base.it,4
7104,Centuripe,94010,0935,086007,C471,http://www.comuni-italiani.it/086/007/,base.state_it_en,base.it,4
7105,Cerami,94010,0935,086008,C480,http://www.comuni-italiani.it/086/008/,base.state_it_en,base.it,4
7106,Enna,94100,0935,086009,C342,http://www.comuni-italiani.it/086/009/,base.state_it_en,base.it,4
7107,Gagliano Castelferrato,94010,0935,086010,D849,http://www.comuni-italiani.it/086/010/,base.state_it_en,base.it,4
7108,Leonforte,94013,0935,086011,E536,http://www.comuni-italiani.it/086/011/,base.state_it_en,base.it,4
7109,Nicosia,94014,0935,086012,F892,http://www.comuni-italiani.it/086/012/,base.state_it_en,base.it,4
7110,Nissoria,94010,0935,086013,F900,http://www.comuni-italiani.it/086/013/,base.state_it_en,base.it,4
7111,Piazza Armerina,94015,0935,086014,G580,http://www.comuni-italiani.it/086/014/,base.state_it_en,base.it,4
7112,Pietraperzia,94016,0934,086015,G624,http://www.comuni-italiani.it/086/015/,base.state_it_en,base.it,4
7113,Regalbuto,94017,0935,086016,H221,http://www.comuni-italiani.it/086/016/,base.state_it_en,base.it,4
7114,Sperlinga,94010,0935,086017,I891,http://www.comuni-italiani.it/086/017/,base.state_it_en,base.it,4
7115,Troina,94018,0935,086018,L448,http://www.comuni-italiani.it/086/018/,base.state_it_en,base.it,4
7116,Valguarnera Caropepe,94019,0935,086019,L583,http://www.comuni-italiani.it/086/019/,base.state_it_en,base.it,4
7117,Villarosa,94010,0935,086020,M011,http://www.comuni-italiani.it/086/020/,base.state_it_en,base.it,4
7118,Aci Bonaccorsi,95020,095,087001,A025,http://www.comuni-italiani.it/087/001/,base.state_it_ct,base.it,4
7119,Aci Castello,95021,095,087002,A026,http://www.comuni-italiani.it/087/002/,base.state_it_ct,base.it,4
7120,Aci Catena,95022,095,087003,A027,http://www.comuni-italiani.it/087/003/,base.state_it_ct,base.it,4
7121,Acireale,95024,095,087004,A028,http://www.comuni-italiani.it/087/004/,base.state_it_ct,base.it,4
7122,Aci Sant'Antonio,95025,095,087005,A029,http://www.comuni-italiani.it/087/005/,base.state_it_ct,base.it,4
7123,Adrano,95031,095,087006,A056,http://www.comuni-italiani.it/087/006/,base.state_it_ct,base.it,4
7124,Belpasso,95032,095,087007,A766,http://www.comuni-italiani.it/087/007/,base.state_it_ct,base.it,4
7125,Biancavilla,95033,095,087008,A841,http://www.comuni-italiani.it/087/008/,base.state_it_ct,base.it,4
7126,Bronte,95034,095,087009,B202,http://www.comuni-italiani.it/087/009/,base.state_it_ct,base.it,4
7127,Calatabiano,95011,095,087010,B384,http://www.comuni-italiani.it/087/010/,base.state_it_ct,base.it,4
7128,Caltagirone,95041,0933,087011,B428,http://www.comuni-italiani.it/087/011/,base.state_it_ct,base.it,4
7129,Camporotondo Etneo,95040,095,087012,B561,http://www.comuni-italiani.it/087/012/,base.state_it_ct,base.it,4
7130,Castel di Iudica,95040,095,087013,C091,http://www.comuni-italiani.it/087/013/,base.state_it_ct,base.it,4
7131,Castiglione di Sicilia,95012,0942,087014,C297,http://www.comuni-italiani.it/087/014/,base.state_it_ct,base.it,4
7132,Catania,951%%,095,087015,C351,http://www.comuni-italiani.it/087/015/,base.state_it_ct,base.it,4
7133,Fiumefreddo di Sicilia,95013,095,087016,D623,http://www.comuni-italiani.it/087/016/,base.state_it_ct,base.it,4
7134,Giarre,95014,095,087017,E017,http://www.comuni-italiani.it/087/017/,base.state_it_ct,base.it,4
7135,Grammichele,95042,0933,087018,E133,http://www.comuni-italiani.it/087/018/,base.state_it_ct,base.it,4
7136,Gravina di Catania,95030,095,087019,E156,http://www.comuni-italiani.it/087/019/,base.state_it_ct,base.it,4
7137,Licodia Eubea,95040,0933,087020,E578,http://www.comuni-italiani.it/087/020/,base.state_it_ct,base.it,4
7138,Linguaglossa,95015,095,087021,E602,http://www.comuni-italiani.it/087/021/,base.state_it_ct,base.it,4
7139,Maletto,95035,095,087022,E854,http://www.comuni-italiani.it/087/022/,base.state_it_ct,base.it,4
7140,Mascali,95016,095,087023,F004,http://www.comuni-italiani.it/087/023/,base.state_it_ct,base.it,4
7141,Mascalucia,95030,095,087024,F005,http://www.comuni-italiani.it/087/024/,base.state_it_ct,base.it,4
7142,Militello in Val di Catania,95043,095,087025,F209,http://www.comuni-italiani.it/087/025/,base.state_it_ct,base.it,4
7143,Milo,95010,095,087026,F214,http://www.comuni-italiani.it/087/026/,base.state_it_ct,base.it,4
7144,Mineo,95044,0933,087027,F217,http://www.comuni-italiani.it/087/027/,base.state_it_ct,base.it,4
7145,Mirabella Imbaccari,95040,0933,087028,F231,http://www.comuni-italiani.it/087/028/,base.state_it_ct,base.it,4
7146,Misterbianco,95045,095,087029,F250,http://www.comuni-italiani.it/087/029/,base.state_it_ct,base.it,4
7147,Motta Sant'Anastasia,95040,095,087030,F781,http://www.comuni-italiani.it/087/030/,base.state_it_ct,base.it,4
7148,Nicolosi,95030,095,087031,F890,http://www.comuni-italiani.it/087/031/,base.state_it_ct,base.it,4
7149,Palagonia,95046,095,087032,G253,http://www.comuni-italiani.it/087/032/,base.state_it_ct,base.it,4
7150,Paternò,95047,095,087033,G371,http://www.comuni-italiani.it/087/033/,base.state_it_ct,base.it,4
7151,Pedara,95030,095,087034,G402,http://www.comuni-italiani.it/087/034/,base.state_it_ct,base.it,4
7152,Piedimonte Etneo,95017,095,087035,G597,http://www.comuni-italiani.it/087/035/,base.state_it_ct,base.it,4
7153,Raddusa,95040,095,087036,H154,http://www.comuni-italiani.it/087/036/,base.state_it_ct,base.it,4
7154,Ramacca,95040,095,087037,H168,http://www.comuni-italiani.it/087/037/,base.state_it_ct,base.it,4
7155,Randazzo,95036,095,087038,H175,http://www.comuni-italiani.it/087/038/,base.state_it_ct,base.it,4
7156,Riposto,95018,095,087039,H325,http://www.comuni-italiani.it/087/039/,base.state_it_ct,base.it,4
7157,San Cono,95040,0933,087040,H805,http://www.comuni-italiani.it/087/040/,base.state_it_ct,base.it,4
7158,San Giovanni la Punta,95037,095,087041,H922,http://www.comuni-italiani.it/087/041/,base.state_it_ct,base.it,4
7159,San Gregorio di Catania,95027,095,087042,H940,http://www.comuni-italiani.it/087/042/,base.state_it_ct,base.it,4
7160,San Michele di Ganzaria,95040,0933,087043,I035,http://www.comuni-italiani.it/087/043/,base.state_it_ct,base.it,4
7161,San Pietro Clarenza,95030,095,087044,I098,http://www.comuni-italiani.it/087/044/,base.state_it_ct,base.it,4
7162,Sant'Agata li Battiati,95030,095,087045,I202,http://www.comuni-italiani.it/087/045/,base.state_it_ct,base.it,4
7163,Sant'Alfio,95010,095,087046,I216,http://www.comuni-italiani.it/087/046/,base.state_it_ct,base.it,4
7164,Santa Maria di Licodia,95038,095,087047,I240,http://www.comuni-italiani.it/087/047/,base.state_it_ct,base.it,4
7165,Santa Venerina,95010,095,087048,I314,http://www.comuni-italiani.it/087/048/,base.state_it_ct,base.it,4
7166,Scordia,95048,095,087049,I548,http://www.comuni-italiani.it/087/049/,base.state_it_ct,base.it,4
7167,Trecastagni,95039,095,087050,L355,http://www.comuni-italiani.it/087/050/,base.state_it_ct,base.it,4
7168,Tremestieri Etneo,95030,095,087051,L369,http://www.comuni-italiani.it/087/051/,base.state_it_ct,base.it,4
7169,Valverde,95028,095,087052,L658,http://www.comuni-italiani.it/087/052/,base.state_it_ct,base.it,4
7170,Viagrande,95029,095,087053,L828,http://www.comuni-italiani.it/087/053/,base.state_it_ct,base.it,4
7171,Vizzini,95049,0933,087054,M100,http://www.comuni-italiani.it/087/054/,base.state_it_ct,base.it,4
7172,Zafferana Etnea,95019,095,087055,M139,http://www.comuni-italiani.it/087/055/,base.state_it_ct,base.it,4
7173,Mazzarrone,95040,0933,087056,M271,http://www.comuni-italiani.it/087/056/,base.state_it_ct,base.it,4
7174,Maniace,95030,095,087057,M283,http://www.comuni-italiani.it/087/057/,base.state_it_ct,base.it,4
7175,Ragalna,95030,095,087058,M287,http://www.comuni-italiani.it/087/058/,base.state_it_ct,base.it,4
7176,Acate,97011,0932,088001,A014,http://www.comuni-italiani.it/088/001/,base.state_it_rg,base.it,4
7177,Chiaramonte Gulfi,97012,0932,088002,C612,http://www.comuni-italiani.it/088/002/,base.state_it_rg,base.it,4
7178,Comiso,97013,0932,088003,C927,http://www.comuni-italiani.it/088/003/,base.state_it_rg,base.it,4
7179,Giarratana,97010,0932,088004,E016,http://www.comuni-italiani.it/088/004/,base.state_it_rg,base.it,4
7180,Ispica,97014,0932,088005,E366,http://www.comuni-italiani.it/088/005/,base.state_it_rg,base.it,4
7181,Modica,97015,0932,088006,F258,http://www.comuni-italiani.it/088/006/,base.state_it_rg,base.it,4
7182,Monterosso Almo,97010,0932,088007,F610,http://www.comuni-italiani.it/088/007/,base.state_it_rg,base.it,4
7183,Pozzallo,97016,0932,088008,G953,http://www.comuni-italiani.it/088/008/,base.state_it_rg,base.it,4
7184,Ragusa,97100,0932,088009,H163,http://www.comuni-italiani.it/088/009/,base.state_it_rg,base.it,4
7185,Santa Croce Camerina,97017,0932,088010,I178,http://www.comuni-italiani.it/088/010/,base.state_it_rg,base.it,4
7186,Scicli,97018,0932,088011,I535,http://www.comuni-italiani.it/088/011/,base.state_it_rg,base.it,4
7187,Vittoria,97019,0932,088012,M088,http://www.comuni-italiani.it/088/012/,base.state_it_rg,base.it,4
7188,Augusta,96011,0931,089001,A494,http://www.comuni-italiani.it/089/001/,base.state_it_sr,base.it,4
7189,Avola,96012,0931,089002,A522,http://www.comuni-italiani.it/089/002/,base.state_it_sr,base.it,4
7190,Buccheri,96010,0931,089003,B237,http://www.comuni-italiani.it/089/003/,base.state_it_sr,base.it,4
7191,Buscemi,96010,0931,089004,B287,http://www.comuni-italiani.it/089/004/,base.state_it_sr,base.it,4
7192,Canicattini Bagni,96010,0931,089005,B603,http://www.comuni-italiani.it/089/005/,base.state_it_sr,base.it,4
7193,Carlentini,96013,095,089006,B787,http://www.comuni-italiani.it/089/006/,base.state_it_sr,base.it,4
7194,Cassaro,96010,0931,089007,C006,http://www.comuni-italiani.it/089/007/,base.state_it_sr,base.it,4
7195,Ferla,96010,0931,089008,D540,http://www.comuni-italiani.it/089/008/,base.state_it_sr,base.it,4
7196,Floridia,96014,0931,089009,D636,http://www.comuni-italiani.it/089/009/,base.state_it_sr,base.it,4
7197,Francofonte,96015,095,089010,D768,http://www.comuni-italiani.it/089/010/,base.state_it_sr,base.it,4
7198,Lentini,96016,095,089011,E532,http://www.comuni-italiani.it/089/011/,base.state_it_sr,base.it,4
7199,Melilli,96010,0931,089012,F107,http://www.comuni-italiani.it/089/012/,base.state_it_sr,base.it,4
7200,Noto,96017,0931,089013,F943,http://www.comuni-italiani.it/089/013/,base.state_it_sr,base.it,4
7201,Pachino,96018,0931,089014,G211,http://www.comuni-italiani.it/089/014/,base.state_it_sr,base.it,4
7202,Palazzolo Acreide,96010,0931,089015,G267,http://www.comuni-italiani.it/089/015/,base.state_it_sr,base.it,4
7203,Rosolini,96019,0931,089016,H574,http://www.comuni-italiani.it/089/016/,base.state_it_sr,base.it,4
7204,Siracusa,96100,0931,089017,I754,http://www.comuni-italiani.it/089/017/,base.state_it_sr,base.it,4
7205,Solarino,96010,0931,089018,I785,http://www.comuni-italiani.it/089/018/,base.state_it_sr,base.it,4
7206,Sortino,96010,0931,089019,I864,http://www.comuni-italiani.it/089/019/,base.state_it_sr,base.it,4
7207,Portopalo di Capo Passero,96010,0931,089020,M257,http://www.comuni-italiani.it/089/020/,base.state_it_sr,base.it,4
7208,Priolo Gargallo,96010,0931,089021,M279,http://www.comuni-italiani.it/089/021/,base.state_it_sr,base.it,4
7209,Alghero,07041,079,090003,A192,http://www.comuni-italiani.it/090/003/,base.state_it_ss,base.it,4
7210,Anela,07010,079,090004,A287,http://www.comuni-italiani.it/090/004/,base.state_it_ss,base.it,4
7211,Ardara,07010,079,090005,A379,http://www.comuni-italiani.it/090/005/,base.state_it_ss,base.it,4
7212,Banari,07040,079,090007,A606,http://www.comuni-italiani.it/090/007/,base.state_it_ss,base.it,4
7213,Benetutti,07010,079,090008,A781,http://www.comuni-italiani.it/090/008/,base.state_it_ss,base.it,4
7214,Bessude,07040,079,090010,A827,http://www.comuni-italiani.it/090/010/,base.state_it_ss,base.it,4
7215,Bonnanaro,07043,079,090011,A976,http://www.comuni-italiani.it/090/011/,base.state_it_ss,base.it,4
7216,Bono,07011,079,090012,A977,http://www.comuni-italiani.it/090/012/,base.state_it_ss,base.it,4
7217,Bonorva,07012,079,090013,A978,http://www.comuni-italiani.it/090/013/,base.state_it_ss,base.it,4
7218,Borutta,07040,079,090015,B064,http://www.comuni-italiani.it/090/015/,base.state_it_ss,base.it,4
7219,Bottidda,07010,079,090016,B094,http://www.comuni-italiani.it/090/016/,base.state_it_ss,base.it,4
7220,Bultei,07010,079,090018,B264,http://www.comuni-italiani.it/090/018/,base.state_it_ss,base.it,4
7221,Bulzi,07030,079,090019,B265,http://www.comuni-italiani.it/090/019/,base.state_it_ss,base.it,4
7222,Burgos,07010,079,090020,B276,http://www.comuni-italiani.it/090/020/,base.state_it_ss,base.it,4
7223,Cargeghe,07030,079,090022,B772,http://www.comuni-italiani.it/090/022/,base.state_it_ss,base.it,4
7224,Castelsardo,07031,079,090023,C272,http://www.comuni-italiani.it/090/023/,base.state_it_ss,base.it,4
7225,Cheremule,07040,079,090024,C600,http://www.comuni-italiani.it/090/024/,base.state_it_ss,base.it,4
7226,Chiaramonti,07030,079,090025,C613,http://www.comuni-italiani.it/090/025/,base.state_it_ss,base.it,4
7227,Codrongianos,07040,079,090026,C818,http://www.comuni-italiani.it/090/026/,base.state_it_ss,base.it,4
7228,Cossoine,07010,079,090027,D100,http://www.comuni-italiani.it/090/027/,base.state_it_ss,base.it,4
7229,Esporlatu,07010,079,090028,D441,http://www.comuni-italiani.it/090/028/,base.state_it_ss,base.it,4
7230,Florinas,07030,079,090029,D637,http://www.comuni-italiani.it/090/029/,base.state_it_ss,base.it,4
7231,Giave,07010,079,090030,E019,http://www.comuni-italiani.it/090/030/,base.state_it_ss,base.it,4
7232,Illorai,07010,079,090031,E285,http://www.comuni-italiani.it/090/031/,base.state_it_ss,base.it,4
7233,Ittireddu,07010,079,090032,E376,http://www.comuni-italiani.it/090/032/,base.state_it_ss,base.it,4
7234,Ittiri,07044,079,090033,E377,http://www.comuni-italiani.it/090/033/,base.state_it_ss,base.it,4
7235,Laerru,07030,079,090034,E401,http://www.comuni-italiani.it/090/034/,base.state_it_ss,base.it,4
7236,Mara,07010,079,090038,E902,http://www.comuni-italiani.it/090/038/,base.state_it_ss,base.it,4
7237,Martis,07030,079,090039,E992,http://www.comuni-italiani.it/090/039/,base.state_it_ss,base.it,4
7238,Monteleone Rocca Doria,07010,079,090040,F542,http://www.comuni-italiani.it/090/040/,base.state_it_ss,base.it,4
7239,Mores,07013,079,090042,F721,http://www.comuni-italiani.it/090/042/,base.state_it_ss,base.it,4
7240,Muros,07030,079,090043,F818,http://www.comuni-italiani.it/090/043/,base.state_it_ss,base.it,4
7241,Nughedu San Nicolò,07010,079,090044,F975,http://www.comuni-italiani.it/090/044/,base.state_it_ss,base.it,4
7242,Nule,07010,079,090045,F976,http://www.comuni-italiani.it/090/045/,base.state_it_ss,base.it,4
7243,Nulvi,07032,079,090046,F977,http://www.comuni-italiani.it/090/046/,base.state_it_ss,base.it,4
7244,Olmedo,07040,079,090048,G046,http://www.comuni-italiani.it/090/048/,base.state_it_ss,base.it,4
7245,Osilo,07033,079,090050,G156,http://www.comuni-italiani.it/090/050/,base.state_it_ss,base.it,4
7246,Ossi,07045,079,090051,G178,http://www.comuni-italiani.it/090/051/,base.state_it_ss,base.it,4
7247,Ozieri,07014,079,090052,G203,http://www.comuni-italiani.it/090/052/,base.state_it_ss,base.it,4
7248,Padria,07015,079,090053,G225,http://www.comuni-italiani.it/090/053/,base.state_it_ss,base.it,4
7249,Pattada,07016,079,090055,G376,http://www.comuni-italiani.it/090/055/,base.state_it_ss,base.it,4
7250,Perfugas,07034,079,090056,G450,http://www.comuni-italiani.it/090/056/,base.state_it_ss,base.it,4
7251,Ploaghe,07017,079,090057,G740,http://www.comuni-italiani.it/090/057/,base.state_it_ss,base.it,4
7252,Porto Torres,07046,079,090058,G924,http://www.comuni-italiani.it/090/058/,base.state_it_ss,base.it,4
7253,Pozzomaggiore,07018,079,090059,G962,http://www.comuni-italiani.it/090/059/,base.state_it_ss,base.it,4
7254,Putifigari,07040,079,090060,H095,http://www.comuni-italiani.it/090/060/,base.state_it_ss,base.it,4
7255,Romana,07010,079,090061,H507,http://www.comuni-italiani.it/090/061/,base.state_it_ss,base.it,4
7256,Sassari,07100,079,090064,I452,http://www.comuni-italiani.it/090/064/,base.state_it_ss,base.it,4
7257,Sedini,07035,079,090065,I565,http://www.comuni-italiani.it/090/065/,base.state_it_ss,base.it,4
7258,Semestene,07010,079,090066,I598,http://www.comuni-italiani.it/090/066/,base.state_it_ss,base.it,4
7259,Sennori,07036,079,090067,I614,http://www.comuni-italiani.it/090/067/,base.state_it_ss,base.it,4
7260,Siligo,07040,079,090068,I732,http://www.comuni-italiani.it/090/068/,base.state_it_ss,base.it,4
7261,Sorso,07037,079,090069,I863,http://www.comuni-italiani.it/090/069/,base.state_it_ss,base.it,4
7262,Thiesi,07047,079,090071,L158,http://www.comuni-italiani.it/090/071/,base.state_it_ss,base.it,4
7263,Tissi,07040,079,090072,L180,http://www.comuni-italiani.it/090/072/,base.state_it_ss,base.it,4
7264,Torralba,07048,079,090073,L235,http://www.comuni-italiani.it/090/073/,base.state_it_ss,base.it,4
7265,Tula,07010,079,090075,L464,http://www.comuni-italiani.it/090/075/,base.state_it_ss,base.it,4
7266,Uri,07040,079,090076,L503,http://www.comuni-italiani.it/090/076/,base.state_it_ss,base.it,4
7267,Usini,07049,079,090077,L509,http://www.comuni-italiani.it/090/077/,base.state_it_ss,base.it,4
7268,Villanova Monteleone,07019,079,090078,L989,http://www.comuni-italiani.it/090/078/,base.state_it_ss,base.it,4
7269,Valledoria,07039,079,090079,L604,http://www.comuni-italiani.it/090/079/,base.state_it_ss,base.it,4
7270,Viddalba,07030,079,090082,M259,http://www.comuni-italiani.it/090/082/,base.state_it_ss,base.it,4
7271,Tergu,07030,079,090086,M282,http://www.comuni-italiani.it/090/086/,base.state_it_ss,base.it,4
7272,Santa Maria Coghinas,07030,079,090087,M284,http://www.comuni-italiani.it/090/087/,base.state_it_ss,base.it,4
7273,Erula,07030,079,090088,M292,http://www.comuni-italiani.it/090/088/,base.state_it_ss,base.it,4
7274,Stintino,07040,079,090089,M290,http://www.comuni-italiani.it/090/089/,base.state_it_ss,base.it,4
7275,Aritzo,08031,0784,091001,A407,http://www.comuni-italiani.it/091/001/,base.state_it_nu,base.it,4
7276,Atzara,08030,0784,091003,A492,http://www.comuni-italiani.it/091/003/,base.state_it_nu,base.it,4
7277,Austis,08030,0784,091004,A503,http://www.comuni-italiani.it/091/004/,base.state_it_nu,base.it,4
7278,Belvì,08030,0784,091007,A776,http://www.comuni-italiani.it/091/007/,base.state_it_nu,base.it,4
7279,Birori,08010,0785,091008,A880,http://www.comuni-italiani.it/091/008/,base.state_it_nu,base.it,4
7280,Bitti,08021,0784,091009,A895,http://www.comuni-italiani.it/091/009/,base.state_it_nu,base.it,4
7281,Bolotana,08011,0785,091010,A948,http://www.comuni-italiani.it/091/010/,base.state_it_nu,base.it,4
7282,Borore,08016,0785,091011,B056,http://www.comuni-italiani.it/091/011/,base.state_it_nu,base.it,4
7283,Bortigali,08012,0785,091012,B062,http://www.comuni-italiani.it/091/012/,base.state_it_nu,base.it,4
7284,Desulo,08032,0784,091016,D287,http://www.comuni-italiani.it/091/016/,base.state_it_nu,base.it,4
7285,Dorgali,08022,0784,091017,D345,http://www.comuni-italiani.it/091/017/,base.state_it_nu,base.it,4
7286,Dualchi,08010,0785,091018,D376,http://www.comuni-italiani.it/091/018/,base.state_it_nu,base.it,4
7287,Fonni,08023,0784,091024,D665,http://www.comuni-italiani.it/091/024/,base.state_it_nu,base.it,4
7288,Gadoni,08030,0784,091025,D842,http://www.comuni-italiani.it/091/025/,base.state_it_nu,base.it,4
7289,Galtellì,08020,0784,091027,D888,http://www.comuni-italiani.it/091/027/,base.state_it_nu,base.it,4
7290,Gavoi,08020,0784,091028,D947,http://www.comuni-italiani.it/091/028/,base.state_it_nu,base.it,4
7291,Irgoli,08020,0784,091033,E323,http://www.comuni-italiani.it/091/033/,base.state_it_nu,base.it,4
7292,Lei,08010,0785,091038,E517,http://www.comuni-italiani.it/091/038/,base.state_it_nu,base.it,4
7293,Loculi,08020,0784,091040,E646,http://www.comuni-italiani.it/091/040/,base.state_it_nu,base.it,4
7294,Lodè,08020,0784,091041,E647,http://www.comuni-italiani.it/091/041/,base.state_it_nu,base.it,4
7295,Lula,08020,0784,091043,E736,http://www.comuni-italiani.it/091/043/,base.state_it_nu,base.it,4
7296,Macomer,08015,0785,091044,E788,http://www.comuni-italiani.it/091/044/,base.state_it_nu,base.it,4
7297,Mamoiada,08024,0784,091046,E874,http://www.comuni-italiani.it/091/046/,base.state_it_nu,base.it,4
7298,Meana Sardo,08030,0784,091047,F073,http://www.comuni-italiani.it/091/047/,base.state_it_nu,base.it,4
7299,Noragugume,08010,0785,091050,F933,http://www.comuni-italiani.it/091/050/,base.state_it_nu,base.it,4
7300,Nuoro,08100,0784,091051,F979,http://www.comuni-italiani.it/091/051/,base.state_it_nu,base.it,4
7301,Oliena,08025,0784,091055,G031,http://www.comuni-italiani.it/091/055/,base.state_it_nu,base.it,4
7302,Ollolai,08020,0784,091056,G044,http://www.comuni-italiani.it/091/056/,base.state_it_nu,base.it,4
7303,Olzai,08020,0784,091057,G058,http://www.comuni-italiani.it/091/057/,base.state_it_nu,base.it,4
7304,Onanì,08020,0784,091058,G064,http://www.comuni-italiani.it/091/058/,base.state_it_nu,base.it,4
7305,Onifai,08020,0784,091059,G070,http://www.comuni-italiani.it/091/059/,base.state_it_nu,base.it,4
7306,Oniferi,08020,0784,091060,G071,http://www.comuni-italiani.it/091/060/,base.state_it_nu,base.it,4
7307,Orani,08026,0784,091061,G084,http://www.comuni-italiani.it/091/061/,base.state_it_nu,base.it,4
7308,Orgosolo,08027,0784,091062,G097,http://www.comuni-italiani.it/091/062/,base.state_it_nu,base.it,4
7309,Orosei,08028,0784,091063,G119,http://www.comuni-italiani.it/091/063/,base.state_it_nu,base.it,4
7310,Orotelli,08020,0784,091064,G120,http://www.comuni-italiani.it/091/064/,base.state_it_nu,base.it,4
7311,Ortueri,08036,0784,091066,G146,http://www.comuni-italiani.it/091/066/,base.state_it_nu,base.it,4
7312,Orune,08020,0784,091067,G147,http://www.comuni-italiani.it/091/067/,base.state_it_nu,base.it,4
7313,Osidda,08020,079,091068,G154,http://www.comuni-italiani.it/091/068/,base.state_it_nu,base.it,4
7314,Ottana,08020,0784,091070,G191,http://www.comuni-italiani.it/091/070/,base.state_it_nu,base.it,4
7315,Ovodda,08020,0784,091071,G201,http://www.comuni-italiani.it/091/071/,base.state_it_nu,base.it,4
7316,Posada,08020,0784,091073,G929,http://www.comuni-italiani.it/091/073/,base.state_it_nu,base.it,4
7317,Sarule,08020,0784,091077,I448,http://www.comuni-italiani.it/091/077/,base.state_it_nu,base.it,4
7318,Silanus,08017,0785,091083,I730,http://www.comuni-italiani.it/091/083/,base.state_it_nu,base.it,4
7319,Sindia,08018,0785,091084,I748,http://www.comuni-italiani.it/091/084/,base.state_it_nu,base.it,4
7320,Siniscola,08029,0784,091085,I751,http://www.comuni-italiani.it/091/085/,base.state_it_nu,base.it,4
7321,Sorgono,08038,0784,091086,I851,http://www.comuni-italiani.it/091/086/,base.state_it_nu,base.it,4
7322,Teti,08030,0784,091090,L153,http://www.comuni-italiani.it/091/090/,base.state_it_nu,base.it,4
7323,Tiana,08020,0784,091091,L160,http://www.comuni-italiani.it/091/091/,base.state_it_nu,base.it,4
7324,Tonara,08039,0784,091093,L202,http://www.comuni-italiani.it/091/093/,base.state_it_nu,base.it,4
7325,Torpè,08020,0784,091094,L231,http://www.comuni-italiani.it/091/094/,base.state_it_nu,base.it,4
7326,Lodine,08020,0784,091104,E649,http://www.comuni-italiani.it/091/104/,base.state_it_nu,base.it,4
7327,Armungia,09040,070,092002,A419,http://www.comuni-italiani.it/092/002/,base.state_it_ca,base.it,4
7328,Assemini,09032,070,092003,A474,http://www.comuni-italiani.it/092/003/,base.state_it_ca,base.it,4
7329,Ballao,09040,070,092004,A597,http://www.comuni-italiani.it/092/004/,base.state_it_ca,base.it,4
7330,Barrali,09040,070,092005,A677,http://www.comuni-italiani.it/092/005/,base.state_it_ca,base.it,4
7331,Burcei,09040,070,092008,B274,http://www.comuni-italiani.it/092/008/,base.state_it_ca,base.it,4
7332,Cagliari,091%%,070,092009,B354,http://www.comuni-italiani.it/092/009/,base.state_it_ca,base.it,4
7333,Capoterra,09012,070,092011,B675,http://www.comuni-italiani.it/092/011/,base.state_it_ca,base.it,4
7334,Decimomannu,09033,070,092015,D259,http://www.comuni-italiani.it/092/015/,base.state_it_ca,base.it,4
7335,Decimoputzu,09010,070,092016,D260,http://www.comuni-italiani.it/092/016/,base.state_it_ca,base.it,4
7336,Dolianova,09041,070,092017,D323,http://www.comuni-italiani.it/092/017/,base.state_it_ca,base.it,4
7337,Domus de Maria,09010,070,092018,D333,http://www.comuni-italiani.it/092/018/,base.state_it_ca,base.it,4
7338,Donori,09040,070,092020,D344,http://www.comuni-italiani.it/092/020/,base.state_it_ca,base.it,4
7339,Gesico,09040,070,092024,D994,http://www.comuni-italiani.it/092/024/,base.state_it_ca,base.it,4
7340,Goni,09040,070,092027,E084,http://www.comuni-italiani.it/092/027/,base.state_it_ca,base.it,4
7341,Guamaggiore,09040,070,092030,E234,http://www.comuni-italiani.it/092/030/,base.state_it_ca,base.it,4
7342,Guasila,09040,070,092031,E252,http://www.comuni-italiani.it/092/031/,base.state_it_ca,base.it,4
7343,Mandas,09040,070,092036,E877,http://www.comuni-italiani.it/092/036/,base.state_it_ca,base.it,4
7344,Maracalagonis,09040,070,092037,E903,http://www.comuni-italiani.it/092/037/,base.state_it_ca,base.it,4
7345,Monastir,09023,070,092038,F333,http://www.comuni-italiani.it/092/038/,base.state_it_ca,base.it,4
7346,Muravera,09043,070,092039,F808,http://www.comuni-italiani.it/092/039/,base.state_it_ca,base.it,4
7347,Nuraminis,09024,070,092042,F983,http://www.comuni-italiani.it/092/042/,base.state_it_ca,base.it,4
7348,Ortacesus,09040,070,092044,G133,http://www.comuni-italiani.it/092/044/,base.state_it_ca,base.it,4
7349,Pimentel,09020,070,092048,G669,http://www.comuni-italiani.it/092/048/,base.state_it_ca,base.it,4
7350,Pula,09010,070,092050,H088,http://www.comuni-italiani.it/092/050/,base.state_it_ca,base.it,4
7351,Quartu Sant'Elena,09045,070,092051,H118,http://www.comuni-italiani.it/092/051/,base.state_it_ca,base.it,4
7352,Samatzai,09020,070,092053,H739,http://www.comuni-italiani.it/092/053/,base.state_it_ca,base.it,4
7353,San Basilio,09040,070,092054,H766,http://www.comuni-italiani.it/092/054/,base.state_it_ca,base.it,4
7354,San Nicolò Gerrei,09040,070,092058,G383,http://www.comuni-italiani.it/092/058/,base.state_it_ca,base.it,4
7355,San Sperate,09026,070,092059,I166,http://www.comuni-italiani.it/092/059/,base.state_it_ca,base.it,4
7356,Sant'Andrea Frius,09040,070,092061,I271,http://www.comuni-italiani.it/092/061/,base.state_it_ca,base.it,4
7357,San Vito,09040,070,092064,I402,http://www.comuni-italiani.it/092/064/,base.state_it_ca,base.it,4
7358,Sarroch,09018,070,092066,I443,http://www.comuni-italiani.it/092/066/,base.state_it_ca,base.it,4
7359,Selargius,09047,070,092068,I580,http://www.comuni-italiani.it/092/068/,base.state_it_ca,base.it,4
7360,Selegas,09040,070,092069,I582,http://www.comuni-italiani.it/092/069/,base.state_it_ca,base.it,4
7361,Senorbì,09040,070,092070,I615,http://www.comuni-italiani.it/092/070/,base.state_it_ca,base.it,4
7362,Serdiana,09040,070,092071,I624,http://www.comuni-italiani.it/092/071/,base.state_it_ca,base.it,4
7363,Sestu,09028,070,092074,I695,http://www.comuni-italiani.it/092/074/,base.state_it_ca,base.it,4
7364,Settimo San Pietro,09040,070,092075,I699,http://www.comuni-italiani.it/092/075/,base.state_it_ca,base.it,4
7365,Siliqua,09010,0781,092078,I734,http://www.comuni-italiani.it/092/078/,base.state_it_ca,base.it,4
7366,Silius,09040,070,092079,I735,http://www.comuni-italiani.it/092/079/,base.state_it_ca,base.it,4
7367,Sinnai,09048,070,092080,I752,http://www.comuni-italiani.it/092/080/,base.state_it_ca,base.it,4
7368,Siurgus Donigala,09040,070,092081,I765,http://www.comuni-italiani.it/092/081/,base.state_it_ca,base.it,4
7369,Soleminis,09040,070,092082,I797,http://www.comuni-italiani.it/092/082/,base.state_it_ca,base.it,4
7370,Suelli,09040,070,092083,I995,http://www.comuni-italiani.it/092/083/,base.state_it_ca,base.it,4
7371,Teulada,09019,070,092084,L154,http://www.comuni-italiani.it/092/084/,base.state_it_ca,base.it,4
7372,Ussana,09020,070,092088,L512,http://www.comuni-italiani.it/092/088/,base.state_it_ca,base.it,4
7373,Uta,09010,070,092090,L521,http://www.comuni-italiani.it/092/090/,base.state_it_ca,base.it,4
7374,Vallermosa,09010,0781,092091,L613,http://www.comuni-italiani.it/092/091/,base.state_it_ca,base.it,4
7375,Villaputzu,09040,070,092097,L998,http://www.comuni-italiani.it/092/097/,base.state_it_ca,base.it,4
7376,Villasalto,09040,070,092098,M016,http://www.comuni-italiani.it/092/098/,base.state_it_ca,base.it,4
7377,Villa San Pietro,09010,070,092099,I118,http://www.comuni-italiani.it/092/099/,base.state_it_ca,base.it,4
7378,Villasimius,09049,070,092100,B738,http://www.comuni-italiani.it/092/100/,base.state_it_ca,base.it,4
7379,Villasor,09034,070,092101,M025,http://www.comuni-italiani.it/092/101/,base.state_it_ca,base.it,4
7380,Villaspeciosa,09010,070,092102,M026,http://www.comuni-italiani.it/092/102/,base.state_it_ca,base.it,4
7381,Quartucciu,09044,070,092105,H119,http://www.comuni-italiani.it/092/105/,base.state_it_ca,base.it,4
7382,Castiadas,09040,070,092106,M288,http://www.comuni-italiani.it/092/106/,base.state_it_ca,base.it,4
7383,Elmas,09030,070,092108,D399,http://www.comuni-italiani.it/092/108/,base.state_it_ca,base.it,4
7384,Monserrato,09042,070,092109,F383,http://www.comuni-italiani.it/092/109/,base.state_it_ca,base.it,4
7385,Escalaplano,08043,070,092110,D430,http://www.comuni-italiani.it/092/110/,base.state_it_ca,base.it,4
7386,Escolca,08030,0782,092111,D431,http://www.comuni-italiani.it/092/111/,base.state_it_ca,base.it,4
7387,Esterzili,08030,0782,092112,D443,http://www.comuni-italiani.it/092/112/,base.state_it_ca,base.it,4
7388,Gergei,08030,0782,092113,D982,http://www.comuni-italiani.it/092/113/,base.state_it_ca,base.it,4
7389,Isili,08033,0782,092114,E336,http://www.comuni-italiani.it/092/114/,base.state_it_ca,base.it,4
7390,Nuragus,08030,0782,092115,F981,http://www.comuni-italiani.it/092/115/,base.state_it_ca,base.it,4
7391,Nurallao,08030,0782,092116,F982,http://www.comuni-italiani.it/092/116/,base.state_it_ca,base.it,4
7392,Nurri,08035,0782,092117,F986,http://www.comuni-italiani.it/092/117/,base.state_it_ca,base.it,4
7393,Orroli,08030,0782,092118,G122,http://www.comuni-italiani.it/092/118/,base.state_it_ca,base.it,4
7394,Sadali,08030,0782,092119,H659,http://www.comuni-italiani.it/092/119/,base.state_it_ca,base.it,4
7395,Serri,08030,0782,092120,I668,http://www.comuni-italiani.it/092/120/,base.state_it_ca,base.it,4
7396,Seulo,08030,0782,092121,I707,http://www.comuni-italiani.it/092/121/,base.state_it_ca,base.it,4
7397,Villanova Tulo,08030,0782,092122,L992,http://www.comuni-italiani.it/092/122/,base.state_it_ca,base.it,4
7398,Andreis,33080,0427,093001,A283,http://www.comuni-italiani.it/093/001/,base.state_it_pn,base.it,4
7399,Arba,33090,0427,093002,A354,http://www.comuni-italiani.it/093/002/,base.state_it_pn,base.it,4
7400,Arzene,33098,0434,093003,A456,http://www.comuni-italiani.it/093/003/,base.state_it_pn,base.it,4
7401,Aviano,33081,0434,093004,A516,http://www.comuni-italiani.it/093/004/,base.state_it_pn,base.it,4
7402,Azzano Decimo,33082,0434,093005,A530,http://www.comuni-italiani.it/093/005/,base.state_it_pn,base.it,4
7403,Barcis,33080,0427,093006,A640,http://www.comuni-italiani.it/093/006/,base.state_it_pn,base.it,4
7404,Brugnera,33070,0434,093007,B215,http://www.comuni-italiani.it/093/007/,base.state_it_pn,base.it,4
7405,Budoia,33070,0434,093008,B247,http://www.comuni-italiani.it/093/008/,base.state_it_pn,base.it,4
7406,Caneva,33070,0434,093009,B598,http://www.comuni-italiani.it/093/009/,base.state_it_pn,base.it,4
7407,Casarsa della Delizia,33072,0434,093010,B940,http://www.comuni-italiani.it/093/010/,base.state_it_pn,base.it,4
7408,Castelnovo del Friuli,33090,0427,093011,C217,http://www.comuni-italiani.it/093/011/,base.state_it_pn,base.it,4
7409,Cavasso Nuovo,33092,0427,093012,C385,http://www.comuni-italiani.it/093/012/,base.state_it_pn,base.it,4
7410,Chions,33083,0434,093013,C640,http://www.comuni-italiani.it/093/013/,base.state_it_pn,base.it,4
7411,Cimolais,33080,0427,093014,C699,http://www.comuni-italiani.it/093/014/,base.state_it_pn,base.it,4
7412,Claut,33080,0427,093015,C790,http://www.comuni-italiani.it/093/015/,base.state_it_pn,base.it,4
7413,Clauzetto,33090,0427,093016,C791,http://www.comuni-italiani.it/093/016/,base.state_it_pn,base.it,4
7414,Cordenons,33084,0434,093017,C991,http://www.comuni-italiani.it/093/017/,base.state_it_pn,base.it,4
7415,Cordovado,33075,0434,093018,C993,http://www.comuni-italiani.it/093/018/,base.state_it_pn,base.it,4
7416,Erto e Casso,33080,0427,093019,D426,http://www.comuni-italiani.it/093/019/,base.state_it_pn,base.it,4
7417,Fanna,33092,0427,093020,D487,http://www.comuni-italiani.it/093/020/,base.state_it_pn,base.it,4
7418,Fiume Veneto,33080,0434,093021,D621,http://www.comuni-italiani.it/093/021/,base.state_it_pn,base.it,4
7419,Fontanafredda,33074,0434,093022,D670,http://www.comuni-italiani.it/093/022/,base.state_it_pn,base.it,4
7420,Frisanco,33080,0427,093024,D804,http://www.comuni-italiani.it/093/024/,base.state_it_pn,base.it,4
7421,Maniago,33085,0427,093025,E889,http://www.comuni-italiani.it/093/025/,base.state_it_pn,base.it,4
7422,Meduno,33092,0427,093026,F089,http://www.comuni-italiani.it/093/026/,base.state_it_pn,base.it,4
7423,Montereale Valcellina,33086,0427,093027,F596,http://www.comuni-italiani.it/093/027/,base.state_it_pn,base.it,4
7424,Morsano al Tagliamento,33075,0434,093028,F750,http://www.comuni-italiani.it/093/028/,base.state_it_pn,base.it,4
7425,Pasiano di Pordenone,33087,0434,093029,G353,http://www.comuni-italiani.it/093/029/,base.state_it_pn,base.it,4
7426,Pinzano al Tagliamento,33094,0432,093030,G680,http://www.comuni-italiani.it/093/030/,base.state_it_pn,base.it,4
7427,Polcenigo,33070,0434,093031,G780,http://www.comuni-italiani.it/093/031/,base.state_it_pn,base.it,4
7428,Porcia,33080,0434,093032,G886,http://www.comuni-italiani.it/093/032/,base.state_it_pn,base.it,4
7429,Pordenone,33170,0434,093033,G888,http://www.comuni-italiani.it/093/033/,base.state_it_pn,base.it,4
7430,Prata di Pordenone,33080,0434,093034,G994,http://www.comuni-italiani.it/093/034/,base.state_it_pn,base.it,4
7431,Pravisdomini,33076,0434,093035,H010,http://www.comuni-italiani.it/093/035/,base.state_it_pn,base.it,4
7432,Roveredo in Piano,33080,0434,093036,H609,http://www.comuni-italiani.it/093/036/,base.state_it_pn,base.it,4
7433,Sacile,33077,0434,093037,H657,http://www.comuni-italiani.it/093/037/,base.state_it_pn,base.it,4
7434,San Giorgio della Richinvelda,33095,0427,093038,H891,http://www.comuni-italiani.it/093/038/,base.state_it_pn,base.it,4
7435,San Martino al Tagliamento,33098,0434,093039,H999,http://www.comuni-italiani.it/093/039/,base.state_it_pn,base.it,4
7436,San Quirino,33080,0434,093040,I136,http://www.comuni-italiani.it/093/040/,base.state_it_pn,base.it,4
7437,San Vito al Tagliamento,33078,0434,093041,I403,http://www.comuni-italiani.it/093/041/,base.state_it_pn,base.it,4
7438,Sequals,33090,0427,093042,I621,http://www.comuni-italiani.it/093/042/,base.state_it_pn,base.it,4
7439,Sesto al Reghena,33079,0434,093043,I686,http://www.comuni-italiani.it/093/043/,base.state_it_pn,base.it,4
7440,Spilimbergo,33097,0427,093044,I904,http://www.comuni-italiani.it/093/044/,base.state_it_pn,base.it,4
7441,Tramonti di Sopra,33090,0427,093045,L324,http://www.comuni-italiani.it/093/045/,base.state_it_pn,base.it,4
7442,Tramonti di Sotto,33090,0427,093046,L325,http://www.comuni-italiani.it/093/046/,base.state_it_pn,base.it,4
7443,Travesio,33090,0427,093047,L347,http://www.comuni-italiani.it/093/047/,base.state_it_pn,base.it,4
7444,Valvasone,33098,0434,093048,L657,http://www.comuni-italiani.it/093/048/,base.state_it_pn,base.it,4
7445,Vito d'Asio,33090,0427,093049,M085,http://www.comuni-italiani.it/093/049/,base.state_it_pn,base.it,4
7446,Vivaro,33099,0427,093050,M096,http://www.comuni-italiani.it/093/050/,base.state_it_pn,base.it,4
7447,Zoppola,33080,0434,093051,M190,http://www.comuni-italiani.it/093/051/,base.state_it_pn,base.it,4
7448,Vajont,33080,0427,093052,M265,http://www.comuni-italiani.it/093/052/,base.state_it_pn,base.it,4
7449,Acquaviva d'Isernia,86080,0865,094001,A051,http://www.comuni-italiani.it/094/001/,base.state_it_is,base.it,4
7450,Agnone,86081,0865,094002,A080,http://www.comuni-italiani.it/094/002/,base.state_it_is,base.it,4
7451,Bagnoli del Trigno,86091,0874,094003,A567,http://www.comuni-italiani.it/094/003/,base.state_it_is,base.it,4
7452,Belmonte del Sannio,86080,0865,094004,A761,http://www.comuni-italiani.it/094/004/,base.state_it_is,base.it,4
7453,Cantalupo nel Sannio,86092,0865,094005,B630,http://www.comuni-italiani.it/094/005/,base.state_it_is,base.it,4
7454,Capracotta,86082,0865,094006,B682,http://www.comuni-italiani.it/094/006/,base.state_it_is,base.it,4
7455,Carovilli,86083,0865,094007,B810,http://www.comuni-italiani.it/094/007/,base.state_it_is,base.it,4
7456,Carpinone,86093,0865,094008,B830,http://www.comuni-italiani.it/094/008/,base.state_it_is,base.it,4
7457,Castel del Giudice,86080,0865,094009,C082,http://www.comuni-italiani.it/094/009/,base.state_it_is,base.it,4
7458,Castelpetroso,86090,0865,094010,C246,http://www.comuni-italiani.it/094/010/,base.state_it_is,base.it,4
7459,Castelpizzuto,86090,0865,094011,C247,http://www.comuni-italiani.it/094/011/,base.state_it_is,base.it,4
7460,Castel San Vincenzo,86071,0865,094012,C270,http://www.comuni-italiani.it/094/012/,base.state_it_is,base.it,4
7461,Castelverrino,86080,0865,094013,C200,http://www.comuni-italiani.it/094/013/,base.state_it_is,base.it,4
7462,Cerro al Volturno,86072,0865,094014,C534,http://www.comuni-italiani.it/094/014/,base.state_it_is,base.it,4
7463,Chiauci,86097,0865,094015,C620,http://www.comuni-italiani.it/094/015/,base.state_it_is,base.it,4
7464,Civitanova del Sannio,86094,0865,094016,C769,http://www.comuni-italiani.it/094/016/,base.state_it_is,base.it,4
7465,Colli a Volturno,86073,0865,094017,C878,http://www.comuni-italiani.it/094/017/,base.state_it_is,base.it,4
7466,Conca Casale,86070,0865,094018,C941,http://www.comuni-italiani.it/094/018/,base.state_it_is,base.it,4
7467,Filignano,86074,0865,094019,D595,http://www.comuni-italiani.it/094/019/,base.state_it_is,base.it,4
7468,Forlì del Sannio,86084,0865,094020,D703,http://www.comuni-italiani.it/094/020/,base.state_it_is,base.it,4
7469,Fornelli,86070,0865,094021,D715,http://www.comuni-italiani.it/094/021/,base.state_it_is,base.it,4
7470,Frosolone,86095,0874,094022,D811,http://www.comuni-italiani.it/094/022/,base.state_it_is,base.it,4
7471,Isernia,86170,0865,094023,E335,http://www.comuni-italiani.it/094/023/,base.state_it_is,base.it,4
7472,Longano,86090,0865,094024,E669,http://www.comuni-italiani.it/094/024/,base.state_it_is,base.it,4
7473,Macchia d'Isernia,86070,0865,094025,E778,http://www.comuni-italiani.it/094/025/,base.state_it_is,base.it,4
7474,Macchiagodena,86096,0865,094026,E779,http://www.comuni-italiani.it/094/026/,base.state_it_is,base.it,4
7475,Miranda,86080,0865,094027,F239,http://www.comuni-italiani.it/094/027/,base.state_it_is,base.it,4
7476,Montaquila,86070,0865,094028,F429,http://www.comuni-italiani.it/094/028/,base.state_it_is,base.it,4
7477,Montenero Val Cocchiara,86080,0865,094029,F580,http://www.comuni-italiani.it/094/029/,base.state_it_is,base.it,4
7478,Monteroduni,86075,0865,094030,F601,http://www.comuni-italiani.it/094/030/,base.state_it_is,base.it,4
7479,Pesche,86090,0865,094031,G486,http://www.comuni-italiani.it/094/031/,base.state_it_is,base.it,4
7480,Pescolanciano,86097,0865,094032,G495,http://www.comuni-italiani.it/094/032/,base.state_it_is,base.it,4
7481,Pescopennataro,86080,0865,094033,G497,http://www.comuni-italiani.it/094/033/,base.state_it_is,base.it,4
7482,Pettoranello del Molise,86090,0865,094034,G523,http://www.comuni-italiani.it/094/034/,base.state_it_is,base.it,4
7483,Pietrabbondante,86085,0865,094035,G606,http://www.comuni-italiani.it/094/035/,base.state_it_is,base.it,4
7484,Pizzone,86071,0865,094036,G727,http://www.comuni-italiani.it/094/036/,base.state_it_is,base.it,4
7485,Poggio Sannita,86086,0865,094037,B317,http://www.comuni-italiani.it/094/037/,base.state_it_is,base.it,4
7486,Pozzilli,86077,0865,094038,G954,http://www.comuni-italiani.it/094/038/,base.state_it_is,base.it,4
7487,Rionero Sannitico,86087,0865,094039,H308,http://www.comuni-italiani.it/094/039/,base.state_it_is,base.it,4
7488,Roccamandolfi,86092,0865,094040,H420,http://www.comuni-italiani.it/094/040/,base.state_it_is,base.it,4
7489,Roccasicura,86080,0865,094041,H445,http://www.comuni-italiani.it/094/041/,base.state_it_is,base.it,4
7490,Rocchetta a Volturno,86070,0865,094042,H458,http://www.comuni-italiani.it/094/042/,base.state_it_is,base.it,4
7491,San Pietro Avellana,86088,0865,094043,I096,http://www.comuni-italiani.it/094/043/,base.state_it_is,base.it,4
7492,Sant'Agapito,86070,0865,094044,I189,http://www.comuni-italiani.it/094/044/,base.state_it_is,base.it,4
7493,Santa Maria del Molise,86096,0865,094045,I238,http://www.comuni-italiani.it/094/045/,base.state_it_is,base.it,4
7494,Sant'Angelo del Pesco,86080,0865,094046,I282,http://www.comuni-italiani.it/094/046/,base.state_it_is,base.it,4
7495,Sant'Elena Sannita,86095,0874,094047,B466,http://www.comuni-italiani.it/094/047/,base.state_it_is,base.it,4
7496,Scapoli,86070,0865,094048,I507,http://www.comuni-italiani.it/094/048/,base.state_it_is,base.it,4
7497,Sessano del Molise,86097,0865,094049,I679,http://www.comuni-italiani.it/094/049/,base.state_it_is,base.it,4
7498,Sesto Campano,86078,0865,094050,I682,http://www.comuni-italiani.it/094/050/,base.state_it_is,base.it,4
7499,Vastogirardi,86089,0865,094051,L696,http://www.comuni-italiani.it/094/051/,base.state_it_is,base.it,4
7500,Venafro,86079,0865,094052,L725,http://www.comuni-italiani.it/094/052/,base.state_it_is,base.it,4
7501,Abbasanta,09071,0785,095001,A007,http://www.comuni-italiani.it/095/001/,base.state_it_or,base.it,4
7502,Aidomaggiore,09070,0785,095002,A097,http://www.comuni-italiani.it/095/002/,base.state_it_or,base.it,4
7503,Albagiara,09090,0783,095003,A126,http://www.comuni-italiani.it/095/003/,base.state_it_or,base.it,4
7504,Ales,09091,0783,095004,A180,http://www.comuni-italiani.it/095/004/,base.state_it_or,base.it,4
7505,Allai,09080,0783,095005,A204,http://www.comuni-italiani.it/095/005/,base.state_it_or,base.it,4
7506,Arborea,09092,0783,095006,A357,http://www.comuni-italiani.it/095/006/,base.state_it_or,base.it,4
7507,Ardauli,09081,0783,095007,A380,http://www.comuni-italiani.it/095/007/,base.state_it_or,base.it,4
7508,Assolo,09080,0783,095008,A477,http://www.comuni-italiani.it/095/008/,base.state_it_or,base.it,4
7509,Asuni,09080,0783,095009,A480,http://www.comuni-italiani.it/095/009/,base.state_it_or,base.it,4
7510,Baradili,09090,0783,095010,A614,http://www.comuni-italiani.it/095/010/,base.state_it_or,base.it,4
7511,Baratili San Pietro,09070,0783,095011,A621,http://www.comuni-italiani.it/095/011/,base.state_it_or,base.it,4
7512,Baressa,09090,0783,095012,A655,http://www.comuni-italiani.it/095/012/,base.state_it_or,base.it,4
7513,Bauladu,09070,0783,095013,A721,http://www.comuni-italiani.it/095/013/,base.state_it_or,base.it,4
7514,Bidonì,09080,0783,095014,A856,http://www.comuni-italiani.it/095/014/,base.state_it_or,base.it,4
7515,Bonarcado,09070,0783,095015,A960,http://www.comuni-italiani.it/095/015/,base.state_it_or,base.it,4
7516,Boroneddu,09080,0785,095016,B055,http://www.comuni-italiani.it/095/016/,base.state_it_or,base.it,4
7517,Busachi,09082,0783,095017,B281,http://www.comuni-italiani.it/095/017/,base.state_it_or,base.it,4
7518,Cabras,09072,0783,095018,B314,http://www.comuni-italiani.it/095/018/,base.state_it_or,base.it,4
7519,Cuglieri,09073,0785,095019,D200,http://www.comuni-italiani.it/095/019/,base.state_it_or,base.it,4
7520,Fordongianus,09083,0783,095020,D695,http://www.comuni-italiani.it/095/020/,base.state_it_or,base.it,4
7521,Ghilarza,09074,0785,095021,E004,http://www.comuni-italiani.it/095/021/,base.state_it_or,base.it,4
7522,Gonnoscodina,09090,0783,095022,E087,http://www.comuni-italiani.it/095/022/,base.state_it_or,base.it,4
7523,Gonnosnò,09090,0783,095023,D585,http://www.comuni-italiani.it/095/023/,base.state_it_or,base.it,4
7524,Gonnostramatza,09093,0783,095024,E088,http://www.comuni-italiani.it/095/024/,base.state_it_or,base.it,4
7525,Marrubiu,09094,0783,095025,E972,http://www.comuni-italiani.it/095/025/,base.state_it_or,base.it,4
7526,Masullas,09090,0783,095026,F050,http://www.comuni-italiani.it/095/026/,base.state_it_or,base.it,4
7527,Milis,09070,0783,095027,F208,http://www.comuni-italiani.it/095/027/,base.state_it_or,base.it,4
7528,Mogorella,09080,0783,095028,F270,http://www.comuni-italiani.it/095/028/,base.state_it_or,base.it,4
7529,Mogoro,09095,0783,095029,F272,http://www.comuni-italiani.it/095/029/,base.state_it_or,base.it,4
7530,Morgongiori,09090,0783,095030,F727,http://www.comuni-italiani.it/095/030/,base.state_it_or,base.it,4
7531,Narbolia,09070,0783,095031,F840,http://www.comuni-italiani.it/095/031/,base.state_it_or,base.it,4
7532,Neoneli,09080,0783,095032,F867,http://www.comuni-italiani.it/095/032/,base.state_it_or,base.it,4
7533,Norbello,09070,0785,095033,F934,http://www.comuni-italiani.it/095/033/,base.state_it_or,base.it,4
7534,Nughedu Santa Vittoria,09080,0783,095034,F974,http://www.comuni-italiani.it/095/034/,base.state_it_or,base.it,4
7535,Nurachi,09070,0783,095035,F980,http://www.comuni-italiani.it/095/035/,base.state_it_or,base.it,4
7536,Nureci,09080,0783,095036,F985,http://www.comuni-italiani.it/095/036/,base.state_it_or,base.it,4
7537,Ollastra,09088,0783,095037,G043,http://www.comuni-italiani.it/095/037/,base.state_it_or,base.it,4
7538,Oristano,09170,0783,095038,G113,http://www.comuni-italiani.it/095/038/,base.state_it_or,base.it,4
7539,Palmas Arborea,09090,0783,095039,G286,http://www.comuni-italiani.it/095/039/,base.state_it_or,base.it,4
7540,Pau,09090,0783,095040,G379,http://www.comuni-italiani.it/095/040/,base.state_it_or,base.it,4
7541,Paulilatino,09070,0785,095041,G384,http://www.comuni-italiani.it/095/041/,base.state_it_or,base.it,4
7542,Pompu,09093,0783,095042,G817,http://www.comuni-italiani.it/095/042/,base.state_it_or,base.it,4
7543,Riola Sardo,09070,0783,095043,H301,http://www.comuni-italiani.it/095/043/,base.state_it_or,base.it,4
7544,Ruinas,09085,0783,095044,F271,http://www.comuni-italiani.it/095/044/,base.state_it_or,base.it,4
7545,Samugheo,09086,0783,095045,H756,http://www.comuni-italiani.it/095/045/,base.state_it_or,base.it,4
7546,San Nicolò d'Arcidano,09097,0783,095046,A368,http://www.comuni-italiani.it/095/046/,base.state_it_or,base.it,4
7547,Santa Giusta,09096,0783,095047,I205,http://www.comuni-italiani.it/095/047/,base.state_it_or,base.it,4
7548,Villa Sant'Antonio,09080,0783,095048,I298,http://www.comuni-italiani.it/095/048/,base.state_it_or,base.it,4
7549,Santu Lussurgiu,09075,0783,095049,I374,http://www.comuni-italiani.it/095/049/,base.state_it_or,base.it,4
7550,San Vero Milis,09070,0783,095050,I384,http://www.comuni-italiani.it/095/050/,base.state_it_or,base.it,4
7551,Scano di Montiferro,09078,0785,095051,I503,http://www.comuni-italiani.it/095/051/,base.state_it_or,base.it,4
7552,Sedilo,09076,0785,095052,I564,http://www.comuni-italiani.it/095/052/,base.state_it_or,base.it,4
7553,Seneghe,09070,0783,095053,I605,http://www.comuni-italiani.it/095/053/,base.state_it_or,base.it,4
7554,Senis,09080,0783,095054,I609,http://www.comuni-italiani.it/095/054/,base.state_it_or,base.it,4
7555,Sennariolo,09078,0785,095055,I613,http://www.comuni-italiani.it/095/055/,base.state_it_or,base.it,4
7556,Siamaggiore,09070,0783,095056,I717,http://www.comuni-italiani.it/095/056/,base.state_it_or,base.it,4
7557,Siamanna,09080,0783,095057,I718,http://www.comuni-italiani.it/095/057/,base.state_it_or,base.it,4
7558,Simala,09090,0783,095058,I742,http://www.comuni-italiani.it/095/058/,base.state_it_or,base.it,4
7559,Simaxis,09088,0783,095059,I743,http://www.comuni-italiani.it/095/059/,base.state_it_or,base.it,4
7560,Sini,09090,0783,095060,I749,http://www.comuni-italiani.it/095/060/,base.state_it_or,base.it,4
7561,Siris,09090,0783,095061,I757,http://www.comuni-italiani.it/095/061/,base.state_it_or,base.it,4
7562,Solarussa,09077,0783,095062,I791,http://www.comuni-italiani.it/095/062/,base.state_it_or,base.it,4
7563,Sorradile,09080,0783,095063,I861,http://www.comuni-italiani.it/095/063/,base.state_it_or,base.it,4
7564,Tadasuni,09080,0785,095064,L023,http://www.comuni-italiani.it/095/064/,base.state_it_or,base.it,4
7565,Terralba,09098,0783,095065,L122,http://www.comuni-italiani.it/095/065/,base.state_it_or,base.it,4
7566,Tramatza,09070,0783,095066,L321,http://www.comuni-italiani.it/095/066/,base.state_it_or,base.it,4
7567,Tresnuraghes,09079,0785,095067,L393,http://www.comuni-italiani.it/095/067/,base.state_it_or,base.it,4
7568,Ulà Tirso,09080,0783,095068,L488,http://www.comuni-italiani.it/095/068/,base.state_it_or,base.it,4
7569,Uras,09099,0783,095069,L496,http://www.comuni-italiani.it/095/069/,base.state_it_or,base.it,4
7570,Usellus,09090,0783,095070,L508,http://www.comuni-italiani.it/095/070/,base.state_it_or,base.it,4
7571,Villanova Truschedu,09084,0783,095071,L991,http://www.comuni-italiani.it/095/071/,base.state_it_or,base.it,4
7572,Villaurbana,09080,0783,095072,M030,http://www.comuni-italiani.it/095/072/,base.state_it_or,base.it,4
7573,Villa Verde,09090,0783,095073,A609,http://www.comuni-italiani.it/095/073/,base.state_it_or,base.it,4
7574,Zeddiani,09070,0783,095074,M153,http://www.comuni-italiani.it/095/074/,base.state_it_or,base.it,4
7575,Zerfaliu,09070,0783,095075,M168,http://www.comuni-italiani.it/095/075/,base.state_it_or,base.it,4
7576,Siapiccia,09080,0783,095076,I721,http://www.comuni-italiani.it/095/076/,base.state_it_or,base.it,4
7577,Curcuris,09090,0783,095077,D214,http://www.comuni-italiani.it/095/077/,base.state_it_or,base.it,4
7578,Soddì,09080,0785,095078,I778,http://www.comuni-italiani.it/095/078/,base.state_it_or,base.it,4
7579,Bosa,08013,0785,095079,B068,http://www.comuni-italiani.it/095/079/,base.state_it_or,base.it,4
7580,Flussio,08010,0785,095080,D640,http://www.comuni-italiani.it/095/080/,base.state_it_or,base.it,4
7581,Genoni,08030,0782,095081,D968,http://www.comuni-italiani.it/095/081/,base.state_it_or,base.it,4
7582,Laconi,08034,0782,095082,E400,http://www.comuni-italiani.it/095/082/,base.state_it_or,base.it,4
7583,Magomadas,08010,0785,095083,E825,http://www.comuni-italiani.it/095/083/,base.state_it_or,base.it,4
7584,Modolo,08019,0785,095084,F261,http://www.comuni-italiani.it/095/084/,base.state_it_or,base.it,4
7585,Montresta,08010,0785,095085,F698,http://www.comuni-italiani.it/095/085/,base.state_it_or,base.it,4
7586,Sagama,08010,0785,095086,H661,http://www.comuni-italiani.it/095/086/,base.state_it_or,base.it,4
7587,Suni,08010,0785,095087,L006,http://www.comuni-italiani.it/095/087/,base.state_it_or,base.it,4
7588,Tinnura,08010,0785,095088,L172,http://www.comuni-italiani.it/095/088/,base.state_it_or,base.it,4
7589,Ailoche,13861,015,096001,A107,http://www.comuni-italiani.it/096/001/,base.state_it_bi,base.it,4
7590,Andorno Micca,13811,015,096002,A280,http://www.comuni-italiani.it/096/002/,base.state_it_bi,base.it,4
7591,Benna,13871,015,096003,A784,http://www.comuni-italiani.it/096/003/,base.state_it_bi,base.it,4
7592,Biella,13900,015,096004,A859,http://www.comuni-italiani.it/096/004/,base.state_it_bi,base.it,4
7593,Bioglio,13841,015,096005,A876,http://www.comuni-italiani.it/096/005/,base.state_it_bi,base.it,4
7594,Borriana,13872,015,096006,B058,http://www.comuni-italiani.it/096/006/,base.state_it_bi,base.it,4
7595,Brusnengo,13862,015,096007,B229,http://www.comuni-italiani.it/096/007/,base.state_it_bi,base.it,4
7596,Callabiana,13821,015,096008,B417,http://www.comuni-italiani.it/096/008/,base.state_it_bi,base.it,4
7597,Camandona,13821,015,096009,B457,http://www.comuni-italiani.it/096/009/,base.state_it_bi,base.it,4
7598,Camburzano,13891,015,096010,B465,http://www.comuni-italiani.it/096/010/,base.state_it_bi,base.it,4
7599,Campiglia Cervo,13812,015,096011,B508,http://www.comuni-italiani.it/096/011/,base.state_it_bi,base.it,4
7600,Candelo,13878,015,096012,B586,http://www.comuni-italiani.it/096/012/,base.state_it_bi,base.it,4
7601,Caprile,13864,015,096013,B708,http://www.comuni-italiani.it/096/013/,base.state_it_bi,base.it,4
7602,Casapinta,13866,015,096014,B933,http://www.comuni-italiani.it/096/014/,base.state_it_bi,base.it,4
7603,Castelletto Cervo,13851,0161,096015,C155,http://www.comuni-italiani.it/096/015/,base.state_it_bi,base.it,4
7604,Cavaglià,13881,0161,096016,C363,http://www.comuni-italiani.it/096/016/,base.state_it_bi,base.it,4
7605,Cerreto Castello,13852,015,096017,C526,http://www.comuni-italiani.it/096/017/,base.state_it_bi,base.it,4
7606,Cerrione,13882,015,096018,C532,http://www.comuni-italiani.it/096/018/,base.state_it_bi,base.it,4
7607,Coggiola,13863,015,096019,C819,http://www.comuni-italiani.it/096/019/,base.state_it_bi,base.it,4
7608,Cossato,13836,015,096020,D094,http://www.comuni-italiani.it/096/020/,base.state_it_bi,base.it,4
7609,Crevacuore,13864,015,096021,D165,http://www.comuni-italiani.it/096/021/,base.state_it_bi,base.it,4
7610,Crosa,13853,015,096022,D182,http://www.comuni-italiani.it/096/022/,base.state_it_bi,base.it,4
7611,Curino,13865,015,096023,D219,http://www.comuni-italiani.it/096/023/,base.state_it_bi,base.it,4
7612,Donato,13893,015,096024,D339,http://www.comuni-italiani.it/096/024/,base.state_it_bi,base.it,4
7613,Dorzano,13881,0161,096025,D350,http://www.comuni-italiani.it/096/025/,base.state_it_bi,base.it,4
7614,Gaglianico,13894,015,096026,D848,http://www.comuni-italiani.it/096/026/,base.state_it_bi,base.it,4
7615,Gifflenga,13874,0161,096027,E024,http://www.comuni-italiani.it/096/027/,base.state_it_bi,base.it,4
7616,Graglia,13895,015,096028,E130,http://www.comuni-italiani.it/096/028/,base.state_it_bi,base.it,4
7617,Lessona,13853,015,096029,E552,http://www.comuni-italiani.it/096/029/,base.state_it_bi,base.it,4
7618,Magnano,13887,015,096030,E821,http://www.comuni-italiani.it/096/030/,base.state_it_bi,base.it,4
7619,Massazza,13873,0161,096031,F037,http://www.comuni-italiani.it/096/031/,base.state_it_bi,base.it,4
7620,Masserano,13866,015,096032,F042,http://www.comuni-italiani.it/096/032/,base.state_it_bi,base.it,4
7621,Mezzana Mortigliengo,13831,015,096033,F167,http://www.comuni-italiani.it/096/033/,base.state_it_bi,base.it,4
7622,Miagliano,13816,015,096034,F189,http://www.comuni-italiani.it/096/034/,base.state_it_bi,base.it,4
7623,Mongrando,13888,015,096035,F369,http://www.comuni-italiani.it/096/035/,base.state_it_bi,base.it,4
7624,Mottalciata,13874,0161,096037,F776,http://www.comuni-italiani.it/096/037/,base.state_it_bi,base.it,4
7625,Muzzano,13895,015,096038,F833,http://www.comuni-italiani.it/096/038/,base.state_it_bi,base.it,4
7626,Netro,13896,015,096039,F878,http://www.comuni-italiani.it/096/039/,base.state_it_bi,base.it,4
7627,Occhieppo Inferiore,13897,015,096040,F992,http://www.comuni-italiani.it/096/040/,base.state_it_bi,base.it,4
7628,Occhieppo Superiore,13898,015,096041,F993,http://www.comuni-italiani.it/096/041/,base.state_it_bi,base.it,4
7629,Pettinengo,13843,015,096042,G521,http://www.comuni-italiani.it/096/042/,base.state_it_bi,base.it,4
7630,Piatto,13844,015,096043,G577,http://www.comuni-italiani.it/096/043/,base.state_it_bi,base.it,4
7631,Piedicavallo,13812,015,096044,G594,http://www.comuni-italiani.it/096/044/,base.state_it_bi,base.it,4
7632,Pollone,13814,015,096046,G798,http://www.comuni-italiani.it/096/046/,base.state_it_bi,base.it,4
7633,Ponderano,13875,015,096047,G820,http://www.comuni-italiani.it/096/047/,base.state_it_bi,base.it,4
7634,Portula,13833,015,096048,G927,http://www.comuni-italiani.it/096/048/,base.state_it_bi,base.it,4
7635,Pralungo,13899,015,096049,G980,http://www.comuni-italiani.it/096/049/,base.state_it_bi,base.it,4
7636,Pray,13867,015,096050,G974,http://www.comuni-italiani.it/096/050/,base.state_it_bi,base.it,4
7637,Quaregna,13854,015,096051,H103,http://www.comuni-italiani.it/096/051/,base.state_it_bi,base.it,4
7638,Quittengo,13812,015,096052,H145,http://www.comuni-italiani.it/096/052/,base.state_it_bi,base.it,4
7639,Ronco Biellese,13845,015,096053,H538,http://www.comuni-italiani.it/096/053/,base.state_it_bi,base.it,4
7640,Roppolo,13883,0161,096054,H553,http://www.comuni-italiani.it/096/054/,base.state_it_bi,base.it,4
7641,Rosazza,13815,015,096055,H561,http://www.comuni-italiani.it/096/055/,base.state_it_bi,base.it,4
7642,Sagliano Micca,13816,015,096056,H662,http://www.comuni-italiani.it/096/056/,base.state_it_bi,base.it,4
7643,Sala Biellese,13884,015,096057,H681,http://www.comuni-italiani.it/096/057/,base.state_it_bi,base.it,4
7644,Salussola,13885,0161,096058,H726,http://www.comuni-italiani.it/096/058/,base.state_it_bi,base.it,4
7645,Sandigliano,13876,015,096059,H821,http://www.comuni-italiani.it/096/059/,base.state_it_bi,base.it,4
7646,San Paolo Cervo,13812,015,096060,I074,http://www.comuni-italiani.it/096/060/,base.state_it_bi,base.it,4
7647,Selve Marcone,13841,015,096061,I596,http://www.comuni-italiani.it/096/061/,base.state_it_bi,base.it,4
7648,Soprana,13834,015,096062,I835,http://www.comuni-italiani.it/096/062/,base.state_it_bi,base.it,4
7649,Sordevolo,13817,015,096063,I847,http://www.comuni-italiani.it/096/063/,base.state_it_bi,base.it,4
7650,Sostegno,13868,015,096064,I868,http://www.comuni-italiani.it/096/064/,base.state_it_bi,base.it,4
7651,Strona,13823,015,096065,I980,http://www.comuni-italiani.it/096/065/,base.state_it_bi,base.it,4
7652,Tavigliano,13811,015,096066,L075,http://www.comuni-italiani.it/096/066/,base.state_it_bi,base.it,4
7653,Ternengo,13844,015,096067,L116,http://www.comuni-italiani.it/096/067/,base.state_it_bi,base.it,4
7654,Tollegno,13818,015,096068,L193,http://www.comuni-italiani.it/096/068/,base.state_it_bi,base.it,4
7655,Torrazzo,13884,015,096069,L239,http://www.comuni-italiani.it/096/069/,base.state_it_bi,base.it,4
7656,Trivero,13835,015,096070,L436,http://www.comuni-italiani.it/096/070/,base.state_it_bi,base.it,4
7657,Valdengo,13855,015,096071,L556,http://www.comuni-italiani.it/096/071/,base.state_it_bi,base.it,4
7658,Vallanzengo,13847,015,096072,L586,http://www.comuni-italiani.it/096/072/,base.state_it_bi,base.it,4
7659,Valle Mosso,13825,015,096073,L606,http://www.comuni-italiani.it/096/073/,base.state_it_bi,base.it,4
7660,Valle San Nicolao,13847,015,096074,L620,http://www.comuni-italiani.it/096/074/,base.state_it_bi,base.it,4
7661,Veglio,13824,015,096075,L712,http://www.comuni-italiani.it/096/075/,base.state_it_bi,base.it,4
7662,Verrone,13871,015,096076,L785,http://www.comuni-italiani.it/096/076/,base.state_it_bi,base.it,4
7663,Vigliano Biellese,13856,015,096077,L880,http://www.comuni-italiani.it/096/077/,base.state_it_bi,base.it,4
7664,Villa del Bosco,13868,0163,096078,L933,http://www.comuni-italiani.it/096/078/,base.state_it_bi,base.it,4
7665,Villanova Biellese,13877,0161,096079,L978,http://www.comuni-italiani.it/096/079/,base.state_it_bi,base.it,4
7666,Viverone,13886,0161,096080,M098,http://www.comuni-italiani.it/096/080/,base.state_it_bi,base.it,4
7667,Zimone,13887,015,096081,M179,http://www.comuni-italiani.it/096/081/,base.state_it_bi,base.it,4
7668,Zubiena,13888,015,096082,M196,http://www.comuni-italiani.it/096/082/,base.state_it_bi,base.it,4
7669,Zumaglia,13848,015,096083,M201,http://www.comuni-italiani.it/096/083/,base.state_it_bi,base.it,4
7670,Mosso,13822,015,096084,M304,http://www.comuni-italiani.it/096/084/,base.state_it_bi,base.it,4
7671,Abbadia Lariana,23821,0341,097001,A005,http://www.comuni-italiani.it/097/001/,base.state_it_lc,base.it,4
7672,Airuno,23881,039,097002,A112,http://www.comuni-italiani.it/097/002/,base.state_it_lc,base.it,4
7673,Annone di Brianza,23841,0341,097003,A301,http://www.comuni-italiani.it/097/003/,base.state_it_lc,base.it,4
7674,Ballabio,23811,0341,097004,A594,http://www.comuni-italiani.it/097/004/,base.state_it_lc,base.it,4
7675,Barzago,23890,031,097005,A683,http://www.comuni-italiani.it/097/005/,base.state_it_lc,base.it,4
7676,Barzanò,23891,039,097006,A686,http://www.comuni-italiani.it/097/006/,base.state_it_lc,base.it,4
7677,Barzio,23816,0341,097007,A687,http://www.comuni-italiani.it/097/007/,base.state_it_lc,base.it,4
7678,Bellano,23822,0341,097008,A745,http://www.comuni-italiani.it/097/008/,base.state_it_lc,base.it,4
7679,Bosisio Parini,23842,031,097009,B081,http://www.comuni-italiani.it/097/009/,base.state_it_lc,base.it,4
7680,Brivio,23883,039,097010,B194,http://www.comuni-italiani.it/097/010/,base.state_it_lc,base.it,4
7681,Bulciago,23892,031,097011,B261,http://www.comuni-italiani.it/097/011/,base.state_it_lc,base.it,4
7682,Calco,23885,039,097012,B396,http://www.comuni-italiani.it/097/012/,base.state_it_lc,base.it,4
7683,Calolziocorte,23801,0341,097013,B423,http://www.comuni-italiani.it/097/013/,base.state_it_lc,base.it,4
7684,Carenno,23802,0341,097014,B763,http://www.comuni-italiani.it/097/014/,base.state_it_lc,base.it,4
7685,Casargo,23831,0341,097015,B937,http://www.comuni-italiani.it/097/015/,base.state_it_lc,base.it,4
7686,Casatenovo,23880,039,097016,B943,http://www.comuni-italiani.it/097/016/,base.state_it_lc,base.it,4
7687,Cassago Brianza,23893,039,097017,B996,http://www.comuni-italiani.it/097/017/,base.state_it_lc,base.it,4
7688,Cassina Valsassina,23817,0341,097018,C024,http://www.comuni-italiani.it/097/018/,base.state_it_lc,base.it,4
7689,Castello di Brianza,23884,039,097019,C187,http://www.comuni-italiani.it/097/019/,base.state_it_lc,base.it,4
7690,Cernusco Lombardone,23870,039,097020,C521,http://www.comuni-italiani.it/097/020/,base.state_it_lc,base.it,4
7691,Cesana Brianza,23861,031,097021,C563,http://www.comuni-italiani.it/097/021/,base.state_it_lc,base.it,4
7692,Civate,23862,0341,097022,C752,http://www.comuni-italiani.it/097/022/,base.state_it_lc,base.it,4
7693,Colico,23823,0341,097023,C839,http://www.comuni-italiani.it/097/023/,base.state_it_lc,base.it,4
7694,Colle Brianza,23886,039,097024,C851,http://www.comuni-italiani.it/097/024/,base.state_it_lc,base.it,4
7695,Cortenova,23813,0341,097025,D065,http://www.comuni-italiani.it/097/025/,base.state_it_lc,base.it,4
7696,Costa Masnaga,23845,031,097026,D112,http://www.comuni-italiani.it/097/026/,base.state_it_lc,base.it,4
7697,Crandola Valsassina,23832,0341,097027,D131,http://www.comuni-italiani.it/097/027/,base.state_it_lc,base.it,4
7698,Cremella,23894,039,097028,D143,http://www.comuni-italiani.it/097/028/,base.state_it_lc,base.it,4
7699,Cremeno,23814,0341,097029,D145,http://www.comuni-italiani.it/097/029/,base.state_it_lc,base.it,4
7700,Dervio,23824,0341,097030,D280,http://www.comuni-italiani.it/097/030/,base.state_it_lc,base.it,4
7701,Dolzago,23843,0341,097031,D327,http://www.comuni-italiani.it/097/031/,base.state_it_lc,base.it,4
7702,Dorio,23824,0341,097032,D346,http://www.comuni-italiani.it/097/032/,base.state_it_lc,base.it,4
7703,Ello,23848,0341,097033,D398,http://www.comuni-italiani.it/097/033/,base.state_it_lc,base.it,4
7704,Erve,23805,0341,097034,D428,http://www.comuni-italiani.it/097/034/,base.state_it_lc,base.it,4
7705,Esino Lario,23825,0341,097035,D436,http://www.comuni-italiani.it/097/035/,base.state_it_lc,base.it,4
7706,Galbiate,23851,0341,097036,D865,http://www.comuni-italiani.it/097/036/,base.state_it_lc,base.it,4
7707,Garbagnate Monastero,23846,031,097037,D913,http://www.comuni-italiani.it/097/037/,base.state_it_lc,base.it,4
7708,Garlate,23852,0341,097038,D926,http://www.comuni-italiani.it/097/038/,base.state_it_lc,base.it,4
7709,Imbersago,23898,039,097039,E287,http://www.comuni-italiani.it/097/039/,base.state_it_lc,base.it,4
7710,Introbio,23815,0341,097040,E305,http://www.comuni-italiani.it/097/040/,base.state_it_lc,base.it,4
7711,Introzzo,23835,0341,097041,E308,http://www.comuni-italiani.it/097/041/,base.state_it_lc,base.it,4
7712,Lecco,23900,0341,097042,E507,http://www.comuni-italiani.it/097/042/,base.state_it_lc,base.it,4
7713,Lierna,23827,0341,097043,E581,http://www.comuni-italiani.it/097/043/,base.state_it_lc,base.it,4
7714,Lomagna,23871,039,097044,E656,http://www.comuni-italiani.it/097/044/,base.state_it_lc,base.it,4
7715,Malgrate,23864,0341,097045,E858,http://www.comuni-italiani.it/097/045/,base.state_it_lc,base.it,4
7716,Mandello del Lario,23826,0341,097046,E879,http://www.comuni-italiani.it/097/046/,base.state_it_lc,base.it,4
7717,Margno,23832,0341,097047,E947,http://www.comuni-italiani.it/097/047/,base.state_it_lc,base.it,4
7718,Merate,23807,039,097048,F133,http://www.comuni-italiani.it/097/048/,base.state_it_lc,base.it,4
7719,Missaglia,23873,039,097049,F248,http://www.comuni-italiani.it/097/049/,base.state_it_lc,base.it,4
7720,Moggio,23817,0341,097050,F265,http://www.comuni-italiani.it/097/050/,base.state_it_lc,base.it,4
7721,Molteno,23847,031,097051,F304,http://www.comuni-italiani.it/097/051/,base.state_it_lc,base.it,4
7722,Monte Marenzo,23804,0341,097052,F561,http://www.comuni-italiani.it/097/052/,base.state_it_lc,base.it,4
7723,Montevecchia,23874,039,097053,F657,http://www.comuni-italiani.it/097/053/,base.state_it_lc,base.it,4
7724,Monticello Brianza,23876,039,097054,F674,http://www.comuni-italiani.it/097/054/,base.state_it_lc,base.it,4
7725,Morterone,23811,0341,097055,F758,http://www.comuni-italiani.it/097/055/,base.state_it_lc,base.it,4
7726,Nibionno,23895,031,097056,F887,http://www.comuni-italiani.it/097/056/,base.state_it_lc,base.it,4
7727,Oggiono,23848,0341,097057,G009,http://www.comuni-italiani.it/097/057/,base.state_it_lc,base.it,4
7728,Olgiate Molgora,23887,039,097058,G026,http://www.comuni-italiani.it/097/058/,base.state_it_lc,base.it,4
7729,Olginate,23854,0341,097059,G030,http://www.comuni-italiani.it/097/059/,base.state_it_lc,base.it,4
7730,Oliveto Lario,23865,031,097060,G040,http://www.comuni-italiani.it/097/060/,base.state_it_lc,base.it,4
7731,Osnago,23875,039,097061,G161,http://www.comuni-italiani.it/097/061/,base.state_it_lc,base.it,4
7732,Paderno d'Adda,23877,039,097062,G218,http://www.comuni-italiani.it/097/062/,base.state_it_lc,base.it,4
7733,Pagnona,23833,0341,097063,G241,http://www.comuni-italiani.it/097/063/,base.state_it_lc,base.it,4
7734,Parlasco,23837,0341,097064,G336,http://www.comuni-italiani.it/097/064/,base.state_it_lc,base.it,4
7735,Pasturo,23818,0341,097065,G368,http://www.comuni-italiani.it/097/065/,base.state_it_lc,base.it,4
7736,Perego,23888,039,097066,G448,http://www.comuni-italiani.it/097/066/,base.state_it_lc,base.it,4
7737,Perledo,23828,0341,097067,G456,http://www.comuni-italiani.it/097/067/,base.state_it_lc,base.it,4
7738,Pescate,23855,0341,097068,G485,http://www.comuni-italiani.it/097/068/,base.state_it_lc,base.it,4
7739,Premana,23834,0341,097069,H028,http://www.comuni-italiani.it/097/069/,base.state_it_lc,base.it,4
7740,Primaluna,23819,0341,097070,H063,http://www.comuni-italiani.it/097/070/,base.state_it_lc,base.it,4
7741,Robbiate,23899,039,097071,G223,http://www.comuni-italiani.it/097/071/,base.state_it_lc,base.it,4
7742,Rogeno,23849,031,097072,H486,http://www.comuni-italiani.it/097/072/,base.state_it_lc,base.it,4
7743,Rovagnate,23888,039,097073,H596,http://www.comuni-italiani.it/097/073/,base.state_it_lc,base.it,4
7744,Santa Maria Hoè,23889,039,097074,I243,http://www.comuni-italiani.it/097/074/,base.state_it_lc,base.it,4
7745,Sirone,23844,031,097075,I759,http://www.comuni-italiani.it/097/075/,base.state_it_lc,base.it,4
7746,Sirtori,23896,039,097076,I761,http://www.comuni-italiani.it/097/076/,base.state_it_lc,base.it,4
7747,Sueglio,23835,0341,097077,I994,http://www.comuni-italiani.it/097/077/,base.state_it_lc,base.it,4
7748,Suello,23867,031,097078,I996,http://www.comuni-italiani.it/097/078/,base.state_it_lc,base.it,4
7749,Taceno,23837,0341,097079,L022,http://www.comuni-italiani.it/097/079/,base.state_it_lc,base.it,4
7750,Torre de' Busi,23806,035,097080,L257,http://www.comuni-italiani.it/097/080/,base.state_it_lc,base.it,4
7751,Tremenico,23836,0341,097081,L368,http://www.comuni-italiani.it/097/081/,base.state_it_lc,base.it,4
7752,Valgreghentino,23857,0341,097082,L581,http://www.comuni-italiani.it/097/082/,base.state_it_lc,base.it,4
7753,Valmadrera,23868,0341,097083,L634,http://www.comuni-italiani.it/097/083/,base.state_it_lc,base.it,4
7754,Varenna,23829,0341,097084,L680,http://www.comuni-italiani.it/097/084/,base.state_it_lc,base.it,4
7755,Vendrogno,23838,0341,097085,L731,http://www.comuni-italiani.it/097/085/,base.state_it_lc,base.it,4
7756,Vercurago,23808,0341,097086,L751,http://www.comuni-italiani.it/097/086/,base.state_it_lc,base.it,4
7757,Verderio Inferiore (ora Verderio),23879,039,097087,L755,http://www.comuni-italiani.it/097/087/,base.state_it_lc,base.it,9
7758,Verderio Superiore (ora Verderio),23878,039,097088,L756,http://www.comuni-italiani.it/097/088/,base.state_it_lc,base.it,9
7759,Vestreno,23822,0341,097089,L813,http://www.comuni-italiani.it/097/089/,base.state_it_lc,base.it,4
7760,Viganò,23897,039,097090,L866,http://www.comuni-italiani.it/097/090/,base.state_it_lc,base.it,4
8133,Verderio,23878,039,097091,M337,http://www.comuni-italiani.it/097/091/,base.state_it_lc,base.it,4
7761,Abbadia Cerreto,26834,0371,098001,A004,http://www.comuni-italiani.it/098/001/,base.state_it_lo,base.it,4
7762,Bertonico,26821,0377,098002,A811,http://www.comuni-italiani.it/098/002/,base.state_it_lo,base.it,4
7763,Boffalora d'Adda,26811,0371,098003,A919,http://www.comuni-italiani.it/098/003/,base.state_it_lo,base.it,4
7764,Borghetto Lodigiano,26812,0371,098004,A995,http://www.comuni-italiani.it/098/004/,base.state_it_lo,base.it,4
7765,Borgo San Giovanni,26851,0371,098005,B017,http://www.comuni-italiani.it/098/005/,base.state_it_lo,base.it,4
7766,Brembio,26822,0377,098006,B141,http://www.comuni-italiani.it/098/006/,base.state_it_lo,base.it,4
7767,Camairago,26823,0377,098007,B456,http://www.comuni-italiani.it/098/007/,base.state_it_lo,base.it,4
7768,Casaletto Lodigiano,26852,0371,098008,B887,http://www.comuni-italiani.it/098/008/,base.state_it_lo,base.it,4
7769,Casalmaiocco,26831,02,098009,B899,http://www.comuni-italiani.it/098/009/,base.state_it_lo,base.it,4
7770,Casalpusterlengo,26841,0377,098010,B910,http://www.comuni-italiani.it/098/010/,base.state_it_lo,base.it,4
7771,Caselle Landi,26842,0377,098011,B961,http://www.comuni-italiani.it/098/011/,base.state_it_lo,base.it,4
7772,Caselle Lurani,26853,0371,098012,B958,http://www.comuni-italiani.it/098/012/,base.state_it_lo,base.it,4
7773,Castelnuovo Bocca d'Adda,26843,0377,098013,C228,http://www.comuni-italiani.it/098/013/,base.state_it_lo,base.it,4
7774,Castiglione d'Adda,26823,0377,098014,C304,http://www.comuni-italiani.it/098/014/,base.state_it_lo,base.it,4
7775,Castiraga Vidardo,26866,0371,098015,C329,http://www.comuni-italiani.it/098/015/,base.state_it_lo,base.it,4
7776,Cavacurta,26844,0377,098016,C362,http://www.comuni-italiani.it/098/016/,base.state_it_lo,base.it,4
7777,Cavenago d'Adda,26824,0371,098017,C394,http://www.comuni-italiani.it/098/017/,base.state_it_lo,base.it,4
7778,Cervignano d'Adda,26832,02,098018,C555,http://www.comuni-italiani.it/098/018/,base.state_it_lo,base.it,4
7779,Codogno,26845,0377,098019,C816,http://www.comuni-italiani.it/098/019/,base.state_it_lo,base.it,4
7780,Comazzo,26833,02,098020,C917,http://www.comuni-italiani.it/098/020/,base.state_it_lo,base.it,4
7781,Cornegliano Laudense,26854,0371,098021,D021,http://www.comuni-italiani.it/098/021/,base.state_it_lo,base.it,4
7782,Corno Giovine,26846,0377,098022,D028,http://www.comuni-italiani.it/098/022/,base.state_it_lo,base.it,4
7783,Cornovecchio,26842,0377,098023,D029,http://www.comuni-italiani.it/098/023/,base.state_it_lo,base.it,4
7784,Corte Palasio,26834,0371,098024,D068,http://www.comuni-italiani.it/098/024/,base.state_it_lo,base.it,4
7785,Crespiatica,26835,0371,098025,D159,http://www.comuni-italiani.it/098/025/,base.state_it_lo,base.it,4
7786,Fombio,26861,0377,098026,D660,http://www.comuni-italiani.it/098/026/,base.state_it_lo,base.it,4
7787,Galgagnano,26832,0371,098027,D868,http://www.comuni-italiani.it/098/027/,base.state_it_lo,base.it,4
7788,Graffignana,26813,0371,098028,E127,http://www.comuni-italiani.it/098/028/,base.state_it_lo,base.it,4
7789,Guardamiglio,26862,0377,098029,E238,http://www.comuni-italiani.it/098/029/,base.state_it_lo,base.it,4
7790,Livraga,26814,0377,098030,E627,http://www.comuni-italiani.it/098/030/,base.state_it_lo,base.it,4
7791,Lodi,26900,0371,098031,E648,http://www.comuni-italiani.it/098/031/,base.state_it_lo,base.it,4
7792,Lodi Vecchio,26855,0371,098032,E651,http://www.comuni-italiani.it/098/032/,base.state_it_lo,base.it,4
7793,Maccastorna,26843,0377,098033,E777,http://www.comuni-italiani.it/098/033/,base.state_it_lo,base.it,4
7794,Mairago,26825,0371,098034,E840,http://www.comuni-italiani.it/098/034/,base.state_it_lo,base.it,4
7795,Maleo,26847,0377,098035,E852,http://www.comuni-italiani.it/098/035/,base.state_it_lo,base.it,4
7796,Marudo,26866,0371,098036,E994,http://www.comuni-italiani.it/098/036/,base.state_it_lo,base.it,4
7797,Massalengo,26815,0371,098037,F028,http://www.comuni-italiani.it/098/037/,base.state_it_lo,base.it,4
7798,Meleti,26843,0377,098038,F102,http://www.comuni-italiani.it/098/038/,base.state_it_lo,base.it,4
7799,Merlino,26833,02,098039,F149,http://www.comuni-italiani.it/098/039/,base.state_it_lo,base.it,4
7800,Montanaso Lombardo,26836,0371,098040,F423,http://www.comuni-italiani.it/098/040/,base.state_it_lo,base.it,4
7801,Mulazzano,26837,02,098041,F801,http://www.comuni-italiani.it/098/041/,base.state_it_lo,base.it,4
7802,Orio Litta,26863,0377,098042,G107,http://www.comuni-italiani.it/098/042/,base.state_it_lo,base.it,4
7803,Ospedaletto Lodigiano,26864,0377,098043,G166,http://www.comuni-italiani.it/098/043/,base.state_it_lo,base.it,4
7804,Ossago Lodigiano,26816,0371,098044,G171,http://www.comuni-italiani.it/098/044/,base.state_it_lo,base.it,4
7805,Pieve Fissiraga,26854,0371,098045,G096,http://www.comuni-italiani.it/098/045/,base.state_it_lo,base.it,4
7806,Salerano sul Lambro,26857,0371,098046,H701,http://www.comuni-italiani.it/098/046/,base.state_it_lo,base.it,4
7807,San Fiorano,26848,0377,098047,H844,http://www.comuni-italiani.it/098/047/,base.state_it_lo,base.it,4
7808,San Martino in Strada,26817,0371,098048,I012,http://www.comuni-italiani.it/098/048/,base.state_it_lo,base.it,4
7809,San Rocco al Porto,26865,0377,098049,I140,http://www.comuni-italiani.it/098/049/,base.state_it_lo,base.it,4
7810,Sant'Angelo Lodigiano,26866,0371,098050,I274,http://www.comuni-italiani.it/098/050/,base.state_it_lo,base.it,4
7811,Santo Stefano Lodigiano,26849,0377,098051,I362,http://www.comuni-italiani.it/098/051/,base.state_it_lo,base.it,4
7812,Secugnago,26826,0377,098052,I561,http://www.comuni-italiani.it/098/052/,base.state_it_lo,base.it,4
7813,Senna Lodigiana,26856,0377,098053,I612,http://www.comuni-italiani.it/098/053/,base.state_it_lo,base.it,4
7814,Somaglia,26867,0377,098054,I815,http://www.comuni-italiani.it/098/054/,base.state_it_lo,base.it,4
7815,Sordio,26858,02,098055,I848,http://www.comuni-italiani.it/098/055/,base.state_it_lo,base.it,4
7816,Tavazzano con Villavesco,26838,0371,098056,F260,http://www.comuni-italiani.it/098/056/,base.state_it_lo,base.it,4
7817,Terranova dei Passerini,26827,0377,098057,L125,http://www.comuni-italiani.it/098/057/,base.state_it_lo,base.it,4
7818,Turano Lodigiano,26828,0377,098058,L469,http://www.comuni-italiani.it/098/058/,base.state_it_lo,base.it,4
7819,Valera Fratta,26859,0371,098059,L572,http://www.comuni-italiani.it/098/059/,base.state_it_lo,base.it,4
7820,Villanova del Sillaro,26818,0371,098060,L977,http://www.comuni-italiani.it/098/060/,base.state_it_lo,base.it,4
7821,Zelo Buon Persico,26839,02,098061,M158,http://www.comuni-italiani.it/098/061/,base.state_it_lo,base.it,4
7822,Bellaria-Igea Marina,47814,0541,099001,A747,http://www.comuni-italiani.it/099/001/,base.state_it_rn,base.it,4
7823,Cattolica,47841,0541,099002,C357,http://www.comuni-italiani.it/099/002/,base.state_it_rn,base.it,4
7824,Coriano,47853,0541,099003,D004,http://www.comuni-italiani.it/099/003/,base.state_it_rn,base.it,4
7825,Gemmano,47855,0541,099004,D961,http://www.comuni-italiani.it/099/004/,base.state_it_rn,base.it,4
7826,Misano Adriatico,47843,0541,099005,F244,http://www.comuni-italiani.it/099/005/,base.state_it_rn,base.it,4
7827,Mondaino,47836,0541,099006,F346,http://www.comuni-italiani.it/099/006/,base.state_it_rn,base.it,4
7828,Monte Colombo,47854,0541,099007,F476,http://www.comuni-italiani.it/099/007/,base.state_it_rn,base.it,4
7829,Montefiore Conca,47834,0541,099008,F502,http://www.comuni-italiani.it/099/008/,base.state_it_rn,base.it,4
7830,Montegridolfo,47837,0541,099009,F523,http://www.comuni-italiani.it/099/009/,base.state_it_rn,base.it,4
7831,Montescudo,47854,0541,099010,F641,http://www.comuni-italiani.it/099/010/,base.state_it_rn,base.it,4
7832,Morciano di Romagna,47833,0541,099011,F715,http://www.comuni-italiani.it/099/011/,base.state_it_rn,base.it,4
7833,Poggio Berni (ora Poggio Torriana),47824,0541,099012,G755,http://www.comuni-italiani.it/099/012/,base.state_it_rn,base.it,9
7834,Riccione,47838,0541,099013,H274,http://www.comuni-italiani.it/099/013/,base.state_it_rn,base.it,4
7835,Rimini,4792%,0541,099014,H294,http://www.comuni-italiani.it/099/014/,base.state_it_rn,base.it,4
7836,Saludecio,47835,0541,099015,H724,http://www.comuni-italiani.it/099/015/,base.state_it_rn,base.it,4
7837,San Clemente,47832,0541,099016,H801,http://www.comuni-italiani.it/099/016/,base.state_it_rn,base.it,4
7838,San Giovanni in Marignano,47842,0541,099017,H921,http://www.comuni-italiani.it/099/017/,base.state_it_rn,base.it,4
7839,Santarcangelo di Romagna,47822,0541,099018,I304,http://www.comuni-italiani.it/099/018/,base.state_it_rn,base.it,4
7840,Torriana (ora Poggio Torriana),47825,0541,099019,I550,http://www.comuni-italiani.it/099/019/,base.state_it_rn,base.it,9
7841,Verucchio,47826,0541,099020,L797,http://www.comuni-italiani.it/099/020/,base.state_it_rn,base.it,4
4172,Casteldelci,47861,0541,099021,C080,http://www.comuni-italiani.it/099/021/,base.state_it_rn,base.it,4
4185,Maiolo,47862,0541,099022,E838,http://www.comuni-italiani.it/099/022/,base.state_it_rn,base.it,4
4200,Novafeltria,47863,0541,099023,F137,http://www.comuni-italiani.it/099/023/,base.state_it_rn,base.it,4
4203,Pennabilli,47864,0541,099024,G433,http://www.comuni-italiani.it/099/024/,base.state_it_rn,base.it,4
4214,San Leo,47865,0541,099025,H949,http://www.comuni-italiani.it/099/025/,base.state_it_rn,base.it,4
4216,Sant'Agata Feltria,47866,0541,099026,I201,http://www.comuni-italiani.it/099/026/,base.state_it_rn,base.it,4
4224,Talamello,47867,0541,099027,L034,http://www.comuni-italiani.it/099/027/,base.state_it_rn,base.it,4
8134,Poggio Torriana,47825,0541,099028,M324,http://www.comuni-italiani.it/099/028/,base.state_it_rn,base.it,4
7842,Cantagallo,59025,0574,100001,B626,http://www.comuni-italiani.it/100/001/,base.state_it_po,base.it,4
7843,Carmignano,59015,055,100002,B794,http://www.comuni-italiani.it/100/002/,base.state_it_po,base.it,4
7844,Montemurlo,59013,0574,100003,F572,http://www.comuni-italiani.it/100/003/,base.state_it_po,base.it,4
7845,Poggio a Caiano,59016,055,100004,G754,http://www.comuni-italiani.it/100/004/,base.state_it_po,base.it,4
7846,Prato,59100,0574,100005,G999,http://www.comuni-italiani.it/100/005/,base.state_it_po,base.it,4
7847,Vaiano,59021,0574,100006,L537,http://www.comuni-italiani.it/100/006/,base.state_it_po,base.it,4
7848,Vernio,59024,0574,100007,L775,http://www.comuni-italiani.it/100/007/,base.state_it_po,base.it,4
7849,Belvedere di Spinello,88824,0962,101001,A772,http://www.comuni-italiani.it/101/001/,base.state_it_kr,base.it,4
7850,Caccuri,88833,0984,101002,B319,http://www.comuni-italiani.it/101/002/,base.state_it_kr,base.it,4
7851,Carfizzi,88817,0962,101003,B771,http://www.comuni-italiani.it/101/003/,base.state_it_kr,base.it,4
7852,Casabona,88822,0962,101004,B857,http://www.comuni-italiani.it/101/004/,base.state_it_kr,base.it,4
7853,Castelsilano,88834,0984,101005,B968,http://www.comuni-italiani.it/101/005/,base.state_it_kr,base.it,4
7854,Cerenzia,88833,0984,101006,C501,http://www.comuni-italiani.it/101/006/,base.state_it_kr,base.it,4
7855,Cirò,88813,0962,101007,C725,http://www.comuni-italiani.it/101/007/,base.state_it_kr,base.it,4
7856,Cirò Marina,88811,0962,101008,C726,http://www.comuni-italiani.it/101/008/,base.state_it_kr,base.it,4
7857,Cotronei,88836,0962,101009,D123,http://www.comuni-italiani.it/101/009/,base.state_it_kr,base.it,4
7858,Crotone,88900,0962,101010,D122,http://www.comuni-italiani.it/101/010/,base.state_it_kr,base.it,4
7859,Crucoli,88812,0962,101011,D189,http://www.comuni-italiani.it/101/011/,base.state_it_kr,base.it,4
7860,Cutro,88842,0962,101012,D236,http://www.comuni-italiani.it/101/012/,base.state_it_kr,base.it,4
7861,Isola di Capo Rizzuto,88841,0962,101013,E339,http://www.comuni-italiani.it/101/013/,base.state_it_kr,base.it,4
7862,Melissa,88814,0962,101014,F108,http://www.comuni-italiani.it/101/014/,base.state_it_kr,base.it,4
7863,Mesoraca,88838,0962,101015,F157,http://www.comuni-italiani.it/101/015/,base.state_it_kr,base.it,4
7864,Pallagorio,88818,0962,101016,G278,http://www.comuni-italiani.it/101/016/,base.state_it_kr,base.it,4
7865,Petilia Policastro,88837,0962,101017,G508,http://www.comuni-italiani.it/101/017/,base.state_it_kr,base.it,4
7866,Roccabernarda,88835,0962,101018,H383,http://www.comuni-italiani.it/101/018/,base.state_it_kr,base.it,4
7867,Rocca di Neto,88821,0962,101019,H403,http://www.comuni-italiani.it/101/019/,base.state_it_kr,base.it,4
7868,San Mauro Marchesato,88831,0962,101020,I026,http://www.comuni-italiani.it/101/020/,base.state_it_kr,base.it,4
7869,San Nicola dell'Alto,88817,0962,101021,I057,http://www.comuni-italiani.it/101/021/,base.state_it_kr,base.it,4
7870,Santa Severina,88832,0962,101022,I308,http://www.comuni-italiani.it/101/022/,base.state_it_kr,base.it,4
7871,Savelli,88825,0984,101023,I468,http://www.comuni-italiani.it/101/023/,base.state_it_kr,base.it,4
7872,Scandale,88831,0962,101024,I494,http://www.comuni-italiani.it/101/024/,base.state_it_kr,base.it,4
7873,Strongoli,88816,0962,101025,I982,http://www.comuni-italiani.it/101/025/,base.state_it_kr,base.it,4
7874,Umbriatico,88823,0962,101026,L492,http://www.comuni-italiani.it/101/026/,base.state_it_kr,base.it,4
7875,Verzino,88819,0962,101027,L802,http://www.comuni-italiani.it/101/027/,base.state_it_kr,base.it,4
7876,Acquaro,89832,0963,102001,A043,http://www.comuni-italiani.it/102/001/,base.state_it_vv,base.it,4
7877,Arena,89832,0963,102002,A386,http://www.comuni-italiani.it/102/002/,base.state_it_vv,base.it,4
7878,Briatico,89817,0963,102003,B169,http://www.comuni-italiani.it/102/003/,base.state_it_vv,base.it,4
7879,Brognaturo,89822,0963,102004,B197,http://www.comuni-italiani.it/102/004/,base.state_it_vv,base.it,4
7880,Capistrano,89818,0963,102005,B655,http://www.comuni-italiani.it/102/005/,base.state_it_vv,base.it,4
7881,Cessaniti,89816,0963,102006,C581,http://www.comuni-italiani.it/102/006/,base.state_it_vv,base.it,4
7882,Dasà,89832,0963,102007,D253,http://www.comuni-italiani.it/102/007/,base.state_it_vv,base.it,4
7883,Dinami,89833,0966,102008,D303,http://www.comuni-italiani.it/102/008/,base.state_it_vv,base.it,4
7884,Drapia,89862,0963,102009,D364,http://www.comuni-italiani.it/102/009/,base.state_it_vv,base.it,4
7885,Fabrizia,89823,0963,102010,D453,http://www.comuni-italiani.it/102/010/,base.state_it_vv,base.it,4
7886,Filadelfia,89814,0968,102011,D587,http://www.comuni-italiani.it/102/011/,base.state_it_vv,base.it,4
7887,Filandari,89841,0963,102012,D589,http://www.comuni-italiani.it/102/012/,base.state_it_vv,base.it,4
7888,Filogaso,89843,0963,102013,D596,http://www.comuni-italiani.it/102/013/,base.state_it_vv,base.it,4
7889,Francavilla Angitola,89815,0968,102014,D762,http://www.comuni-italiani.it/102/014/,base.state_it_vv,base.it,4
7890,Francica,89851,0963,102015,D767,http://www.comuni-italiani.it/102/015/,base.state_it_vv,base.it,4
7891,Gerocarne,89831,0963,102016,D988,http://www.comuni-italiani.it/102/016/,base.state_it_vv,base.it,4
8103,Ionadi,89851,0963,102017,E321,http://www.comuni-italiani.it/102/017/,base.state_it_vv,base.it,4
7893,Joppolo,89863,0963,102018,E389,http://www.comuni-italiani.it/102/018/,base.state_it_vv,base.it,4
7894,Limbadi,89844,0963,102019,E590,http://www.comuni-italiani.it/102/019/,base.state_it_vv,base.it,4
7895,Maierato,89843,0963,102020,E836,http://www.comuni-italiani.it/102/020/,base.state_it_vv,base.it,4
7896,Mileto,89852,0963,102021,F207,http://www.comuni-italiani.it/102/021/,base.state_it_vv,base.it,4
7897,Mongiana,89823,0963,102022,F364,http://www.comuni-italiani.it/102/022/,base.state_it_vv,base.it,4
7898,Monterosso Calabro,89819,0963,102023,F607,http://www.comuni-italiani.it/102/023/,base.state_it_vv,base.it,4
7899,Nardodipace,89824,0963,102024,F843,http://www.comuni-italiani.it/102/024/,base.state_it_vv,base.it,4
7900,Nicotera,89844,0963,102025,F893,http://www.comuni-italiani.it/102/025/,base.state_it_vv,base.it,4
7901,Parghelia,89861,0963,102026,G335,http://www.comuni-italiani.it/102/026/,base.state_it_vv,base.it,4
7902,Pizzo,89812,0963,102027,G722,http://www.comuni-italiani.it/102/027/,base.state_it_vv,base.it,4
7903,Pizzoni,89834,0963,102028,G728,http://www.comuni-italiani.it/102/028/,base.state_it_vv,base.it,4
7904,Polia,89813,0963,102029,G785,http://www.comuni-italiani.it/102/029/,base.state_it_vv,base.it,4
7905,Ricadi,89866,0963,102030,H271,http://www.comuni-italiani.it/102/030/,base.state_it_vv,base.it,4
7906,Rombiolo,89841,0963,102031,H516,http://www.comuni-italiani.it/102/031/,base.state_it_vv,base.it,4
7907,San Calogero,89842,0963,102032,H785,http://www.comuni-italiani.it/102/032/,base.state_it_vv,base.it,4
7908,San Costantino Calabro,89851,0963,102033,H807,http://www.comuni-italiani.it/102/033/,base.state_it_vv,base.it,4
7909,San Gregorio d'Ippona,89853,0963,102034,H941,http://www.comuni-italiani.it/102/034/,base.state_it_vv,base.it,4
7910,San Nicola da Crissa,89821,0963,102035,I058,http://www.comuni-italiani.it/102/035/,base.state_it_vv,base.it,4
7911,Sant'Onofrio,89843,0963,102036,I350,http://www.comuni-italiani.it/102/036/,base.state_it_vv,base.it,4
7912,Serra San Bruno,89822,0963,102037,I639,http://www.comuni-italiani.it/102/037/,base.state_it_vv,base.it,4
7913,Simbario,89822,0963,102038,I744,http://www.comuni-italiani.it/102/038/,base.state_it_vv,base.it,4
7914,Sorianello,89831,0963,102039,I853,http://www.comuni-italiani.it/102/039/,base.state_it_vv,base.it,4
7915,Soriano Calabro,89831,0963,102040,I854,http://www.comuni-italiani.it/102/040/,base.state_it_vv,base.it,4
7916,Spadola,89822,0963,102041,I884,http://www.comuni-italiani.it/102/041/,base.state_it_vv,base.it,4
7917,Spilinga,89864,0963,102042,I905,http://www.comuni-italiani.it/102/042/,base.state_it_vv,base.it,4
7918,Stefanaconi,89843,0963,102043,I945,http://www.comuni-italiani.it/102/043/,base.state_it_vv,base.it,4
7919,Tropea,89861,0963,102044,L452,http://www.comuni-italiani.it/102/044/,base.state_it_vv,base.it,4
7920,Vallelonga,89821,0963,102045,L607,http://www.comuni-italiani.it/102/045/,base.state_it_vv,base.it,4
7921,Vazzano,89834,0963,102046,L699,http://www.comuni-italiani.it/102/046/,base.state_it_vv,base.it,4
7922,Vibo Valentia,89900,0963,102047,F537,http://www.comuni-italiani.it/102/047/,base.state_it_vv,base.it,4
7923,Zaccanopoli,89867,0963,102048,M138,http://www.comuni-italiani.it/102/048/,base.state_it_vv,base.it,4
7924,Zambrone,89868,0963,102049,M143,http://www.comuni-italiani.it/102/049/,base.state_it_vv,base.it,4
7925,Zungri,89867,0963,102050,M204,http://www.comuni-italiani.it/102/050/,base.state_it_vv,base.it,4
7926,Antrona Schieranco,28841,0324,103001,A317,http://www.comuni-italiani.it/103/001/,base.state_it_vb,base.it,4
7927,Anzola d'Ossola,28877,0323,103002,A325,http://www.comuni-italiani.it/103/002/,base.state_it_vb,base.it,4
7928,Arizzano,28811,0323,103003,A409,http://www.comuni-italiani.it/103/003/,base.state_it_vb,base.it,4
7929,Arola,28899,0323,103004,A427,http://www.comuni-italiani.it/103/004/,base.state_it_vb,base.it,4
7930,Aurano,28812,0323,103005,A497,http://www.comuni-italiani.it/103/005/,base.state_it_vb,base.it,4
7931,Baceno,28861,0324,103006,A534,http://www.comuni-italiani.it/103/006/,base.state_it_vb,base.it,4
7932,Bannio Anzino,28871,0324,103007,A610,http://www.comuni-italiani.it/103/007/,base.state_it_vb,base.it,4
7933,Baveno,28831,0323,103008,A725,http://www.comuni-italiani.it/103/008/,base.state_it_vb,base.it,4
7934,Bee,28813,0323,103009,A733,http://www.comuni-italiani.it/103/009/,base.state_it_vb,base.it,4
7935,Belgirate,28832,0322,103010,A742,http://www.comuni-italiani.it/103/010/,base.state_it_vb,base.it,4
7936,Beura-Cardezza,28851,0324,103011,A834,http://www.comuni-italiani.it/103/011/,base.state_it_vb,base.it,4
7937,Bognanco,28842,0324,103012,A925,http://www.comuni-italiani.it/103/012/,base.state_it_vb,base.it,4
7938,Brovello-Carpugnino,28833,0323,103013,B207,http://www.comuni-italiani.it/103/013/,base.state_it_vb,base.it,4
7939,Calasca-Castiglione,28873,0324,103014,B380,http://www.comuni-italiani.it/103/014/,base.state_it_vb,base.it,4
7940,Cambiasca,28814,0323,103015,B463,http://www.comuni-italiani.it/103/015/,base.state_it_vb,base.it,4
7941,Cannero Riviera,28821,0323,103016,B610,http://www.comuni-italiani.it/103/016/,base.state_it_vb,base.it,4
7942,Cannobio,28822,0323,103017,B615,http://www.comuni-italiani.it/103/017/,base.state_it_vb,base.it,4
7943,Caprezzo,28815,0323,103018,B694,http://www.comuni-italiani.it/103/018/,base.state_it_vb,base.it,4
7944,Casale Corte Cerro,28881,0323,103019,B876,http://www.comuni-italiani.it/103/019/,base.state_it_vb,base.it,4
7945,Cavaglio-Spoccia,28825,0323,103020,C367,http://www.comuni-italiani.it/103/020/,base.state_it_vb,base.it,4
7946,Ceppo Morelli,28875,0324,103021,C478,http://www.comuni-italiani.it/103/021/,base.state_it_vb,base.it,4
7947,Cesara,28891,0323,103022,C567,http://www.comuni-italiani.it/103/022/,base.state_it_vb,base.it,4
7948,Cossogno,28801,0323,103023,D099,http://www.comuni-italiani.it/103/023/,base.state_it_vb,base.it,4
7949,Craveggia,28852,0324,103024,D134,http://www.comuni-italiani.it/103/024/,base.state_it_vb,base.it,4
7950,Crevoladossola,28865,0324,103025,D168,http://www.comuni-italiani.it/103/025/,base.state_it_vb,base.it,4
7951,Crodo,28862,0324,103026,D177,http://www.comuni-italiani.it/103/026/,base.state_it_vb,base.it,4
7952,Cursolo-Orasso,28827,0323,103027,D225,http://www.comuni-italiani.it/103/027/,base.state_it_vb,base.it,4
7953,Domodossola,28845,0324,103028,D332,http://www.comuni-italiani.it/103/028/,base.state_it_vb,base.it,4
7954,Druogno,28853,0324,103029,D374,http://www.comuni-italiani.it/103/029/,base.state_it_vb,base.it,4
7955,Falmenta,28827,0323,103030,D481,http://www.comuni-italiani.it/103/030/,base.state_it_vb,base.it,4
7956,Formazza,28863,0324,103031,D706,http://www.comuni-italiani.it/103/031/,base.state_it_vb,base.it,4
7957,Germagno,28887,0323,103032,D984,http://www.comuni-italiani.it/103/032/,base.state_it_vb,base.it,4
7958,Ghiffa,28823,0323,103033,E003,http://www.comuni-italiani.it/103/033/,base.state_it_vb,base.it,4
7959,Gignese,28836,0323,103034,E028,http://www.comuni-italiani.it/103/034/,base.state_it_vb,base.it,4
7960,Gravellona Toce,28883,0323,103035,E153,http://www.comuni-italiani.it/103/035/,base.state_it_vb,base.it,4
7961,Gurro,28828,0323,103036,E269,http://www.comuni-italiani.it/103/036/,base.state_it_vb,base.it,4
7962,Intragna,28816,0323,103037,E304,http://www.comuni-italiani.it/103/037/,base.state_it_vb,base.it,4
7963,Loreglia,28893,0323,103038,E685,http://www.comuni-italiani.it/103/038/,base.state_it_vb,base.it,4
7964,Macugnaga,28876,0324,103039,E790,http://www.comuni-italiani.it/103/039/,base.state_it_vb,base.it,4
7965,Madonna del Sasso,28894,0322,103040,E795,http://www.comuni-italiani.it/103/040/,base.state_it_vb,base.it,4
7966,Malesco,28854,0324,103041,E853,http://www.comuni-italiani.it/103/041/,base.state_it_vb,base.it,4
7967,Masera,28855,0324,103042,F010,http://www.comuni-italiani.it/103/042/,base.state_it_vb,base.it,4
7968,Massiola,28895,0323,103043,F048,http://www.comuni-italiani.it/103/043/,base.state_it_vb,base.it,4
7969,Mergozzo,28802,0323,103044,F146,http://www.comuni-italiani.it/103/044/,base.state_it_vb,base.it,4
7970,Miazzina,28817,0323,103045,F192,http://www.comuni-italiani.it/103/045/,base.state_it_vb,base.it,4
7971,Montecrestese,28864,0324,103046,F483,http://www.comuni-italiani.it/103/046/,base.state_it_vb,base.it,4
7972,Montescheno,28843,0324,103047,F639,http://www.comuni-italiani.it/103/047/,base.state_it_vb,base.it,4
7973,Nonio,28891,0323,103048,F932,http://www.comuni-italiani.it/103/048/,base.state_it_vb,base.it,4
7974,Oggebbio,28824,0323,103049,G007,http://www.comuni-italiani.it/103/049/,base.state_it_vb,base.it,4
7975,Omegna,28887,0323,103050,G062,http://www.comuni-italiani.it/103/050/,base.state_it_vb,base.it,4
7976,Ornavasso,28877,0323,103051,G117,http://www.comuni-italiani.it/103/051/,base.state_it_vb,base.it,4
7977,Pallanzeno,28884,0324,103052,G280,http://www.comuni-italiani.it/103/052/,base.state_it_vb,base.it,4
7978,Piedimulera,28885,0324,103053,G600,http://www.comuni-italiani.it/103/053/,base.state_it_vb,base.it,4
7979,Pieve Vergonte,28886,0324,103054,G658,http://www.comuni-italiani.it/103/054/,base.state_it_vb,base.it,4
7980,Premeno,28818,0323,103055,H030,http://www.comuni-italiani.it/103/055/,base.state_it_vb,base.it,4
7981,Premia,28866,0324,103056,H033,http://www.comuni-italiani.it/103/056/,base.state_it_vb,base.it,4
7982,Premosello-Chiovenda,28803,0324,103057,H037,http://www.comuni-italiani.it/103/057/,base.state_it_vb,base.it,4
7983,Quarna Sopra,28898,0323,103058,H106,http://www.comuni-italiani.it/103/058/,base.state_it_vb,base.it,4
7984,Quarna Sotto,28896,0323,103059,H107,http://www.comuni-italiani.it/103/059/,base.state_it_vb,base.it,4
7985,Re,28856,0324,103060,H203,http://www.comuni-italiani.it/103/060/,base.state_it_vb,base.it,4
7986,San Bernardino Verbano,28804,0323,103061,H777,http://www.comuni-italiani.it/103/061/,base.state_it_vb,base.it,4
7987,Santa Maria Maggiore,28857,0324,103062,I249,http://www.comuni-italiani.it/103/062/,base.state_it_vb,base.it,4
7988,Seppiana,28843,0324,103063,I619,http://www.comuni-italiani.it/103/063/,base.state_it_vb,base.it,4
7989,Stresa,28838,0323,103064,I976,http://www.comuni-italiani.it/103/064/,base.state_it_vb,base.it,4
7990,Toceno,28858,0324,103065,L187,http://www.comuni-italiani.it/103/065/,base.state_it_vb,base.it,4
7991,Trarego Viggiona,28826,0323,103066,L333,http://www.comuni-italiani.it/103/066/,base.state_it_vb,base.it,4
7992,Trasquera,28868,0324,103067,L336,http://www.comuni-italiani.it/103/067/,base.state_it_vb,base.it,4
7993,Trontano,28859,0324,103068,L450,http://www.comuni-italiani.it/103/068/,base.state_it_vb,base.it,4
7994,Valstrona,28897,0323,103069,L651,http://www.comuni-italiani.it/103/069/,base.state_it_vb,base.it,4
7995,Vanzone con San Carlo,28879,0324,103070,L666,http://www.comuni-italiani.it/103/070/,base.state_it_vb,base.it,4
7996,Varzo,28868,0324,103071,L691,http://www.comuni-italiani.it/103/071/,base.state_it_vb,base.it,4
7997,Verbania,2892%,0323,103072,L746,http://www.comuni-italiani.it/103/072/,base.state_it_vb,base.it,4
7998,Viganella,28841,0324,103073,L864,http://www.comuni-italiani.it/103/073/,base.state_it_vb,base.it,4
7999,Vignone,28819,0323,103074,L889,http://www.comuni-italiani.it/103/074/,base.state_it_vb,base.it,4
8000,Villadossola,28844,0324,103075,L906,http://www.comuni-italiani.it/103/075/,base.state_it_vb,base.it,4
8001,Villette,28856,0324,103076,M042,http://www.comuni-italiani.it/103/076/,base.state_it_vb,base.it,4
8002,Vogogna,28805,0324,103077,M111,http://www.comuni-italiani.it/103/077/,base.state_it_vb,base.it,4
8003,Aggius,07020,079,104001,A069,http://www.comuni-italiani.it/104/001/,base.state_it_ot,base.it,4
8004,Aglientu,07020,079,104002,H848,http://www.comuni-italiani.it/104/002/,base.state_it_ot,base.it,4
8005,Alà dei Sardi,07020,079,104003,A115,http://www.comuni-italiani.it/104/003/,base.state_it_ot,base.it,4
8006,Arzachena,07021,0789,104004,A453,http://www.comuni-italiani.it/104/004/,base.state_it_ot,base.it,4
8007,Badesi,07030,079,104005,M214,http://www.comuni-italiani.it/104/005/,base.state_it_ot,base.it,4
8008,Berchidda,07022,079,104006,A789,http://www.comuni-italiani.it/104/006/,base.state_it_ot,base.it,4
8009,Bortigiadas,07030,079,104007,B063,http://www.comuni-italiani.it/104/007/,base.state_it_ot,base.it,4
8010,Buddusò,07020,079,104008,B246,http://www.comuni-italiani.it/104/008/,base.state_it_ot,base.it,4
8011,Budoni,08020,0784,104009,B248,http://www.comuni-italiani.it/104/009/,base.state_it_ot,base.it,4
8012,Calangianus,07023,079,104010,B378,http://www.comuni-italiani.it/104/010/,base.state_it_ot,base.it,4
8013,Golfo Aranci,07020,0789,104011,M274,http://www.comuni-italiani.it/104/011/,base.state_it_ot,base.it,4
8014,La Maddalena,07024,0789,104012,E425,http://www.comuni-italiani.it/104/012/,base.state_it_ot,base.it,4
8135,Loiri Porto San Paolo,07020,0789,104013,M275,http://www.comuni-italiani.it/104/013/,base.state_it_ot,base.it,4
8016,Luogosanto,07020,079,104014,E747,http://www.comuni-italiani.it/104/014/,base.state_it_ot,base.it,4
8017,Luras,07025,079,104015,E752,http://www.comuni-italiani.it/104/015/,base.state_it_ot,base.it,4
8018,Monti,07020,0789,104016,F667,http://www.comuni-italiani.it/104/016/,base.state_it_ot,base.it,4
8019,Olbia,07026,0789,104017,G015,http://www.comuni-italiani.it/104/017/,base.state_it_ot,base.it,4
8020,Oschiri,07027,079,104018,G153,http://www.comuni-italiani.it/104/018/,base.state_it_ot,base.it,4
8021,Padru,07020,0789,104019,M301,http://www.comuni-italiani.it/104/019/,base.state_it_ot,base.it,4
8022,Palau,07020,0789,104020,G258,http://www.comuni-italiani.it/104/020/,base.state_it_ot,base.it,4
8023,Sant'Antonio di Gallura,07030,079,104021,M276,http://www.comuni-italiani.it/104/021/,base.state_it_ot,base.it,4
8024,Santa Teresa Gallura,07028,0789,104022,I312,http://www.comuni-italiani.it/104/022/,base.state_it_ot,base.it,4
8025,San Teodoro,08020,0784,104023,I329,http://www.comuni-italiani.it/104/023/,base.state_it_ot,base.it,4
8026,Telti,07020,0789,104024,L088,http://www.comuni-italiani.it/104/024/,base.state_it_ot,base.it,4
8027,Tempio Pausania,07029,079,104025,L093,http://www.comuni-italiani.it/104/025/,base.state_it_ot,base.it,4
8028,Trinità d'Agultu e Vignola,07038,079,104026,L428,http://www.comuni-italiani.it/104/026/,base.state_it_ot,base.it,4
8029,Arzana,08040,0782,105001,A454,http://www.comuni-italiani.it/105/001/,base.state_it_og,base.it,4
8030,Bari Sardo,08042,0782,105002,A663,http://www.comuni-italiani.it/105/002/,base.state_it_og,base.it,4
8031,Baunei,08040,0782,105003,A722,http://www.comuni-italiani.it/105/003/,base.state_it_og,base.it,4
8032,Cardedu,08040,0782,105004,M285,http://www.comuni-italiani.it/105/004/,base.state_it_og,base.it,4
8033,Elini,08040,0782,105005,D395,http://www.comuni-italiani.it/105/005/,base.state_it_og,base.it,4
8034,Gairo,08040,0782,105006,D859,http://www.comuni-italiani.it/105/006/,base.state_it_og,base.it,4
8035,Girasole,08040,0782,105007,E049,http://www.comuni-italiani.it/105/007/,base.state_it_og,base.it,4
8036,Ilbono,08040,0782,105008,E283,http://www.comuni-italiani.it/105/008/,base.state_it_og,base.it,4
8037,Jerzu,08044,0782,105009,E387,http://www.comuni-italiani.it/105/009/,base.state_it_og,base.it,4
8038,Lanusei,08045,0782,105010,E441,http://www.comuni-italiani.it/105/010/,base.state_it_og,base.it,4
8039,Loceri,08040,0782,105011,E644,http://www.comuni-italiani.it/105/011/,base.state_it_og,base.it,4
8040,Lotzorai,08040,0782,105012,E700,http://www.comuni-italiani.it/105/012/,base.state_it_og,base.it,4
8041,Osini,08040,0782,105013,G158,http://www.comuni-italiani.it/105/013/,base.state_it_og,base.it,4
8042,Perdasdefogu,08046,0782,105014,G445,http://www.comuni-italiani.it/105/014/,base.state_it_og,base.it,4
8043,Seui,08037,0782,105015,I706,http://www.comuni-italiani.it/105/015/,base.state_it_og,base.it,4
8044,Talana,08040,0782,105016,L036,http://www.comuni-italiani.it/105/016/,base.state_it_og,base.it,4
8045,Tertenia,08047,0782,105017,L140,http://www.comuni-italiani.it/105/017/,base.state_it_og,base.it,4
8046,Tortolì,08048,0782,105018,A355,http://www.comuni-italiani.it/105/018/,base.state_it_og,base.it,4
8047,Triei,08040,0782,105019,L423,http://www.comuni-italiani.it/105/019/,base.state_it_og,base.it,4
8048,Ulassai,08040,0782,105020,L489,http://www.comuni-italiani.it/105/020/,base.state_it_og,base.it,4
8049,Urzulei,08040,0782,105021,L506,http://www.comuni-italiani.it/105/021/,base.state_it_og,base.it,4
8050,Ussassai,08040,0782,105022,L514,http://www.comuni-italiani.it/105/022/,base.state_it_og,base.it,4
8051,Villagrande Strisaili,08049,0782,105023,L953,http://www.comuni-italiani.it/105/023/,base.state_it_og,base.it,4
8052,Arbus,09031,070,106001,A359,http://www.comuni-italiani.it/106/001/,base.state_it_vs,base.it,4
8053,Barumini,09021,070,106002,A681,http://www.comuni-italiani.it/106/002/,base.state_it_vs,base.it,4
8054,Collinas,09020,070,106003,C882,http://www.comuni-italiani.it/106/003/,base.state_it_vs,base.it,4
8055,Furtei,09040,070,106004,D827,http://www.comuni-italiani.it/106/004/,base.state_it_vs,base.it,4
8056,Genuri,09020,070,106005,D970,http://www.comuni-italiani.it/106/005/,base.state_it_vs,base.it,4
8057,Gesturi,09020,070,106006,D997,http://www.comuni-italiani.it/106/006/,base.state_it_vs,base.it,4
8058,Gonnosfanadiga,09035,070,106007,E085,http://www.comuni-italiani.it/106/007/,base.state_it_vs,base.it,4
8059,Guspini,09036,070,106008,E270,http://www.comuni-italiani.it/106/008/,base.state_it_vs,base.it,4
8060,Las Plassas,09020,070,106009,E464,http://www.comuni-italiani.it/106/009/,base.state_it_vs,base.it,4
8061,Lunamatrona,09022,070,106010,E742,http://www.comuni-italiani.it/106/010/,base.state_it_vs,base.it,4
8062,Pabillonis,09030,070,106011,G207,http://www.comuni-italiani.it/106/011/,base.state_it_vs,base.it,4
8063,Pauli Arbarei,09020,070,106012,G382,http://www.comuni-italiani.it/106/012/,base.state_it_vs,base.it,4
8064,Samassi,09030,070,106013,H738,http://www.comuni-italiani.it/106/013/,base.state_it_vs,base.it,4
8065,San Gavino Monreale,09037,070,106014,H856,http://www.comuni-italiani.it/106/014/,base.state_it_vs,base.it,4
8066,Sanluri,09025,070,106015,H974,http://www.comuni-italiani.it/106/015/,base.state_it_vs,base.it,4
8067,Sardara,09030,070,106016,I428,http://www.comuni-italiani.it/106/016/,base.state_it_vs,base.it,4
8068,Segariu,09040,070,106017,I570,http://www.comuni-italiani.it/106/017/,base.state_it_vs,base.it,4
8069,Serramanna,09038,070,106018,I647,http://www.comuni-italiani.it/106/018/,base.state_it_vs,base.it,4
8070,Serrenti,09027,070,106019,I667,http://www.comuni-italiani.it/106/019/,base.state_it_vs,base.it,4
8071,Setzu,09029,070,106020,I705,http://www.comuni-italiani.it/106/020/,base.state_it_vs,base.it,4
8072,Siddi,09020,070,106021,I724,http://www.comuni-italiani.it/106/021/,base.state_it_vs,base.it,4
8073,Tuili,09029,070,106022,L463,http://www.comuni-italiani.it/106/022/,base.state_it_vs,base.it,4
8074,Turri,09020,0783,106023,L473,http://www.comuni-italiani.it/106/023/,base.state_it_vs,base.it,4
8075,Ussaramanna,09020,0783,106024,L513,http://www.comuni-italiani.it/106/024/,base.state_it_vs,base.it,4
8076,Villacidro,09039,070,106025,L924,http://www.comuni-italiani.it/106/025/,base.state_it_vs,base.it,4
8077,Villamar,09020,070,106026,L966,http://www.comuni-italiani.it/106/026/,base.state_it_vs,base.it,4
8078,Villanovaforru,09020,070,106027,L986,http://www.comuni-italiani.it/106/027/,base.state_it_vs,base.it,4
8079,Villanovafranca,09020,070,106028,L987,http://www.comuni-italiani.it/106/028/,base.state_it_vs,base.it,4
8080,Buggerru,09010,0781,107001,B250,http://www.comuni-italiani.it/107/001/,base.state_it_ci,base.it,4
8081,Calasetta,09011,0781,107002,B383,http://www.comuni-italiani.it/107/002/,base.state_it_ci,base.it,4
8082,Carbonia,09013,0781,107003,B745,http://www.comuni-italiani.it/107/003/,base.state_it_ci,base.it,4
8083,Carloforte,09014,0781,107004,B789,http://www.comuni-italiani.it/107/004/,base.state_it_ci,base.it,4
8084,Domusnovas,09015,0781,107005,D334,http://www.comuni-italiani.it/107/005/,base.state_it_ci,base.it,4
8085,Fluminimaggiore,09010,0781,107006,D639,http://www.comuni-italiani.it/107/006/,base.state_it_ci,base.it,4
8086,Giba,09010,0781,107007,E022,http://www.comuni-italiani.it/107/007/,base.state_it_ci,base.it,4
8087,Gonnesa,09010,0781,107008,E086,http://www.comuni-italiani.it/107/008/,base.state_it_ci,base.it,4
8088,Iglesias,09016,0781,107009,E281,http://www.comuni-italiani.it/107/009/,base.state_it_ci,base.it,4
8089,Masainas,09010,0781,107010,M270,http://www.comuni-italiani.it/107/010/,base.state_it_ci,base.it,4
8090,Musei,09010,0781,107011,F822,http://www.comuni-italiani.it/107/011/,base.state_it_ci,base.it,4
8091,Narcao,09010,0781,107012,F841,http://www.comuni-italiani.it/107/012/,base.state_it_ci,base.it,4
8092,Nuxis,09010,0781,107013,F991,http://www.comuni-italiani.it/107/013/,base.state_it_ci,base.it,4
8093,Perdaxius,09010,0781,107014,G446,http://www.comuni-italiani.it/107/014/,base.state_it_ci,base.it,4
8094,Piscinas,09010,0781,107015,M291,http://www.comuni-italiani.it/107/015/,base.state_it_ci,base.it,4
8095,Portoscuso,09010,0781,107016,G922,http://www.comuni-italiani.it/107/016/,base.state_it_ci,base.it,4
8096,San Giovanni Suergiu,09010,0781,107017,G287,http://www.comuni-italiani.it/107/017/,base.state_it_ci,base.it,4
8097,Santadi,09010,0781,107018,I182,http://www.comuni-italiani.it/107/018/,base.state_it_ci,base.it,4
8098,Sant'Anna Arresi,09010,0781,107019,M209,http://www.comuni-italiani.it/107/019/,base.state_it_ci,base.it,4
8136,Sant'Antioco,09017,0781,107020,I294,http://www.comuni-italiani.it/107/020/,base.state_it_ci,base.it,4
8100,Tratalias,09010,0781,107021,L337,http://www.comuni-italiani.it/107/021/,base.state_it_ci,base.it,4
8101,Villamassargia,09010,0781,107022,L968,http://www.comuni-italiani.it/107/022/,base.state_it_ci,base.it,4
8102,Villaperuccio,09010,0781,107023,M278,http://www.comuni-italiani.it/107/023/,base.state_it_ci,base.it,4
1740,Agrate Brianza,20864,039,108001,A087,http://www.comuni-italiani.it/108/001/,base.state_it_mb,base.it,4
1741,Aicurzio,20886,039,108002,A096,http://www.comuni-italiani.it/108/002/,base.state_it_mb,base.it,4
1743,Albiate,20847,0362,108003,A159,http://www.comuni-italiani.it/108/003/,base.state_it_mb,base.it,4
1745,Arcore,20862,039,108004,A376,http://www.comuni-italiani.it/108/004/,base.state_it_mb,base.it,4
1750,Barlassina,20825,0362,108005,A668,http://www.comuni-italiani.it/108/005/,base.state_it_mb,base.it,4
1754,Bellusco,20882,039,108006,A759,http://www.comuni-italiani.it/108/006/,base.state_it_mb,base.it,4
1755,Bernareggio,20881,039,108007,A802,http://www.comuni-italiani.it/108/007/,base.state_it_mb,base.it,4
1757,Besana in Brianza,20842,0362,108008,A818,http://www.comuni-italiani.it/108/008/,base.state_it_mb,base.it,4
1759,Biassono,20853,039,108009,A849,http://www.comuni-italiani.it/108/009/,base.state_it_mb,base.it,4
1763,Bovisio-Masciago,20813,0362,108010,B105,http://www.comuni-italiani.it/108/010/,base.state_it_mb,base.it,4
1765,Briosco,20836,0362,108011,B187,http://www.comuni-italiani.it/108/011/,base.state_it_mb,base.it,4
1766,Brugherio,20861,039,108012,B212,http://www.comuni-italiani.it/108/012/,base.state_it_mb,base.it,4
1769,Burago di Molgora,20875,039,108013,B272,http://www.comuni-italiani.it/108/013/,base.state_it_mb,base.it,4
1776,Camparada,20857,039,108014,B501,http://www.comuni-italiani.it/108/014/,base.state_it_mb,base.it,4
1779,Carate Brianza,20841,0362,108015,B729,http://www.comuni-italiani.it/108/015/,base.state_it_mb,base.it,4
1780,Carnate,20866,039,108016,B798,http://www.comuni-italiani.it/108/016/,base.state_it_mb,base.it,4
1789,Cavenago di Brianza,20873,02,108017,C395,http://www.comuni-italiani.it/108/017/,base.state_it_mb,base.it,4
1790,Ceriano Laghetto,20816,02,108018,C512,http://www.comuni-italiani.it/108/018/,base.state_it_mb,base.it,4
1795,Cesano Maderno,20811,0362,108019,C566,http://www.comuni-italiani.it/108/019/,base.state_it_mb,base.it,4
1799,Cogliate,20815,02,108020,C820,http://www.comuni-italiani.it/108/020/,base.state_it_mb,base.it,4
1802,Concorezzo,20863,039,108021,C952,http://www.comuni-italiani.it/108/021/,base.state_it_mb,base.it,4
1807,Correzzana,20856,039,108022,D038,http://www.comuni-italiani.it/108/022/,base.state_it_mb,base.it,4
1813,Desio,20832,0362,108023,D286,http://www.comuni-italiani.it/108/023/,base.state_it_mb,base.it,4
1818,Giussano,20833,0362,108024,E063,http://www.comuni-italiani.it/108/024/,base.state_it_mb,base.it,4
1826,Lazzate,20824,02,108025,E504,http://www.comuni-italiani.it/108/025/,base.state_it_mb,base.it,4
1829,Lesmo,20855,039,108026,E550,http://www.comuni-italiani.it/108/026/,base.state_it_mb,base.it,4
1830,Limbiate,20812,02,108027,E591,http://www.comuni-italiani.it/108/027/,base.state_it_mb,base.it,4
1832,Lissone,20851,039,108028,E617,http://www.comuni-italiani.it/108/028/,base.state_it_mb,base.it,4
1834,Macherio,20846,039,108029,E786,http://www.comuni-italiani.it/108/029/,base.state_it_mb,base.it,4
1839,Meda,20821,0362,108030,F078,http://www.comuni-italiani.it/108/030/,base.state_it_mb,base.it,4
1844,Mezzago,20883,039,108031,F165,http://www.comuni-italiani.it/108/031/,base.state_it_mb,base.it,4
1846,Misinto,20826,02,108032,F247,http://www.comuni-italiani.it/108/032/,base.state_it_mb,base.it,4
1847,Monza,20900,039,108033,F704,http://www.comuni-italiani.it/108/033/,base.state_it_mb,base.it,4
1850,Muggiò,20835,039,108034,F797,http://www.comuni-italiani.it/108/034/,base.state_it_mb,base.it,4
1853,Nova Milanese,20834,0362,108035,F944,http://www.comuni-italiani.it/108/035/,base.state_it_mb,base.it,4
1857,Ornago,20876,039,108036,G116,http://www.comuni-italiani.it/108/036/,base.state_it_mb,base.it,4
1873,Renate,20838,0362,108037,H233,http://www.comuni-italiani.it/108/037/,base.state_it_mb,base.it,4
1880,Ronco Briantino,20885,039,108038,H537,http://www.comuni-italiani.it/108/038/,base.state_it_mb,base.it,4
1893,Seregno,20831,0362,108039,I625,http://www.comuni-italiani.it/108/039/,base.state_it_mb,base.it,4
1897,Seveso,20822,0362,108040,I709,http://www.comuni-italiani.it/108/040/,base.state_it_mb,base.it,4
1899,Sovico,20845,039,108041,I878,http://www.comuni-italiani.it/108/041/,base.state_it_mb,base.it,4
1900,Sulbiate,20884,039,108042,I998,http://www.comuni-italiani.it/108/042/,base.state_it_mb,base.it,4
1905,Triuggio,20844,0362,108043,L434,http://www.comuni-italiani.it/108/043/,base.state_it_mb,base.it,4
1908,Usmate Velate,20865,039,108044,L511,http://www.comuni-italiani.it/108/044/,base.state_it_mb,base.it,4
1911,Varedo,20814,0362,108045,L677,http://www.comuni-italiani.it/108/045/,base.state_it_mb,base.it,4
1912,Vedano al Lambro,20854,039,108046,L704,http://www.comuni-italiani.it/108/046/,base.state_it_mb,base.it,4
1913,Veduggio con Colzano,20837,0362,108047,L709,http://www.comuni-italiani.it/108/047/,base.state_it_mb,base.it,4
1914,Verano Brianza,20843,0362,108048,L744,http://www.comuni-italiani.it/108/048/,base.state_it_mb,base.it,4
1918,Villasanta,20852,039,108049,M017,http://www.comuni-italiani.it/108/049/,base.state_it_mb,base.it,4
1919,Vimercate,20871,039,108050,M052,http://www.comuni-italiani.it/108/050/,base.state_it_mb,base.it,4
1771,Busnago,20874,039,108051,B289,http://www.comuni-italiani.it/108/051/,base.state_it_mb,base.it,4
1778,Caponago,20867,02,108052,B671,http://www.comuni-italiani.it/108/052/,base.state_it_mb,base.it,4
1806,Cornate d'Adda,20872,039,108053,D019,http://www.comuni-italiani.it/108/053/,base.state_it_mb,base.it,4
1828,Lentate sul Seveso,20823,0362,108054,E530,http://www.comuni-italiani.it/108/054/,base.state_it_mb,base.it,4
1879,Roncello,20877,039,108055,H529,http://www.comuni-italiani.it/108/055/,base.state_it_mb,base.it,4
4337,Altidona,63824,0734,109001,A233,http://www.comuni-italiani.it/109/001/,base.state_it_fm,base.it,4
4338,Amandola,63857,0736,109002,A252,http://www.comuni-italiani.it/109/002/,base.state_it_fm,base.it,4
4342,Belmonte Piceno,63838,0734,109003,A760,http://www.comuni-italiani.it/109/003/,base.state_it_fm,base.it,4
4343,Campofilone,63828,0734,109004,B534,http://www.comuni-italiani.it/109/004/,base.state_it_fm,base.it,4
4352,Falerone,63837,0734,109005,D477,http://www.comuni-italiani.it/109/005/,base.state_it_fm,base.it,4
4353,Fermo,63900,0734,109006,D542,http://www.comuni-italiani.it/109/006/,base.state_it_fm,base.it,4
4356,Francavilla d'Ete,63816,0734,109007,D760,http://www.comuni-italiani.it/109/007/,base.state_it_fm,base.it,4
4358,Grottazzolina,63844,0734,109008,E208,http://www.comuni-italiani.it/109/008/,base.state_it_fm,base.it,4
4359,Lapedona,63823,0734,109009,E447,http://www.comuni-italiani.it/109/009/,base.state_it_fm,base.it,4
4360,Magliano di Tenna,63832,0734,109010,E807,http://www.comuni-italiani.it/109/010/,base.state_it_fm,base.it,4
4362,Massa Fermana,63834,0734,109011,F021,http://www.comuni-italiani.it/109/011/,base.state_it_fm,base.it,4
4364,Monsampietro Morico,63842,0734,109012,F379,http://www.comuni-italiani.it/109/012/,base.state_it_fm,base.it,4
4367,Montappone,63835,0734,109013,F428,http://www.comuni-italiani.it/109/013/,base.state_it_fm,base.it,4
4369,Montefalcone Appennino,63855,0734,109014,F493,http://www.comuni-italiani.it/109/014/,base.state_it_fm,base.it,4
4371,Montefortino,63858,0736,109015,F509,http://www.comuni-italiani.it/109/015/,base.state_it_fm,base.it,4
4373,Monte Giberto,63846,0734,109016,F517,http://www.comuni-italiani.it/109/016/,base.state_it_fm,base.it,4
4374,Montegiorgio,63833,0734,109017,F520,http://www.comuni-italiani.it/109/017/,base.state_it_fm,base.it,4
4375,Montegranaro,63812,0734,109018,F522,http://www.comuni-italiani.it/109/018/,base.state_it_fm,base.it,4
4376,Monteleone di Fermo,63841,0734,109019,F536,http://www.comuni-italiani.it/109/019/,base.state_it_fm,base.it,4
4377,Montelparo,63853,0734,109020,F549,http://www.comuni-italiani.it/109/020/,base.state_it_fm,base.it,4
4380,Monte Rinaldo,63852,0734,109021,F599,http://www.comuni-italiani.it/109/021/,base.state_it_fm,base.it,4
4381,Monterubbiano,63825,0734,109022,F614,http://www.comuni-italiani.it/109/022/,base.state_it_fm,base.it,4
4382,Monte San Pietrangeli,63815,0734,109023,F626,http://www.comuni-italiani.it/109/023/,base.state_it_fm,base.it,4
4383,Monte Urano,63813,0734,109024,F653,http://www.comuni-italiani.it/109/024/,base.state_it_fm,base.it,4
4384,Monte Vidon Combatte,63847,0734,109025,F664,http://www.comuni-italiani.it/109/025/,base.state_it_fm,base.it,4
4385,Monte Vidon Corrado,63836,0734,109026,F665,http://www.comuni-italiani.it/109/026/,base.state_it_fm,base.it,4
4386,Montottone,63843,0734,109027,F697,http://www.comuni-italiani.it/109/027/,base.state_it_fm,base.it,4
4387,Moresco,63826,0734,109028,F722,http://www.comuni-italiani.it/109/028/,base.state_it_fm,base.it,4
4389,Ortezzano,63851,0734,109029,G137,http://www.comuni-italiani.it/109/029/,base.state_it_fm,base.it,4
4391,Pedaso,63827,0734,109030,G403,http://www.comuni-italiani.it/109/030/,base.state_it_fm,base.it,4
4392,Petritoli,63848,0734,109031,G516,http://www.comuni-italiani.it/109/031/,base.state_it_fm,base.it,4
4393,Ponzano di Fermo,63845,0734,109032,G873,http://www.comuni-italiani.it/109/032/,base.state_it_fm,base.it,4
4394,Porto San Giorgio,63822,0734,109033,G920,http://www.comuni-italiani.it/109/033/,base.state_it_fm,base.it,4
4395,Porto Sant'Elpidio,63821,0734,109034,G921,http://www.comuni-italiani.it/109/034/,base.state_it_fm,base.it,4
4396,Rapagnano,63831,0734,109035,H182,http://www.comuni-italiani.it/109/035/,base.state_it_fm,base.it,4
4401,Santa Vittoria in Matenano,63854,0734,109036,I315,http://www.comuni-italiani.it/109/036/,base.state_it_fm,base.it,4
4402,Sant'Elpidio a Mare,63811,0734,109037,I324,http://www.comuni-italiani.it/109/037/,base.state_it_fm,base.it,4
4403,Servigliano,63839,0734,109038,C070,http://www.comuni-italiani.it/109/038/,base.state_it_fm,base.it,4
4404,Smerillo,63856,0734,109039,I774,http://www.comuni-italiani.it/109/039/,base.state_it_fm,base.it,4
4406,Torre San Patrizio,63814,0734,109040,L279,http://www.comuni-italiani.it/109/040/,base.state_it_fm,base.it,4
6166,Andria,76123,0883,110001,A285,http://www.comuni-italiani.it/110/001/,base.state_it_bt,base.it,4
6168,Barletta,76121,0883,110002,A669,http://www.comuni-italiani.it/110/002/,base.state_it_bt,base.it,4
6170,Bisceglie,76011,080,110003,A883,http://www.comuni-italiani.it/110/003/,base.state_it_bt,base.it,4
6174,Canosa di Puglia,76012,0883,110004,B619,http://www.comuni-italiani.it/110/004/,base.state_it_bt,base.it,4
6127,Margherita di Savoia,76016,0883,110005,E946,http://www.comuni-italiani.it/110/005/,base.state_it_bt,base.it,4
6187,Minervino Murge,76013,0883,110006,F220,http://www.comuni-italiani.it/110/006/,base.state_it_bt,base.it,4
6142,San Ferdinando di Puglia,76017,0883,110007,H839,http://www.comuni-italiani.it/110/007/,base.state_it_bt,base.it,4
6203,Spinazzola,76014,0883,110008,I907,http://www.comuni-italiani.it/110/008/,base.state_it_bt,base.it,4
6206,Trani,76125,0883,110009,L328,http://www.comuni-italiani.it/110/009/,base.state_it_bt,base.it,4
6154,Trinitapoli,76015,0883,110010,B915,http://www.comuni-italiani.it/110/010/,base.state_it_bt,base.it,4
